label,x_0,y_0,z_0,x_1,y_1,z_1,x_2,y_2,z_2,x_3,y_3,z_3,x_4,y_4,z_4,x_5,y_5,z_5,x_6,y_6,z_6,x_7,y_7,z_7,x_8,y_8,z_8,x_9,y_9,z_9,x_10,y_10,z_10,x_11,y_11,z_11,x_12,y_12,z_12,x_13,y_13,z_13,x_14,y_14,z_14,x_15,y_15,z_15,x_16,y_16,z_16,x_17,y_17,z_17,x_18,y_18,z_18,x_19,y_19,z_19,x_20,y_20,z_20
A,0.0,0.0,0.0,-0.2839545698141825,-0.2124280440213555,-0.1533638748011407,-0.4889447731664185,-0.6435623769422358,-0.22204584266381072,-0.5749519929811922,-1.066843709742591,-0.2809829328928009,-0.5454383474418588,-1.385962417961196,-0.29867703595918993,-0.3487940932125302,-0.9792419249240326,-0.1016005076713065,-0.385121088771065,-1.262577318902339,-0.26184449891273076,-0.3561754035868409,-0.9123791484529333,-0.28715282803925335,-0.32846734532699967,-0.7095258627192077,-0.27246210826923234,-0.14886600865270455,-0.984865481345228,-0.08876314056208827,-0.19119125502238551,-1.285021537018636,-0.27543435762652557,-0.19345802321123665,-0.8452677836341491,-0.26686488433578975,-0.1805894089211672,-0.7012377725946196,-0.21398959620289504,0.06153805754853002,-0.9599177442327611,-0.10773751740587496,0.021125177904091044,-1.2134689203205125,-0.29795467421660354,-0.017675622008470757,-0.80658922444455,-0.21924525274072726,-0.0203934246435102,-0.6737558355140136,-0.11500939847686649,0.26331159049316155,-0.89392768438558,-0.14085447852490585,0.2513940863341277,-1.1422852000333852,-0.24669823012436654,0.18764313348453446,-0.8809828508305012,-0.19142956949653844,0.15945915778549075,-0.7627639926027837,-0.12196318339778195
A,0.0,0.0,0.0,-0.2798933259226971,-0.22928358395949516,-0.12857486125625064,-0.4750138956464627,-0.6526095755335098,-0.18798380099559808,-0.551379054007643,-1.061195674973605,-0.24431147448805074,-0.5288557755119849,-1.3766918347555968,-0.26381792165921086,-0.34561471576343383,-0.9844989189434514,-0.05964274454805615,-0.3853568842638895,-1.2632983483066043,-0.21967778349081593,-0.36761100759536974,-0.9318366531652179,-0.258865063098056,-0.3409117590220353,-0.724097171723489,-0.25297028045719694,-0.14700767366461573,-0.987486350917252,-0.057091598645050104,-0.19546273530711805,-1.2652961538094045,-0.23521656591884574,-0.2042615808194509,-0.847646306469865,-0.233912191731244,-0.1849988561736669,-0.6947956329448496,-0.18760072877700176,0.0644633383444982,-0.9585389546915952,-0.08656165529447986,0.012007734003018395,-1.2000219041681897,-0.2661237525108544,-0.029538260060739098,-0.8091884918303256,-0.1936925002774256,-0.022505430462483794,-0.6636711289357545,-0.09573176484885587,0.2703559006165114,-0.8878481792458269,-0.1289921177423327,0.23458374528460366,-1.126979532930451,-0.22704315012821136,0.16390529907227808,-0.8717883546059135,-0.17298266121162295,0.1436325166543601,-0.7467848399983829,-0.10531079397908127
A,0.0,0.0,0.0,-0.25016115680099404,-0.3037260549412962,-0.04597806128083796,-0.36691552319693,-0.7304114432741124,-0.07080214247220291,-0.39014479578063327,-1.0690011880260166,-0.11257445398781447,-0.35986497328292083,-1.3459247006315551,-0.13110981479361666,-0.1801222795077851,-1.0307617254833312,0.04993541451344238,-0.2830728847626052,-1.284079294857683,-0.1038143953238254,-0.3344976939505378,-0.9738366711386252,-0.17565003871538967,-0.31677626656707586,-0.7828263403165417,-0.19472629097093483,-0.03711382322798309,-0.9991409638093919,0.018436338124511883,-0.17159773760177124,-1.2320302410035504,-0.13742833997293286,-0.23355828923968905,-0.8603291890663683,-0.1495036898586974,-0.18294283262597913,-0.7064906708450288,-0.11435566212047511,0.12276443912615542,-0.92554484973254,-0.042709447209589795,-0.03155475581697288,-1.1340874397328677,-0.19431394957149045,-0.09975733767615311,-0.7733249325494613,-0.14054735096251264,-0.04380810809066862,-0.6206340208917515,-0.06026443494248544,0.28351785169111404,-0.8079731142781758,-0.11151609587983866,0.11952494662557497,-1.0165354852135564,-0.19649822028340283,0.046438556011984516,-0.7830823472602019,-0.15400763959122402,0.09249648518947481,-0.6478206256980914,-0.0938659839727521
A,0.0,0.0,0.0,-0.31595911757791373,-0.07690273238620002,-0.09107869597800732,-0.6137070219853262,-0.466011037294178,-0.11645705973761031,-0.7682345852737532,-0.8561169116808186,-0.14814346009866686,-0.8126808629721926,-1.174390820872609,-0.14992765995144644,-0.5534348362073708,-0.8614528956307722,0.03753642646805592,-0.6440706062896792,-1.1119286662607213,-0.12881948381022737,-0.548235828168066,-0.7922439811463144,-0.2080168554509913,-0.4689432332668666,-0.5793805043104074,-0.22847180872903686,-0.36815934585606036,-0.9294263684220487,0.025006433984875252,-0.46595736096689966,-1.1981690540715613,-0.14141508816604295,-0.37288083713476666,-0.7830743174346421,-0.16170993027681202,-0.305531731433435,-0.6001948927587948,-0.12556458107392246,-0.15788106779220565,-0.9616774858389475,-0.022630171074709545,-0.24269371593548758,-1.1908229929411247,-0.1924936362830847,-0.19224784271258316,-0.7846366277057305,-0.13202222144839756,-0.14715162571167492,-0.6071850950307898,-0.03748737731708336,0.0735555576379966,-0.9562847872790394,-0.08074348689909341,-0.010197742612207938,-1.1816210474760183,-0.1768241206394446,-0.007832945929286614,-0.8999713572329702,-0.12259513448967337,0.014487038180234718,-0.7544962305829616,-0.04995663975161653
A,0.0,0.0,0.0,-0.32957709910358807,0.0026168993868033964,-0.15170045899544884,-0.6827132976697777,-0.33440514780239555,-0.20487013671924975,-0.8924257357322974,-0.7360166257232468,-0.2475405766073847,-0.9714842249081883,-1.0560020193733615,-0.24948991474064625,-0.647250040634179,-0.7711074063455586,-0.06756583785321647,-0.7335395565415037,-1.081814028613833,-0.22187710328199478,-0.5999413601001556,-0.7559953714381669,-0.2575783276174385,-0.5277154219846307,-0.535861945896787,-0.25033133761114956,-0.45469657386237633,-0.8891832376245883,-0.051031320238373354,-0.5584430421910476,-1.1934153037939108,-0.22146938305618485,-0.4175874156269442,-0.7645325577729387,-0.22251076783481574,-0.36732936851335357,-0.5939973639844698,-0.17509012547113847,-0.2450716980669946,-0.9670520923680247,-0.06762886584665828,-0.33047077307311623,-1.2155371696748278,-0.24709254406089626,-0.239407092939069,-0.7948088955256446,-0.17535641579662306,-0.20866761814879342,-0.6264507691205861,-0.07414640744127096,-0.019967699398142708,-0.9972932705026951,-0.09722899136221798,-0.10367614909260045,-1.252876212539292,-0.2014259928136604,-0.06860382390197768,-0.9709637009078482,-0.14729052012222518,-0.05720887459018289,-0.8328408253455307,-0.07640426785501363
A,0.0,0.0,0.0,-0.32995848508825604,-0.009375756496583048,-0.20511015141072603,-0.6465704465206664,-0.3066672727545184,-0.28770041809508945,-0.8136569294197554,-0.7207116093412376,-0.3451749611879008,-0.8929333131243679,-1.047717673118011,-0.3620446087337675,-0.6118746692730147,-0.7825388243390199,-0.13840788041230573,-0.6143083307925924,-1.056560373029969,-0.2838254528085367,-0.495232348454316,-0.7385950264250649,-0.3123136161032919,-0.45604684383316874,-0.532677118350688,-0.3031970390803336,-0.40761919760066834,-0.9085615781752847,-0.09144642371915448,-0.43319575893137846,-1.1723922527623059,-0.2614766763659076,-0.326120531124912,-0.7485855450085909,-0.27302833456659914,-0.32690672110960484,-0.5919546941085131,-0.23655564636399615,-0.20104951611613986,-0.9871883263079093,-0.07442218375107679,-0.22448850651294178,-1.1940937819990205,-0.2605605960109107,-0.161355740471578,-0.7900459766656626,-0.2112632337885881,-0.17991591694909484,-0.6356386110706959,-0.1254993630521044,-0.002883141993491079,-1.018251916515471,-0.07073177402474788,-0.038816460308142245,-1.239945400051731,-0.17776728480657975,-0.004114002316229044,-0.9715655394672869,-0.1340892552502774,-0.010329499547354173,-0.8492109150752389,-0.06995907496799812
A,0.0,0.0,0.0,-0.29407341461325653,-0.16389885550336766,-0.1456144711335065,-0.5313814504018018,-0.541185974523115,-0.20516976974661857,-0.6375191758138243,-0.9411706808959628,-0.2552708170802968,-0.6587705308985571,-1.2582277740929677,-0.27333080658987907,-0.4055474441105607,-0.9316773041881484,-0.05103731551492864,-0.3975482908784796,-1.1444316727928772,-0.19609391322857336,-0.3421871188725924,-0.8174050691276911,-0.24921462831298458,-0.3227734823417247,-0.5969542763572318,-0.2584821182295013,-0.19268628844082425,-0.9806608159378832,-0.03429808057230874,-0.2019751059415534,-1.213148850837513,-0.19111885235094297,-0.1789915599302011,-0.7903862845257642,-0.21024424334972722,-0.18075185620478051,-0.6114401969274038,-0.1836525738647326,0.017158580074278163,-0.9754104187652335,-0.04788159948565003,0.01227222670114604,-1.161517470621731,-0.2155728748075883,-0.005437854540646087,-0.7836921739602715,-0.16495794372377162,-0.02852984477195668,-0.6256446663007893,-0.08409022386600228,0.2167972301080753,-0.9185090206621883,-0.07291214200667394,0.2182658671113733,-1.1101876926069332,-0.1669495291147871,0.18310501623443745,-0.856535004969579,-0.11830633899145414,0.15331997601680236,-0.7431101726645901,-0.0548623232856001
A,0.0,0.0,0.0,-0.25573386438200574,-0.20619160008860524,-0.1740306076600727,-0.4159374587047156,-0.6893029979518389,-0.2451986722338669,-0.45563119104489785,-1.1243851086010628,-0.30289766656032724,-0.42758748535011215,-1.4523986941140872,-0.3205407184045907,-0.2351841393982781,-1.0298410582637625,-0.11944950992088785,-0.22396418190223802,-1.2791577907370404,-0.29292969244077843,-0.23039485016009112,-0.9002272924475258,-0.33258532962699344,-0.23218964113651208,-0.6927820975122952,-0.3278686210036409,-0.017923415418173237,-0.9946985043347703,-0.10126024221736135,-0.0173487007095908,-1.2284806647164863,-0.29191166229833826,-0.06533364026551351,-0.7843896625126529,-0.2905313736697795,-0.07574193248447082,-0.6609252667276819,-0.24460918034415588,0.19548576602410997,-0.908417428256463,-0.1178606003687841,0.20705766859741118,-1.0884261194433913,-0.31930304488288913,0.11867948974554839,-0.6907882577449251,-0.24618982305447232,0.08941184025460257,-0.5862599252103201,-0.14542799577871884,0.3968540426252986,-0.7828645671778547,-0.149214257661413,0.43111518684980926,-0.9669867614875843,-0.26386167187003,0.3393931430111337,-0.7132769035938569,-0.2123320298044967,0.2923663191380699,-0.6320118828309902,-0.14531851249781627
A,0.0,0.0,0.0,-0.24960336032768907,-0.24725459292340152,-0.11191379924145457,-0.400439347497323,-0.7128204376463547,-0.1717563937290757,-0.44724978688996314,-1.1071951000610725,-0.2319476936178245,-0.43559773162984944,-1.414975349601298,-0.2660995097855872,-0.1984640055581327,-1.05033480653452,-0.0575291143007753,-0.24164819481976488,-1.2220996469621506,-0.23477117979676473,-0.27292363836684885,-0.8990661516851488,-0.31081156067771415,-0.24607784627618304,-0.7086036999777233,-0.33415640090909815,0.005046753217514986,-0.9977703471538373,-0.06654971541992208,-0.05583116876373996,-1.1864812347332323,-0.24154824618232895,-0.12199437704952798,-0.7937929689086944,-0.2461668399705783,-0.08884176018886164,-0.6439102435284211,-0.2095826205794354,0.21075803568539309,-0.901432703360262,-0.10747993490269922,0.15283354631649756,-1.0530183659462384,-0.2935926244612005,0.06201934881788266,-0.6885288648159482,-0.2312010962483556,0.07922929962483581,-0.5532515029426177,-0.14201639810983163,0.4130353371320286,-0.7647732673492715,-0.1583951363496726,0.3684900915073485,-0.9558701076264985,-0.261916786089479,0.2576789116688945,-0.693016221878402,-0.20715142991997518,0.24455884568971856,-0.5592568656672939,-0.13900973705052552
A,0.0,0.0,0.0,-0.2622143284143584,-0.24143703612530443,-0.07171843731967392,-0.39538257774134966,-0.6470185462583442,-0.09426302983945191,-0.4487546875673607,-0.9739517578221351,-0.12174133577389643,-0.45656515913541146,-1.2337446904404283,-0.12276428095254496,-0.2067318868536149,-1.0064973287441716,0.03192031702916027,-0.36440188554068653,-1.1245001141751692,-0.10562619922071531,-0.3675877467219506,-0.8054195558791288,-0.17412798083546263,-0.32180564155078123,-0.6544465773421714,-0.20122394368800733,-0.04729586715300532,-0.9987895062384445,0.013513814347147756,-0.239905819647041,-1.0728248307518586,-0.11741821804675563,-0.25493580340409766,-0.7142600197247964,-0.12314886428789248,-0.19309202906203285,-0.6176154080681271,-0.0959287719138791,0.10933787470449656,-0.9146133270922866,-0.03578941486228392,-0.09116296471613075,-0.9570302469105619,-0.17392900736837522,-0.12821615934056513,-0.6196025193697464,-0.11907486274413859,-0.06407982000939998,-0.5325205821516608,-0.047946965129133726,0.25727179684264256,-0.7723292592144178,-0.09622665419405559,0.06988427123803488,-0.8318034817706396,-0.17969627688326617,0.0003925183779942492,-0.6115837366984986,-0.14431503860151831,0.03748560899426287,-0.5338628121477718,-0.09475240508824688
A,0.0,0.0,0.0,-0.2574818688922021,-0.20070771598353376,-0.13046492675573465,-0.4258638227868244,-0.6710283074517713,-0.17733132787464487,-0.4821884919421374,-1.097474722358357,-0.21895980298778214,-0.4673379012675555,-1.4129586591186531,-0.2240028214713975,-0.3005693192765569,-0.9955166946966713,-0.045059007892376615,-0.29677929507943585,-1.2695890244782886,-0.20562071160144402,-0.2748466135020742,-0.9166519965394802,-0.255444051247667,-0.26010774572120393,-0.7002269949970833,-0.25717322872615306,-0.10386496378138484,-0.9938710501706182,-0.03784712580162584,-0.10405963638736512,-1.2730204207787734,-0.20777947786323347,-0.11474641072391582,-0.8366904180464626,-0.20861104872872585,-0.11117361108579812,-0.6754330667821578,-0.1630205745755514,0.09860828498421523,-0.9427030017220508,-0.06442412450633857,0.10563671779187127,-1.1607455226536847,-0.24099558846531516,0.06283622156839558,-0.7755404085977764,-0.17288144843709682,0.05465919446367073,-0.6362159981286841,-0.07612243170132682,0.2959697577312648,-0.8492613173318385,-0.10350420462620143,0.316169567975766,-1.0666823634660851,-0.20337620903548945,0.2557746601265747,-0.8141782549635497,-0.15327109958540416,0.22693771109210895,-0.699071142600191,-0.08704712752215878
A,0.0,0.0,0.0,-0.26114831393058935,-0.2193159348504101,-0.14724104968778115,-0.4297933976086859,-0.6887210195014097,-0.20779032216300292,-0.4820778543641458,-1.1150143883067285,-0.25984208058078695,-0.45948763224668215,-1.4329350155238152,-0.2715877216099877,-0.2961821440669884,-1.011503203241378,-0.08500024545134323,-0.29168186927654394,-1.3113084064961673,-0.24721154255137137,-0.27959390996516015,-0.9438306027313142,-0.2826716582471549,-0.27080127021186806,-0.7300656298358108,-0.27334986621866925,-0.09454059293498969,-0.9929178057710094,-0.07194655843321816,-0.09717889695414873,-1.281266076524898,-0.2524670587521916,-0.11576787907671734,-0.8371294612778919,-0.24944532497093136,-0.12205510298883404,-0.6921589570077421,-0.2010501998494995,0.1127024893525935,-0.9345647888876295,-0.09127840371403462,0.10926301556674689,-1.169471784411819,-0.27645180659290325,0.05390804815544896,-0.7643201821886005,-0.20163033740107264,0.03407647195242821,-0.6273527980247051,-0.10012611748762183,0.3116819241329621,-0.8384262092112217,-0.12373777344713034,0.3225359949478079,-1.0764387937734916,-0.2278427545491104,0.25196341080798906,-0.8168571008775708,-0.1744417106391911,0.21480285773068014,-0.7006312824823105,-0.10565165081598518
A,0.0,0.0,0.0,-0.25561062247759075,-0.20020150886699098,-0.10571945864286957,-0.4293358282028382,-0.6489803286813036,-0.15082799652682508,-0.5814080253487376,-0.9900688899304932,-0.19832054148654898,-0.7638958134116264,-1.1657762139946342,-0.21894205388313723,-0.36460446120048046,-0.9616188647151345,-0.019267238239049564,-0.4341797535884887,-1.230944306738106,-0.1872767088661468,-0.3788807509996804,-0.89835096675077,-0.26912810575078244,-0.32684933496386065,-0.7290150886196809,-0.2968739841759158,-0.18656213576246727,-0.9821020336479332,-0.02588754535178182,-0.24678686735006522,-1.2639728154096768,-0.18802072292311284,-0.20516322185983016,-0.8439274547371861,-0.19818964970819392,-0.1663590422500205,-0.7133159916957637,-0.1626043133327666,0.012928089488811866,-0.9458184128746444,-0.06483483443042617,-0.029483365577813662,-1.169927927281419,-0.2230763299261389,-0.03339026775841506,-0.778418953410006,-0.1575023527231195,-0.023921439564228774,-0.6520858673144225,-0.06890565120058849,0.2111946190491142,-0.8809025679294595,-0.11580958797764766,0.1912712411170789,-1.093297732966712,-0.19416152644763826,0.14353343525124593,-0.8462942419724688,-0.1347560154645698,0.12393655209188645,-0.7357966321382503,-0.06748904381817923
A,0.0,0.0,0.0,-0.2550634986323121,-0.18524444058462405,-0.13117450760669486,-0.4233755254431389,-0.6279414714934184,-0.18749766593863237,-0.5636767569914952,-0.9887226984016084,-0.23859600905824674,-0.7314747911570486,-1.1954837562333984,-0.25763326420425214,-0.3626414136740041,-0.9567653199290448,-0.06425311466507212,-0.4155783267653315,-1.2356266539854512,-0.2289496725323334,-0.3558043734613028,-0.8979855587631712,-0.2912197191557665,-0.3136211389708997,-0.732827599595673,-0.3063337366280062,-0.17840331152074365,-0.9822965877324025,-0.05714605994914192,-0.22809006896603462,-1.262332624680487,-0.2253674931510327,-0.19030764094758668,-0.8267913238557028,-0.22706740296364414,-0.17241699287394413,-0.7185602749683205,-0.18608825998276837,0.021049886911109372,-0.9513801826658956,-0.0819532929267137,-0.014243392821922187,-1.1611915234772636,-0.2548232012314441,-0.018316610158237427,-0.7566772672214784,-0.189687200647395,-0.02075428702292919,-0.6566491753612608,-0.10059998762241351,0.21128513114076095,-0.8947327573899012,-0.11923123638213362,0.20377800037600918,-1.0864659642750338,-0.21491333793151546,0.16456303132094516,-0.8262240558847728,-0.1646597183939042,0.14270355187638215,-0.7320873972719346,-0.10331194071573585
A,0.0,0.0,0.0,-0.24371140235560107,-0.21804378707313607,-0.11079146440351982,-0.40113665306910035,-0.6540429689334852,-0.1565807622450878,-0.5353163781859424,-1.0004359989976201,-0.20331257075175546,-0.6963638319353463,-1.1951210666292271,-0.219999083121306,-0.33683267557538527,-0.9728904002680936,-0.019511211051457037,-0.3752099731614038,-1.2426276887671877,-0.17527174895091374,-0.32737070452189815,-0.9188057229478142,-0.24222586411411506,-0.2897369835326194,-0.7710678906340788,-0.26167105035928756,-0.16158415478334548,-0.9865999027632166,-0.02260957298497845,-0.2001765559375009,-1.2511477882952755,-0.17620067606077147,-0.17399833415231097,-0.842674928123374,-0.18118578940954339,-0.1531292915832992,-0.7479060556060081,-0.14466522938537288,0.03634521535325893,-0.9474906653308657,-0.05797621770509807,0.006678084218649106,-1.1560014854187362,-0.21279381884632148,-0.006949373308955053,-0.7775798866878222,-0.14703805388921598,-0.008356597307717104,-0.6843136830311458,-0.06048117148574191,0.22644928224115093,-0.8785171772645796,-0.10580512420038046,0.2177503999113494,-1.0829398541285153,-0.18352016268129534,0.17111218496540792,-0.8370902282712872,-0.1240834176670105,0.1485425312358474,-0.7399936530436403,-0.05708537450566458
A,0.0,0.0,0.0,-0.3063487784081538,-0.20129279914084852,-0.15247786267000138,-0.5608541643142382,-0.6142475479775236,-0.22178168314745547,-0.6497104110781082,-1.0290734030926423,-0.27867605948537416,-0.5162572814256381,-1.2671685201597038,-0.2931622634245436,-0.3561056897369098,-0.9670025944184654,-0.07810826977230716,-0.4158529278329551,-1.1673100976704003,-0.20750365527105324,-0.38582341276513904,-0.8406090407720817,-0.22933468893837058,-0.335796722253001,-0.7690655131601489,-0.2314041761473765,-0.1709021623314975,-0.9835086903340001,-0.059187050508689616,-0.23661900244512685,-1.1684305191782869,-0.20659428640843372,-0.2132976187604263,-0.7497045492545901,-0.18535939864875173,-0.16842387586998267,-0.7233266122673545,-0.1408173773515229,0.02273296767055232,-0.9640055199910068,-0.07210895782059516,-0.026494534464567707,-1.17044206168955,-0.2411726520212448,-0.04518459082090219,-0.764295519803579,-0.15482698320141486,-0.025876615040163347,-0.6868375025444207,-0.05706177603881567,0.2065599839670547,-0.9080274015620025,-0.09870561833976446,0.18202612813446828,-1.1358234681768544,-0.19330392944547078,0.1238666455647668,-0.8536862503476491,-0.12994573946476765,0.11062976353289311,-0.7484255174131663,-0.05967813846032916
A,0.0,0.0,0.0,-0.27889399584164776,-0.15921070143971652,-0.13142732360014947,-0.4835346252276634,-0.563078974332959,-0.18475227720701823,-0.5443669339657022,-0.9564607067174092,-0.23741596043260754,-0.50712691184557,-1.2485538830029528,-0.25010646234585515,-0.34168842561009355,-1.0011120152071977,-0.02415370488070149,-0.36645344192370116,-1.3721296892592747,-0.18738469884811565,-0.3890483931234788,-1.0405260833526668,-0.2385445927519463,-0.3727833253910517,-0.882900370120888,-0.24354646170341593,-0.15823467560671303,-0.987264063273298,-0.0164759462470473,-0.19940666743940796,-1.2374340263076544,-0.17236801276572608,-0.2194622654402677,-0.8161370886656236,-0.15827577629519815,-0.1785836902027631,-0.7696595955648281,-0.10429118418805373,0.038439213168791224,-0.9408959281533116,-0.04770029151265035,0.009974290866350858,-1.146446312904303,-0.21383931938235146,-0.025271762931318605,-0.7584926704452415,-0.1310402092275046,0.011736429636348751,-0.7032785986998656,-0.028430197237603132,0.2420014838789477,-0.8616338725081134,-0.09328736667247242,0.21547620216546315,-1.057623747018214,-0.18878016932405411,0.1589399994572424,-0.7945023567384542,-0.12960096336069352,0.16406343256671535,-0.7116179057931766,-0.05472967016138453
A,0.0,0.0,0.0,-0.2693183329531695,-0.1721308830837381,-0.07629226921586957,-0.47779025249254103,-0.5411600195309917,-0.11608425226395579,-0.5479142370137998,-0.8941795002110228,-0.16872235349039183,-0.4567990171610542,-1.1177449460813706,-0.1888039721541367,-0.34251761499247074,-0.9573975144483937,0.018176639224467266,-0.36639162405109776,-1.3261026009505643,-0.12535070401055598,-0.3699752352084861,-1.0080160220465038,-0.18396446889953644,-0.34037189604238205,-0.8340302177738528,-0.19673657714149087,-0.17818976986739105,-0.9839897306934228,0.0035518733777750917,-0.2061940390430529,-1.3313416201934223,-0.14297945785510424,-0.2059223030433526,-0.9517967453322013,-0.15367039238929942,-0.18601652912921895,-0.812819030894674,-0.11982067520917246,0.0035647611932625783,-0.9876193018757019,-0.04017683664969894,-0.022226861069796686,-1.3399153887077389,-0.17858288356564314,-0.046746004855693475,-0.9674835160397642,-0.11632403333851597,-0.04106792970685048,-0.7973121820357044,-0.03207154070764433,0.18802860395162965,-0.9515963850393591,-0.09445262117089936,0.16165390358477075,-1.2523280773094034,-0.1675126199780861,0.10928552628321259,-1.0088415022170665,-0.11777635424026575,0.0996991546398491,-0.8423434755480046,-0.054777421195852695
A,0.0,0.0,0.0,-0.27317667591774913,-0.16961100195522358,-0.08967580038054654,-0.49053264948016007,-0.5383645494477399,-0.137261983835609,-0.557216169346433,-0.8936463527715007,-0.19442675410236945,-0.44833753727793535,-1.1067105612933432,-0.2171377699644373,-0.34346126766404594,-0.9601325624732193,0.0030215669448296263,-0.36707759452445315,-1.3310227402100376,-0.14510359703640943,-0.37402540827958997,-1.0027307941883041,-0.20570925915524882,-0.3436609446898981,-0.8419787389015999,-0.22167911783924552,-0.1783875388167372,-0.9839408202679586,-0.006192592778770303,-0.20998341578892044,-1.3127165742558868,-0.15266856987495195,-0.21149454914297203,-0.9227662776569587,-0.1568162925782426,-0.1892604692804898,-0.8071260607836207,-0.12091252632289941,0.005624523120448304,-0.9849309213826772,-0.046318192821034894,-0.01965699824757748,-1.3239718604038413,-0.18718210097548998,-0.04751387987683684,-0.9456488775150428,-0.11531354109793153,-0.039798127215162946,-0.7949687853119891,-0.026053692889310174,0.1917762276708602,-0.9469057884487879,-0.0984645749908159,0.1660684561000185,-1.2447898067006333,-0.17429359984358855,0.10997126131125344,-0.9899295172744574,-0.11906232663986001,0.1009309269996377,-0.8297387308691492,-0.05232854459119734
A,0.0,0.0,0.0,-0.2905981926176455,-0.17687887662726326,-0.12825842771265125,-0.5198843887850191,-0.6235539784731543,-0.17368950837804753,-0.6024584086659096,-1.0371722904663145,-0.21403343897013144,-0.5394650648762668,-1.317481257720486,-0.21331173051011018,-0.35934567005626594,-0.9837410325275127,-0.03810603984479148,-0.39934213166925864,-1.2490781711711931,-0.17949164838853163,-0.3798912089003564,-0.8892790748151249,-0.21820858656288872,-0.3357622933915689,-0.8161539617922265,-0.22884029380809653,-0.17165606862672222,-0.9847383336109418,-0.028715995904088833,-0.2180033397505732,-1.197147008439909,-0.1721207628896948,-0.21045988884436062,-0.7651058556589123,-0.14784835287169845,-0.17274263431329773,-0.7558714679798344,-0.09891459843585591,0.019120620059646893,-0.9606024398336659,-0.05413108200337307,-0.012118912951840241,-1.185227697770436,-0.21039040134676013,-0.0410946293302159,-0.7691015713363595,-0.1133974769269405,-0.016449548473188306,-0.7071033976449248,-0.010464055691424213,0.20532232025265967,-0.9077553086215543,-0.0936232807403105,0.17763348217163374,-1.1209116040988898,-0.1800005690951307,0.12204720623405935,-0.8318555344528431,-0.11311050425051218,0.12450683673136737,-0.741661940138123,-0.04059614787031238
A,0.0,0.0,0.0,-0.28489928828135863,-0.18069940802386594,-0.11787430885482782,-0.5140380548995425,-0.6414184513726541,-0.15681506928600006,-0.6035573664710132,-1.0634038062646973,-0.19492916532387222,-0.5203372520076395,-1.333289647326334,-0.19384606239614338,-0.3493165759741106,-0.9882402422378019,-0.007980074257809038,-0.38585961581456885,-1.2657420026132733,-0.15104976460939218,-0.37099264477044175,-0.9007699134904578,-0.1954567140622064,-0.33160330105151004,-0.8066552426235575,-0.20787151698811493,-0.16356818949689714,-0.9865276254753657,-0.0029481449495792544,-0.2003317854178489,-1.209621423749991,-0.14178105767709354,-0.19655611545973872,-0.7850584248943174,-0.12408541581627183,-0.16932862366027712,-0.7602342006589683,-0.07910672222731459,0.03166915934414377,-0.9581764281054944,-0.03342735870993298,0.0022548672351435243,-1.203187295386543,-0.18302614209810014,-0.028847147902016947,-0.7897563656164978,-0.08918821860319305,-0.011728917410322557,-0.714984487060795,0.011594058036434127,0.2237232369470914,-0.9026504126347745,-0.07742600432003155,0.19917344508670745,-1.1311092315544249,-0.15699532337277744,0.14277602865674222,-0.8466187056054532,-0.08785349504069455,0.13916727900382558,-0.748005484409752,-0.013452060167301381
A,0.0,0.0,0.0,-0.2894116076937504,-0.19629052203391478,-0.12634976311681453,-0.5121709617956918,-0.6719036627622001,-0.16731331791918524,-0.5900866745924006,-1.0844156468323025,-0.20154450804348858,-0.49870091500312463,-1.3353303218354293,-0.19319543474555556,-0.3451554523613249,-0.996746745602867,-0.04935486172665353,-0.3712621046249782,-1.2607768924194764,-0.17651242353439492,-0.35905921184613676,-0.9048748713220914,-0.19712605999124475,-0.3225082826516482,-0.8484501571403903,-0.19852617962212707,-0.15619621955648386,-0.9870081726937419,-0.03765113586630856,-0.1886597928090994,-1.211288967154999,-0.17086349395599917,-0.19621423613023775,-0.7849409540753118,-0.13855926555826042,-0.1687819677584521,-0.793115784784453,-0.08702200326340312,0.03758185832268464,-0.9495811438609189,-0.0579424621521468,0.01693499531472001,-1.1865093569042195,-0.20015980600762512,-0.023870358327202103,-0.7798269467194676,-0.09723128069559614,-0.007564662305120019,-0.7363441004489559,0.00430743448106365,0.222376023377234,-0.8911233271684482,-0.09210185574473308,0.20664853172788156,-1.103236401167824,-0.16598730077534438,0.14543063875720214,-0.8246933958909378,-0.09617135817098695,0.14484554251155463,-0.7489100048099365,-0.026096593432909487
A,0.0,0.0,0.0,-0.2155045133706648,-0.15879936145824353,-0.12338997951677895,-0.381513947516932,-0.5314067788522386,-0.172046962887545,-0.4380645861149855,-0.8754927049357009,-0.20998666822625148,-0.3635272398178938,-1.1004783898234827,-0.21440369672647752,-0.21956609438123081,-0.978262164411956,-0.03045237158630704,-0.23346282847665004,-1.0196678235374006,-0.14821736043797493,-0.23717320545575685,-0.7434142711785495,-0.1931237054125831,-0.21914164568943215,-0.6745224216718649,-0.21200715870117423,-0.040933477958368374,-0.9989420535824652,-0.0209576708314337,-0.07203386026616275,-0.9310337605329516,-0.13513776208446793,-0.09014730591679955,-0.6059743694332345,-0.1338110513074552,-0.07146703712224353,-0.5986366329481865,-0.10881944855388644,0.1318582882892771,-0.9335124544808161,-0.040644209836128875,0.10115087592880966,-0.8335560220227952,-0.1648463929740984,0.06235939279851496,-0.5387633408609412,-0.10881247899526565,0.07215154550693291,-0.5374412335931282,-0.04564410625291085,0.29285437232742095,-0.8188361084722686,-0.07457079317102656,0.2529308888567112,-0.7388270157096483,-0.14014162227697843,0.1980288723465796,-0.5189382127617251,-0.10000633237670728,0.20326977468598226,-0.5128112763499856,-0.053232447877388366
A,0.0,0.0,0.0,-0.2755856562725195,-0.21392376310417868,-0.16235925660176517,-0.4284862602956508,-0.7025897534092327,-0.2225799196541414,-0.4987134299179469,-1.123979563680228,-0.26321254386119486,-0.5757175634433085,-1.4003813801754004,-0.2633434105207652,-0.27125693488152575,-1.017382060634313,-0.13047278824437888,-0.27745327473357656,-1.1914376948114873,-0.25755506147158336,-0.26222987416386356,-0.8516430681657041,-0.26772574675568217,-0.23538470449428775,-0.8343146077162049,-0.26580838348385577,-0.061124613488648824,-0.9924124876479881,-0.10668287578704994,-0.07933091653537534,-1.1288242497990821,-0.25096656818310836,-0.10643591427700078,-0.7091594026131972,-0.22055861622264938,-0.09233398977629025,-0.7665035295613182,-0.1747304576218632,0.14412765563624538,-0.9189397296059922,-0.11120819486225725,0.13476336618345736,-1.0423272226422828,-0.2738450729479722,0.07663141956316394,-0.6595643918963788,-0.18343152758528852,0.08292945197870259,-0.685068386691759,-0.09390802286663807,0.32970062755710144,-0.8273046082783084,-0.12960837168524675,0.3300007039739507,-0.9219451378142693,-0.2205458451132418,0.26169021292530764,-0.6593458838706177,-0.16357742396064134,0.2603339151523263,-0.6423800157581445,-0.10652925035558658
A,0.0,0.0,0.0,-0.2989867757129301,-0.23107140146137997,-0.15333919364389156,-0.447371637117123,-0.7112262343602058,-0.2015707543120129,-0.5059412320064366,-1.1031217363341306,-0.2309617846003992,-0.5574674933459359,-1.3798050366357826,-0.22039397455532947,-0.296728381797429,-1.0141215428658779,-0.10590394160861222,-0.3138234545960398,-1.1959708231039086,-0.22416096239081615,-0.2986815751347724,-0.8425456168042327,-0.24959604762047913,-0.2648354861478648,-0.8314193501313007,-0.26328328261629175,-0.0913884840028808,-0.992947603273096,-0.0755195481042484,-0.1311438525778325,-1.1346976842330248,-0.20788254398897807,-0.15695352012330424,-0.7218738037532592,-0.19012327589069614,-0.1304871404529589,-0.7815999303671308,-0.1578117742667973,0.1029113307016867,-0.9192230263070205,-0.07177695118284236,0.07776650793898178,-1.062871292209932,-0.20706618609535776,0.0195920246789782,-0.6962820236671753,-0.11933289412032799,0.039338569857926664,-0.7161442333139377,-0.03907896828924677,0.272841636029365,-0.840534026465073,-0.08260720181574079,0.25796836018573605,-0.941994807268647,-0.1543343570575798,0.19760167380919524,-0.7018317720041921,-0.09997367383314071,0.21993530782682713,-0.6900707062012653,-0.0491791257968631
A,0.0,0.0,0.0,-0.29494256309175465,-0.22671612898079427,-0.1536331145948963,-0.45154646425855166,-0.7089386243647708,-0.20396612931209362,-0.512255322566908,-1.1084638653510737,-0.23662625664341952,-0.5557720244388829,-1.3927011993977911,-0.22923027613614702,-0.2879397349405115,-1.0187396828337127,-0.10301843870343694,-0.30995765060840164,-1.2106265143569321,-0.22680985807332552,-0.2953108659587902,-0.8581679351876752,-0.2525322934719483,-0.2565350545299276,-0.8396972120043651,-0.2639516426345657,-0.08470573884915328,-0.9935598282437869,-0.07525825872418303,-0.12645587844092,-1.15380397775418,-0.21420381608654407,-0.1488524749526876,-0.7345276018639775,-0.1937408096267132,-0.11554701042807289,-0.7826503957909731,-0.15605312906972948,0.11012071226997641,-0.9230159919040181,-0.0756207456000301,0.08190875877939281,-1.0838333516686485,-0.2206063215190503,0.02393369019291486,-0.7042333649754826,-0.1289202977905717,0.04729267109049306,-0.7124678283561581,-0.04139692381497112,0.2846812808338455,-0.8449787950409432,-0.09056495297623221,0.26774765133168255,-0.9655443644480776,-0.1665817307144593,0.20236824220103164,-0.7158661545284829,-0.10782902735074266,0.22129859444758657,-0.6954392980213182,-0.05121035313057977
A,0.0,0.0,0.0,-0.297055530132871,-0.23079208472433144,-0.1520623727717892,-0.45430260178914744,-0.7115913672295807,-0.20140850246615327,-0.5152064766055154,-1.1109658881893332,-0.23551011487779525,-0.5589601881571102,-1.3928780291045777,-0.2305196942519068,-0.28557628756890424,-1.0145755030714443,-0.08699542634243608,-0.3050944233909522,-1.2072555355863377,-0.20740009816508465,-0.2919675234541741,-0.8605925186238919,-0.23241519128446567,-0.2579736894164117,-0.8435750145621663,-0.24307236893957385,-0.08592846631155562,-0.9943973096453929,-0.061565325040548395,-0.1239335352927297,-1.1519218437498915,-0.19879977427370502,-0.14559341751585314,-0.7359028143080371,-0.1806842753173575,-0.11562400338152631,-0.7861578677268558,-0.14375298543251588,0.10902990416395889,-0.9254635628593811,-0.06512670996630252,0.08730756686703803,-1.0897692144302074,-0.21096344926908794,0.029996246684550896,-0.711286493943414,-0.12272546083159139,0.04838787802736386,-0.7209605535595471,-0.03640895261678848,0.2850611488676195,-0.8461000500642875,-0.08333574696141606,0.27417037188787735,-0.9668152985357447,-0.15865670330444476,0.20909704260781092,-0.718465589018884,-0.10015939452208843,0.22506402919675497,-0.6989630669652853,-0.04336800921466662
A,0.0,0.0,0.0,-0.30069366774059636,-0.1940964275400704,-0.16524927021425861,-0.47465829439086454,-0.6713986418444308,-0.2183621896004672,-0.5292987631644516,-1.0810652627959818,-0.25345943555579187,-0.5081487995558942,-1.3625948145702445,-0.24442687606071717,-0.30300541119478613,-1.0156679060618294,-0.09880575681122895,-0.31094112541693186,-1.2223584272176464,-0.2193271848948665,-0.3044085543338154,-0.8671529276656452,-0.23059739946717794,-0.27780768668399936,-0.8454678296420786,-0.2295827259969449,-0.1009248851863966,-0.9924778951506716,-0.0692949867407829,-0.12092014015069975,-1.1520629797164235,-0.20727658535204702,-0.15186395912771675,-0.7226513992278896,-0.1788941364839066,-0.13126971650044936,-0.7844022586398565,-0.13103961639028416,0.09741446855657392,-0.9307621608404941,-0.07124173299175547,0.08473849390884163,-1.0854980041184852,-0.22388430338864818,0.022406093076521187,-0.6952298603256706,-0.13325249780301382,0.03674411310362416,-0.7221091700075519,-0.04198104753986474,0.2813027506203247,-0.8538820361448912,-0.08838510156137663,0.2677507419769717,-0.9786701245906471,-0.17185888099703645,0.20350739603736923,-0.714760231078543,-0.1151378242145825,0.21727341192341235,-0.6976974568805151,-0.05661661686932553
A,0.0,0.0,0.0,-0.29537710518419236,-0.17604643579335136,-0.16411386227707897,-0.5335682886509594,-0.5940869433100744,-0.23202636557141107,-0.6128448277588164,-0.987738800173769,-0.2857464281991258,-0.4970085817796423,-1.2157690203866487,-0.2927390338784035,-0.3291822269566529,-0.9994815854719488,-0.08519137160052966,-0.3231265310375412,-1.259037748138793,-0.22961862442996933,-0.32800850927200753,-0.8879712457050319,-0.2620525990841483,-0.3097447652189666,-0.816425420322241,-0.27075581237208934,-0.12333128540298212,-0.9904699968356401,-0.061307254132405016,-0.1279061114088721,-1.1822445598580156,-0.22059802647227073,-0.15348399248536285,-0.7544651549119872,-0.20922721875160835,-0.14789511067588237,-0.7635947596920653,-0.16830089964473427,0.08132255002905767,-0.9515018775986054,-0.07189060017789377,0.0858871137615764,-1.1282651212540618,-0.2346332365813209,0.03405070036080948,-0.7373536493667682,-0.14809245478784366,0.03713749672786989,-0.7290814217282291,-0.054808266785502865,0.27399792586165966,-0.8839079820938222,-0.09849916104587074,0.2729117954869502,-1.0214249511723794,-0.1816308320331271,0.21470370361024557,-0.7530026616278256,-0.12291345992427974,0.21329443095310224,-0.7160089560559132,-0.05996200881311932
A,0.0,0.0,0.0,-0.29107039512600275,-0.17196954834041514,-0.1914972627912118,-0.5312629690815516,-0.5792809247285445,-0.2759556458003143,-0.6166838819182151,-0.9667026112164476,-0.33567902707218605,-0.48897593313134,-1.1839229056870437,-0.34565857431912905,-0.33520565617487935,-0.992780090682718,-0.1443150468419268,-0.3443456176257252,-1.2011726569626098,-0.2811636126646004,-0.34171348774627935,-0.8413436961578861,-0.29824932201644516,-0.31472599809143686,-0.8014855296146729,-0.2995381728963536,-0.13197688490201598,-0.9859292570640629,-0.10259435616380234,-0.152304563824867,-1.143607985823004,-0.2571474379751787,-0.1686854465097817,-0.702080669228619,-0.2288103757052528,-0.14706407994692675,-0.7334558578549235,-0.17949277387946355,0.07013162280366564,-0.9426082033893365,-0.0934742079470827,0.059418024369456465,-1.089203642074961,-0.25424156495659234,0.006445128512812403,-0.6937000208385503,-0.16059881554251418,0.019868944278611807,-0.6970499725355442,-0.06582723625120557,0.25342967912681796,-0.8767353769868765,-0.10143382511196998,0.23684506977571163,-0.9976117226470426,-0.18378832674368428,0.17399119751190237,-0.7264237914182319,-0.12497816074237562,0.1766140035164653,-0.6959356529386004,-0.06448523200018728
A,0.0,0.0,0.0,-0.2914049085622139,-0.17375741478053022,-0.18128124913153504,-0.5320446591545155,-0.593713052015985,-0.2578829671972036,-0.6247130860211475,-0.9776447557894521,-0.31233232010426476,-0.5014949873851589,-1.1948550988003632,-0.31736345731107846,-0.33764410024879143,-0.9937815145980854,-0.13066038066295174,-0.3374153753362883,-1.225582560942884,-0.2631942744025391,-0.33663501975245397,-0.851305234818126,-0.27766310724076787,-0.314193069513908,-0.7941552401362687,-0.27612936495065016,-0.12867049691786567,-0.9872369068075536,-0.09384664650355544,-0.14375769188167745,-1.166136667874598,-0.24621888260819222,-0.16065234222023853,-0.7278445964771247,-0.22198916307422287,-0.14329471613966738,-0.742370310221903,-0.17464474293865825,0.07843510620853059,-0.9481433264499812,-0.0884014709555883,0.07263121155376275,-1.1246003919441059,-0.24475817852542842,0.02255991655371302,-0.7248894321664221,-0.15033534809049892,0.03663298561870562,-0.7126042375094046,-0.05465362216403371,0.26576537443658327,-0.8841405940403176,-0.09923566191675619,0.25878085560110053,-1.03468327110219,-0.17749453942431925,0.1951669795684185,-0.759796049235977,-0.1132966805785001,0.19468622478909198,-0.7135104878980201,-0.04823631693567196
A,0.0,0.0,0.0,-0.2841199881351254,-0.15810786787791356,-0.16529249237712831,-0.5380379826953088,-0.5497432656643216,-0.24043367829208273,-0.6400687628795222,-0.9411548160343938,-0.301168962069923,-0.5305264675865649,-1.177393032728222,-0.3152010138910222,-0.358146794555406,-0.9733107548278342,-0.09566154169544637,-0.3549589915902368,-1.2290831523819459,-0.23608900343865405,-0.3512281195920074,-0.8565902637717067,-0.25948534905888415,-0.3392090089199168,-0.7872653563949988,-0.26094746742396535,-0.15079617275198873,-0.9860615989216713,-0.07030673805112435,-0.1621376117277459,-1.176688268874709,-0.21996468009653294,-0.17303773049605004,-0.75396235282902,-0.19756204047675127,-0.17268786164269698,-0.7768484832538557,-0.15125500067152753,0.059966589788719604,-0.968303854485333,-0.07881490129503298,0.056186191856098223,-1.151170644123988,-0.23242334875997045,0.02409559297115014,-0.7655085153454567,-0.1394527958166764,0.025093466995780075,-0.7590838738365125,-0.04486959294379021,0.25812205989195963,-0.924150748441228,-0.10354333671713796,0.24931134712805264,-1.0707465335298358,-0.18152765145051705,0.20445482570884616,-0.8008290877931751,-0.11935593935369956,0.1998685280418369,-0.7584911562801138,-0.05491079608924343
A,0.0,0.0,0.0,-0.3090623104866621,-0.1487341553481013,-0.16947204570003374,-0.5734129068597326,-0.5616767270710028,-0.24379014248640973,-0.6638109010682103,-0.9654748607373431,-0.30181980408566955,-0.5398124135356244,-1.2007837317102976,-0.31222791556863816,-0.38156777967308625,-0.9753560054287774,-0.11754192732922374,-0.39624640374108805,-1.249841187209377,-0.2598167528415228,-0.3847670730930692,-0.8657660243133698,-0.2824200858713353,-0.3527329943389458,-0.7871266081125273,-0.28444876802987445,-0.17127893651218778,-0.9811168516771868,-0.08985126188484593,-0.19876642028737646,-1.1986488406061326,-0.25005135764140296,-0.19552160005287889,-0.7423041201989136,-0.22489984680654593,-0.17441103527545396,-0.7270754007437683,-0.17388311015193578,0.038570219873237784,-0.9625940115600615,-0.09496004911507487,0.0182981275513658,-1.1777422943878697,-0.2563073536462029,-0.011292597670838506,-0.7612466834616175,-0.1579587677514861,0.004908618364941488,-0.7194977424455438,-0.05612651702810977,0.2391866843504362,-0.9184345839637237,-0.11608137934078493,0.21773673786481126,-1.112534262304449,-0.195940608325375,0.17245484300473157,-0.8351359730421656,-0.1295936146376597,0.17676479593175065,-0.7731321035567508,-0.06106753444713057
A,0.0,0.0,0.0,-0.291378367989562,-0.14727097065269065,-0.13392066243866294,-0.516338545323397,-0.5678796830232042,-0.1913684787822882,-0.5900074912931697,-0.9743470019741447,-0.24636966355743153,-0.5342834172006471,-1.259163168244729,-0.25749356250742483,-0.37108921453849303,-0.9884412894524387,-0.04956169720300252,-0.4015917947011837,-1.328406528829556,-0.2125665379858134,-0.4076918361146662,-0.9576545311301431,-0.2509174188536857,-0.37806753851456243,-0.8398194343124402,-0.2511794085724363,-0.1796148354419992,-0.9828735333099324,-0.04120835361905022,-0.2121606506395113,-1.2214413949351972,-0.20941052891119447,-0.22350024911847824,-0.7672651311949968,-0.1860517664565602,-0.192217632537732,-0.7559592306689852,-0.12574658024727456,0.02177172532342085,-0.9537442633849318,-0.06982774177568873,-0.0022876638485108233,-1.1844381948760068,-0.2379176474133899,-0.0326810816283888,-0.7725029084390225,-0.13628792880192322,-0.003800749398106779,-0.7385300323957614,-0.02402115173685535,0.2195528424321578,-0.9030599317354407,-0.11319708138831318,0.19318538079231987,-1.1021028236037764,-0.19708272906270777,0.14888159041823454,-0.8278506096203688,-0.1263228419401311,0.1635971542404499,-0.7645657353156596,-0.04767177153909744
A,0.0,0.0,0.0,-0.26371915554902525,-0.12165133276176998,-0.15635056795251268,-0.48431813288965725,-0.5137376370801909,-0.21889852672636245,-0.5660816576738631,-0.9089555630181515,-0.2728040370832705,-0.5445801301213753,-1.1984142830753741,-0.2799573874803873,-0.3768082208922006,-0.9706839869893606,-0.059122102907434824,-0.3999417394934768,-1.2739084241859526,-0.2130145263904737,-0.3942925397092092,-0.9230051046877449,-0.2399449798517842,-0.3769676447669499,-0.8109617326057638,-0.23218302994992968,-0.19422421899195716,-0.9802876266226155,-0.03623702316090231,-0.21296960112634755,-1.1543914609884076,-0.19316469044761622,-0.22037678457939086,-0.7171952502445017,-0.16359518624368835,-0.2085732774133976,-0.7401727563235554,-0.10006387667607047,-0.0016556430929737572,-0.9574757985646102,-0.05245364429056304,-0.010165148259154948,-1.0960063899168975,-0.21657785467227123,-0.03822556960303875,-0.7085114249642046,-0.12536683070275279,-0.028676511610211536,-0.7133300741199639,-0.02196940367405318,0.18502948681490647,-0.9080632669089094,-0.0852264547124907,0.17021352794430739,-1.0107361084469624,-0.17614262411194864,0.13001528688681063,-0.7499507160709263,-0.1230200475878632,0.13110441803684514,-0.7297099107005677,-0.057150099509513295
A,0.0,0.0,0.0,-0.30202410354693715,-0.1349204928039053,-0.14155666563127184,-0.5434324081407579,-0.5569077851546745,-0.1958580935062448,-0.6467642468933507,-0.9426004469688157,-0.2384346000741423,-0.5846458275908943,-1.1919285484414466,-0.233665338346023,-0.41940556014178587,-0.9612648023768968,-0.09682065670587954,-0.43973820038060124,-1.2675225799096739,-0.22688742417497876,-0.4181152819169301,-0.8911694442950218,-0.23182467250905422,-0.3962120624428656,-0.8057841599150859,-0.21782853701667354,-0.22134891080976798,-0.9722703794645039,-0.07546501771866668,-0.24802853474952788,-1.1911533703535593,-0.2140867272251936,-0.2392491402671166,-0.7403636206978241,-0.1742442430859573,-0.23013512469595562,-0.7582435095197708,-0.11550367729240016,-0.01750705555686403,-0.9616008343767727,-0.08405913458533112,-0.03740325395399319,-1.170438608351414,-0.22837373086442272,-0.05514593166892274,-0.7608076053396775,-0.12573808857063504,-0.04524439253752081,-0.742417789721558,-0.024647726479390602,0.17395405456415422,-0.931393462317952,-0.10639992756938092,0.1514947009545359,-1.1114748687510814,-0.18178753245196022,0.11747880946255247,-0.8316766130223864,-0.11524828768157777,0.11867408633824811,-0.774144477911378,-0.04672063189898372
A,0.0,0.0,0.0,-0.30804119253144274,-0.13937706343826917,-0.16079694794180943,-0.5688088270617484,-0.5609445430847972,-0.22866004221469263,-0.6849108709960214,-0.9545445943923738,-0.28038693506124907,-0.5830480118208824,-1.2011838961317183,-0.2824281444642099,-0.409245997432292,-0.9636147433578998,-0.11921953536065598,-0.4338434529298129,-1.2514165080977555,-0.2584623687469048,-0.4030562960963868,-0.8648181396668267,-0.2716820439392604,-0.3743486783804928,-0.7884402818243916,-0.26583140847526876,-0.20096232845214168,-0.9753223417308281,-0.09143561813531638,-0.2293190163368501,-1.1820517712055227,-0.23527725675990496,-0.21360651035857756,-0.7264504253789337,-0.19982957167951607,-0.20088274866379377,-0.7473021551505922,-0.14750900935302694,0.010956214285698358,-0.9601984098140829,-0.09489957482846756,-0.010225881121074174,-1.182501993249693,-0.2467099002716014,-0.03314315662240533,-0.7562988084094482,-0.1389783511200913,-0.022817496561812357,-0.728754467110383,-0.03552800293312644,0.206352824818828,-0.9230479119536622,-0.11328498520012087,0.1923647909513609,-1.1186923879743527,-0.19407229644887297,0.14804468955998024,-0.8254740869982288,-0.12263611226773992,0.14433729354868907,-0.7584849406379783,-0.05074224163472801
A,0.0,0.0,0.0,-0.3198947047932588,-0.1395124592121792,-0.17339103369763545,-0.6187710985247317,-0.5289590346682224,-0.2545986380807989,-0.7393123401194531,-0.9317133443747764,-0.31692137369578854,-0.5926058954725845,-1.156312583095477,-0.32769899280483566,-0.41180967598798135,-0.9616642561800947,-0.1285583591840034,-0.4450730047377868,-1.2294864751275723,-0.2726196272834466,-0.4230092468833662,-0.844756423991329,-0.2914656077836277,-0.3928106765668409,-0.7843905691732362,-0.2924475756577127,-0.2015632428806469,-0.9744734196834358,-0.09886259884257469,-0.23488238552433735,-1.1872911713505336,-0.2564838587185347,-0.22566233071297148,-0.7321297427214083,-0.22914376381436435,-0.21525766980403804,-0.7451575314996757,-0.1802634791690946,0.011524192511388505,-0.9608130317267188,-0.10110044190070144,-0.008290240390815773,-1.1886837655459417,-0.26515023281968236,-0.030769724154397535,-0.7648250462148374,-0.16219875239713577,-0.020460672695975565,-0.7326244340275233,-0.05833475860971083,0.21382578062504287,-0.92064880305675,-0.11894741157909926,0.20128742713597766,-1.1311788107908631,-0.2028091480742199,0.15614700188205807,-0.8387648149971032,-0.132356480584259,0.15113551489883478,-0.7703573794454806,-0.0602051419497028
A,0.0,0.0,0.0,-0.31945105572985766,-0.14797246917287005,-0.17109758329955416,-0.6172056930352967,-0.5337290226837259,-0.24843322744162377,-0.7413041143045187,-0.924691518470924,-0.30651960297667463,-0.6004536217824253,-1.1375167339840409,-0.3133662245702213,-0.416500343472346,-0.9593104355358413,-0.1287551986925568,-0.43887870638750903,-1.2134697993226067,-0.25814441527813664,-0.41533864154704403,-0.8333168226319276,-0.2645797359805324,-0.3990673261833286,-0.7776199049595096,-0.2589270632756472,-0.20701508339788463,-0.9732806874705933,-0.09934514906393825,-0.2241151160783174,-1.1755108020122091,-0.24631216665573796,-0.21572085865545995,-0.7253942395054438,-0.21932707463098328,-0.222026598672,-0.7435080780237825,-0.17348247011222848,0.0092998557436558,-0.9558465469201526,-0.0993910701750406,0.0031526203946204137,-1.1758934597370667,-0.2570024172303011,-0.01710252881692892,-0.758000022486227,-0.1591307617183075,-0.024891473139473288,-0.7310401258392302,-0.061385250804274136,0.2106364782264795,-0.9116601882791937,-0.114098704232031,0.21476858258218387,-1.118605130241537,-0.19707007075209176,0.17480543727903833,-0.8313955463708513,-0.12915769290213225,0.1592877055235065,-0.7681028853406899,-0.06008012243598951
A,0.0,0.0,0.0,0.3167711688110577,-0.22224950545887517,-0.10943878351967817,0.580664069948897,-0.5631135315381667,-0.15050687938323618,0.627586188870718,-0.9528201129094441,-0.18343662251728446,0.4785874720009817,-1.200610013081679,-0.19281052826340672,0.3875776555774572,-0.9389783525672449,-0.06443979102097362,0.39379215949111396,-1.1180827660865926,-0.17462299081765117,0.35384056632121,-0.8211605829755603,-0.2236334852210227,0.3316728788155472,-0.773145380644606,-0.2514035829548957,0.18553203017017283,-0.9802776416261737,-0.06807063323314357,0.16930210824074876,-1.1767515137769946,-0.19778749774037394,0.17530977391414757,-0.7699480291137217,-0.21624428815881225,0.19047457247330254,-0.7141167850524462,-0.21220666315681094,-0.01256071722298598,-0.9665458500982469,-0.09009961445348709,-0.032682423380828766,-1.231013473137303,-0.23094993389471238,0.001478964969124705,-0.8243232596550975,-0.17231613625289058,0.01712530364643204,-0.7062299625938196,-0.10791716297945185,-0.22511034581335262,-0.928369169001743,-0.12127054455226075,-0.22622461940942012,-1.1126689760418216,-0.205058029755752,-0.17616272021784024,-0.866230404362086,-0.1538146262841038,-0.14963948610685257,-0.7564259378772751,-0.10109826402293925
A,0.0,0.0,0.0,0.29869352482772615,-0.22738527972256192,-0.11069253974556607,0.5539252983198274,-0.5729617499634553,-0.1486224109581803,0.6022475451682092,-0.9465204704678151,-0.1777304401534724,0.45442872263695666,-1.1806622715478614,-0.18155087408029896,0.3658919024001661,-0.9435639353266526,-0.05160188658254389,0.3741696790731063,-1.1074278928727352,-0.16350007001557795,0.33243471990643275,-0.8078730914574361,-0.21666434829792888,0.3066212040891857,-0.7613852420053779,-0.24646610513332498,0.1688197760733903,-0.9842390373497846,-0.052663085394797964,0.1559425824292569,-1.1664055571503869,-0.18072353661620782,0.157639538603346,-0.7609113442363449,-0.20179814267571744,0.17269628156251043,-0.7184609733458696,-0.1984013228125572,-0.025472005085526463,-0.9664506976515251,-0.07332059212631359,-0.04665996346977926,-1.2151521381479211,-0.21335236265695448,-0.016561314029769923,-0.8095941229424979,-0.15533144743313126,0.0009697513521359809,-0.7092762693828351,-0.09094421566623376,-0.23232609873332694,-0.9238902216142539,-0.10332668340830865,-0.2411937476981346,-1.0877862433442504,-0.18432026851416028,-0.19559021756920777,-0.8398281484539133,-0.13101560073503704,-0.16738139852144102,-0.7435882069352097,-0.07676590906764365
A,0.0,0.0,0.0,0.2881869765645431,-0.16424720319934238,-0.1268560355929601,0.5713267733325058,-0.5523537973794005,-0.16451792606123325,0.6199007827053687,-0.9620454197366908,-0.18762950172998033,0.44584223315361526,-1.1827831691551114,-0.18487579117272784,0.3725970824090695,-0.9476669127315126,-0.07876181089874999,0.3626044531114141,-1.131188696832728,-0.2088811894093725,0.31924119746472657,-0.7949904824487111,-0.2779729001728259,0.31929559338195446,-0.7179690634138517,-0.3172068105816759,0.1641644507897665,-0.9836765685901933,-0.07369152938782969,0.13464545259203514,-1.168404662149933,-0.2084677169949265,0.14310876219245486,-0.747263306067175,-0.22525547765249754,0.1655818892292556,-0.6914470264813213,-0.2183585470367353,-0.03604777713535865,-0.9613681740167216,-0.09094057956051332,-0.0684162718044266,-1.1837156233062125,-0.23415869906222272,-0.03551292072813307,-0.778575493812143,-0.17027644557052807,-0.011365271099427424,-0.6802597833990282,-0.10165388580109701,-0.23883470836375534,-0.9174602971784785,-0.1190937492381944,-0.254408601509394,-1.063846992650781,-0.19495009709863467,-0.21206099376956802,-0.807123751077276,-0.13602042360730685,-0.18605080807440103,-0.7162144916577504,-0.07854095161362604
A,0.0,0.0,0.0,0.30899509068362985,-0.1552093339960996,-0.0804277040025964,0.5555262376801958,-0.5018075626781572,-0.11064598695459103,0.6004595816651606,-0.8957260643712647,-0.14338259546756915,0.5649824763069979,-1.1830611877867683,-0.1669230089140363,0.4658272220318644,-0.9279333411349264,-0.040077679790121216,0.46576718311462545,-1.285046567458878,-0.1595860076136844,0.4506142336968564,-1.0311462437604035,-0.24169621328468036,0.4381317061562081,-0.8088134002911591,-0.28333833298827366,0.2625012806587909,-0.9632368794414347,-0.057164602127730876,0.25764806207419744,-1.3261745357075707,-0.18109931618124614,0.263966339401089,-1.013524166580766,-0.2332638838105546,0.24173742152087282,-0.7710068941057929,-0.2477062726428007,0.06747610165983911,-0.9344489827570326,-0.0915713978018373,0.050763996142208404,-1.2680522790302244,-0.20863598818518006,0.07428691643142549,-0.9778196774687692,-0.19372496831346706,0.0704276694121397,-0.7473537439470012,-0.15931072917814382,-0.14056857112321264,-0.8668977778698109,-0.134663184452582,-0.1465756831163049,-1.1365583173435096,-0.21710095699795026,-0.10835365304281136,-0.9398069648931041,-0.19735882377935443,-0.09513084565260681,-0.7520496605684287,-0.16448279534890153
A,0.0,0.0,0.0,0.28067795188851663,-0.08364551839847492,-0.08337836309280697,0.5053804456321283,-0.47673989327787986,-0.09605562987134693,0.550302852567827,-0.9011742412846301,-0.10756591124345696,0.5756609221106997,-1.1681174917861101,-0.10499431052822285,0.4358529657471538,-0.9106015679781846,0.0012722925588130305,0.4330581640239528,-1.2319077116750918,-0.09112038455771677,0.4271889975103257,-1.10603438884766,-0.14102439966838431,0.43214673454311064,-0.9841093503469688,-0.1626258016384326,0.25073797008855414,-0.9680549904705195,-7.603284557692038e-05,0.22809450144826257,-1.274572165016312,-0.08923687631590442,0.23769165907850417,-0.9966979778626032,-0.10880080571036972,0.2602860642968791,-0.8456590052906073,-0.10562839179008378,0.07454878694805682,-0.9515884356787915,-0.0222444618643871,0.0562437267813194,-1.2288624637200587,-0.13209849648397956,0.07255853208752058,-0.9355146991182905,-0.10854793091686667,0.08864371850677927,-0.7823004606195871,-0.0685520135204539,-0.11255045369046418,-0.8869126909667906,-0.0522490369286311,-0.10719010646579517,-1.1027312341193416,-0.13455443937819872,-0.08038956195671,-0.9031424771860168,-0.11833283903084446,-0.06272921691386983,-0.7772175522802017,-0.08776684526993286
A,0.0,0.0,0.0,0.2929589647870271,-0.12153809898926196,-0.09479061522258982,0.5131318945535114,-0.47182735774892937,-0.12462132214956681,0.5376143944768605,-0.8951180479083567,-0.1515609016764646,0.49746116720993144,-1.1689636340361862,-0.1605182026523779,0.41825773487692885,-0.9291356052545865,-0.021613850683172876,0.3817316965184736,-1.2846617333368586,-0.12359085910501347,0.3841898397762033,-1.1311997585132054,-0.1678299665346596,0.3968739287002903,-0.9935358419722031,-0.18321860766338183,0.2358390949306853,-0.9714737576209331,-0.02487286787123263,0.1912085243170823,-1.3213706689540112,-0.12500355845388086,0.210923034185009,-1.0160501459468558,-0.134216943785214,0.24745353220195826,-0.8667558501369755,-0.12044690238761062,0.06433903174931938,-0.9475687578423391,-0.05006672497348828,0.021721099888025713,-1.2724232001786344,-0.16973256193211778,0.05021893279015624,-0.9622953703566897,-0.13405077024586912,0.07769535011582762,-0.8083941960620388,-0.08339130521321111,-0.12636447468864642,-0.881168031097276,-0.08439399791306172,-0.1444843234520831,-1.1358005882657656,-0.17440666848717465,-0.10544062846220202,-0.9306975109363446,-0.15400273129838138,-0.07547690068704116,-0.8000240834545055,-0.11799430807277722
A,0.0,0.0,0.0,0.2979423816934276,-0.19179733553151856,-0.11036990222122059,0.5647453935618809,-0.5590427332654994,-0.14868220838262838,0.6056432294140317,-0.93265329386274,-0.1753077875133927,0.44678560896678643,-1.132329162395026,-0.1781549633550585,0.3907820586466751,-0.9436271131961849,-0.07032637764116058,0.38078854632926945,-1.0460609424211604,-0.18988175074615588,0.33754396458592895,-0.7292143888858141,-0.24522098099028425,0.3148336827001378,-0.6772211655724348,-0.2731555493099128,0.19066747348058008,-0.9789684547473199,-0.07257188964176785,0.16040668482371095,-1.0464456530701447,-0.19140441341141673,0.1642346596387676,-0.6464096579913662,-0.20374184286524008,0.17723496062748298,-0.615091215690394,-0.19628631119399306,-0.00740822177259742,-0.9523799090727486,-0.09537184442037781,-0.03582209320754546,-1.0211399135209447,-0.22281854141728324,0.0018572483263055793,-0.6510409444997267,-0.17419137229673248,0.02610686476538548,-0.5948199490301894,-0.1202068012822791,-0.20665220641206944,-0.8961740002953283,-0.12784178806301963,-0.20747273661268084,-0.924871731122174,-0.1922931616981225,-0.1664534419566023,-0.6914473696195148,-0.14354755384516385,-0.14441976541510318,-0.6360366825700604,-0.09660071972107528
A,0.0,0.0,0.0,0.28521401371736405,-0.1890221531672727,-0.10706408588135119,0.5338432887803749,-0.5383853400822779,-0.1444964651473497,0.5610035957852083,-0.8824453301015215,-0.17118109576601293,0.4242792007758144,-1.0748295793349223,-0.17636604363425243,0.3588053638406516,-0.9444906318117251,-0.0668943789428513,0.36602716309095773,-1.0037587978081166,-0.18695745164571348,0.3286397675718069,-0.7040434078160852,-0.2507482336415836,0.31158243777504824,-0.6555028949980821,-0.28600389864604453,0.15914618515520848,-0.984427009494489,-0.07467231567509816,0.1426829524154381,-1.0157261909025634,-0.1857224781319478,0.1541728074541212,-0.645970301665505,-0.20679323748932943,0.16848928428914803,-0.618641097657538,-0.2107141117034885,-0.03338573012596003,-0.9349340612310484,-0.10255666691522197,-0.05917922836247125,-0.9857023455894444,-0.22451580388754822,-0.021454461343627888,-0.643447620536151,-0.1868361394455266,0.0060219862055323715,-0.5933372845408059,-0.14443516208406418,-0.219525913135637,-0.8498159923704576,-0.1399533971890019,-0.2487191105234017,-0.8782315664079605,-0.20580190503238224,-0.1998778258377172,-0.667487927742012,-0.16600804409851008,-0.16572234154644433,-0.613162454906739,-0.12748604678368464
A,0.0,0.0,0.0,0.25175032782571527,-0.17080050046246154,-0.11738651445525466,0.509879213253216,-0.5378864346894752,-0.15824313951034705,0.5511213258657294,-0.8772038834054725,-0.18182754983983432,0.38763121341899476,-1.0200642720633142,-0.18008979560182467,0.3186969499671031,-0.9441291156189511,-0.09391922285130119,0.32418544327010634,-0.9346408071709876,-0.20076940810290872,0.291197409852974,-0.6422827656372896,-0.24626534125430452,0.2636005506355611,-0.6365121483088296,-0.27212908409722364,0.11996642441958093,-0.9883302358416187,-0.093869068032187,0.11414076097332607,-0.9464191557680958,-0.19866413486066245,0.12890766772080425,-0.5878288751355518,-0.21099701227011408,0.13645410524902707,-0.6174222965812695,-0.20959543977821338,-0.06662729383373821,-0.9416803236825749,-0.11132578989364658,-0.07520125889413147,-0.9196830637444141,-0.22738006239177203,-0.028319352185228477,-0.5947617461297906,-0.1885940406483811,-0.007562606691737144,-0.5986478195727881,-0.1486468169951453,-0.2393596798704472,-0.8596809706148459,-0.1385488449147358,-0.24022622538593585,-0.8339887273479478,-0.2005700179870013,-0.19678287630602412,-0.6288306298377676,-0.16010451942174678,-0.1787363157778851,-0.6140423838494132,-0.1230063758759326
A,0.0,0.0,0.0,0.2480883654832263,-0.1929167303105294,-0.10089018770586346,0.48727919645020795,-0.5438817043760831,-0.14084568594565575,0.524716869776935,-0.8571792938035023,-0.16877051417031672,0.3711698738621089,-1.000258613751232,-0.1755164566938423,0.3092686419653724,-0.9541333779576268,-0.08935212290801685,0.32976436025985445,-0.9506871116337583,-0.19995580110613417,0.2925641547303746,-0.6556678799719193,-0.257184036180545,0.26029269874141353,-0.6375040795356643,-0.29158375255337704,0.111466021670695,-0.9889954007749321,-0.09728012776995944,0.11965900872316401,-0.9622351268593529,-0.19684139801776107,0.12827999468658438,-0.614011175559009,-0.211804666054131,0.12897161467396046,-0.6277799323457944,-0.2162025686647274,-0.07027709301919614,-0.9312221109768252,-0.12095119474587904,-0.0680058845789839,-0.916644989146563,-0.22797166859728582,-0.029886087987928148,-0.6078719170168613,-0.18936639554636378,-0.01579981249234445,-0.6046093202999925,-0.15345716012883429,-0.23761536936238076,-0.8370112373146859,-0.15353937390662914,-0.2356623757258498,-0.8172699864313069,-0.20864330142168339,-0.19032780427726662,-0.6207177514308447,-0.16638970807682096,-0.17067620047061227,-0.5948539482825114,-0.13049172204981221
A,0.0,0.0,0.0,0.25042748118458846,-0.1551614717702828,-0.12221000873179079,0.459088028940499,-0.549211218268293,-0.16395072576266653,0.5361379572853642,-0.9074354990582223,-0.19242541417971487,0.6560135831223977,-1.111440491461859,-0.1946549095222225,0.3508933828633203,-0.9395193936474424,-0.07335934111702908,0.3708234435537794,-1.0179652836192254,-0.19194001556573576,0.3131644744912803,-0.7131872054075915,-0.2430906310423584,0.29239258621741443,-0.6373601041989679,-0.2669928064586488,0.15910816060758814,-0.9851458266280014,-0.06459329303806785,0.1570498817988239,-1.0269043106788411,-0.18481650321205245,0.14972561896646827,-0.6533769107067583,-0.19399382346138,0.15499160299005965,-0.597928775784179,-0.18363755582022911,-0.030507333990591246,-0.9563314784055176,-0.07849452177373135,-0.03811151486176438,-1.0167732474672535,-0.21614477460648684,-0.010523622342692074,-0.665330862391134,-0.1685962636777178,0.006883962124630447,-0.5904117323617563,-0.11179766676869714,-0.21263476186703292,-0.8908493185248076,-0.10103786358075278,-0.20788569315512456,-0.9459787615765258,-0.18403647790304944,-0.1687698427374177,-0.7167760656852752,-0.14278700407112999,-0.15130933302608915,-0.6487672826475201,-0.09546563496760974
A,0.0,0.0,0.0,0.23739092308014853,-0.1566813714669128,-0.1290139486598408,0.4614660908710025,-0.5834993558805204,-0.16541679354661457,0.5678904008065061,-0.9286284562371646,-0.18442167357104042,0.7099013089474724,-1.097665457285071,-0.17147694069974537,0.3468622444001074,-0.9352256532616456,-0.07891885161851893,0.3934939818539981,-1.0287712139045653,-0.18525725890216965,0.32596995964260433,-0.729726142447615,-0.22243859657135961,0.288454350904933,-0.704209888901926,-0.2407133040550365,0.15794748579812198,-0.9855253495244413,-0.06158227971405236,0.17203161603599196,-1.0414300355233639,-0.17128840865117648,0.1645888477609327,-0.6732361786757494,-0.173395741058039,0.1657419378413625,-0.6772455319302856,-0.16160965186306292,-0.028544955212581078,-0.9529876622706738,-0.06677751696678662,-0.017498707883263114,-1.051860559238142,-0.19354971415682726,0.009061885518366375,-0.7040066352072473,-0.14263573214636105,0.014670832686243182,-0.6762609229108915,-0.0880424928593437,-0.19870333412116079,-0.8884402619243424,-0.08143931351720068,-0.18359401799702021,-0.9623559057722451,-0.155261733464513,-0.14665619429484547,-0.7473810369706105,-0.11360347197952701,-0.1417426997998312,-0.7139355676391551,-0.06972200448603919
A,0.0,0.0,0.0,0.23665787343398723,-0.1628350479764494,-0.13980898457012467,0.44806058321453335,-0.5820439706500631,-0.18349738544445499,0.534103857300417,-0.9289427597420623,-0.20680663165069596,0.6653156662836152,-1.1114467966199142,-0.1975877277171095,0.3266220194612495,-0.9350292730284556,-0.09732260605520322,0.37272455376384156,-1.0037919705532887,-0.20537562247306287,0.30665610498951046,-0.7028900147674734,-0.2410306708027845,0.2690083188947756,-0.6822157397422854,-0.25869433665823033,0.14106801720447934,-0.9870921349318065,-0.07582170980507634,0.15494531870917932,-1.015609178074213,-0.18873944302335166,0.15032197556250443,-0.6553712714752143,-0.19155474348425086,0.1528958767638013,-0.6618233340408528,-0.18056769079715715,-0.04147289211398005,-0.9527309123765548,-0.07646892356118437,-0.03041648595092421,-1.0143617629237716,-0.20640540060340465,-0.0014453996718146146,-0.671528262832197,-0.15647016814362286,0.005738478416436891,-0.6469093536261279,-0.10273331664108698,-0.20928756319447445,-0.8879400936692742,-0.08742976224753368,-0.1928142370241131,-0.924704784811459,-0.1645178727736208,-0.1555582718225562,-0.7141602810860528,-0.12603429855551818,-0.15031885164739742,-0.6908991995053554,-0.08442241142367163
A,0.0,0.0,0.0,0.24336536949161827,-0.17084737879360826,-0.13964021073019606,0.4552129631105323,-0.5933684897443018,-0.18322841013374894,0.5392909036785305,-0.9534392484949415,-0.20808431430598195,0.6678317173511525,-1.1458244920637235,-0.20078806055797122,0.3372565916277157,-0.9408182698621997,-0.09217012638918311,0.3794669192651212,-1.0414715410356616,-0.20230131881678154,0.3151891055045827,-0.7334974101052523,-0.2412053740856879,0.2794757535736746,-0.7147196489667058,-0.26114843877132626,0.1471010949083167,-0.9865581807538587,-0.07116336040696082,0.15431911630238493,-1.0528221008349332,-0.18529738470229187,0.15175264332322422,-0.680032550026646,-0.1895918379457959,0.1519874585806511,-0.6894225337548466,-0.1804095764170762,-0.04003132609868794,-0.9514749952274457,-0.07265160716365876,-0.0330847868635419,-1.0597701109486493,-0.20551954859659002,-0.004196994405396358,-0.7031426789304074,-0.15234329590597104,-0.0015334959719923709,-0.6752819274337726,-0.09587219642145922,-0.21697528643948538,-0.892380032233854,-0.0841564975836044,-0.20712124052244588,-0.9688806367856811,-0.1628625860548315,-0.1662651717970013,-0.7524066047503047,-0.12062558561050016,-0.16323778851165185,-0.7222399359069114,-0.07614025534199503
A,0.0,0.0,0.0,0.3392409775443618,-0.11372557875592118,-0.10314226584214906,0.649199893149447,-0.4951015664893004,-0.133852243573767,0.7499986504761705,-0.9109813946184102,-0.16389689658568987,0.7403941521710726,-1.256994783833727,-0.20440799840172638,0.5515005730110909,-0.8430338291298572,-0.06199827314996946,0.6071290470934434,-1.1969040882905533,-0.1648524285731101,0.6369607254878779,-1.3475912329450253,-0.2608671763870696,0.6519516339065049,-1.4495334063789205,-0.3271077613534573,0.3257852241502541,-0.9426914217224972,-0.07208932747769031,0.3884346052081721,-1.3366551178136632,-0.1538480862838643,0.3952537328707072,-1.3645808681781146,-0.2258081790477218,0.39835922062424917,-1.354076805613461,-0.28116050814972426,0.1033414018082144,-0.9575651180297196,-0.0994304991459207,0.15738427603778996,-1.3364252666924394,-0.186832883043738,0.16440595692285445,-1.2987604281254608,-0.20211858062610177,0.1598132261783265,-1.2315605999238277,-0.20947242698593768,-0.12907072665889538,-0.9276554858421061,-0.13812195504669436,-0.08219467652316448,-1.2526397840162316,-0.20366685693440084,-0.05752068280757932,-1.240375710539874,-0.19669444242449305,-0.04333977621284283,-1.1817381356143184,-0.18983311910540637
A,0.0,0.0,0.0,0.30858837016941887,-0.16152840046611358,-0.04893102474352028,0.5198535433374262,-0.49036316226097454,-0.058110209894578393,0.5601090668240039,-0.8677924426560154,-0.07647614389047246,0.5478356524577271,-1.1209587913185441,-0.08319074324800113,0.45031877295607503,-0.9213287995956668,0.01119155245977334,0.4479725605932789,-1.2968640531594466,-0.0775922399473528,0.4488717377035403,-1.1067030529232567,-0.12499486324184886,0.43058081737108744,-0.9110786376065344,-0.1438710381767985,0.28771387383080727,-0.9576146888295264,-0.013958314482761146,0.29175830100397226,-1.3337860457938013,-0.11470421439057174,0.29965342091053354,-1.0356950697672143,-0.1492204719629413,0.28405940863452783,-0.8323967969335861,-0.15271070437140616,0.12395892967461256,-0.9384728951479341,-0.05463234558623953,0.13130832095955208,-1.3024473446708063,-0.16059602069204085,0.14539136042394663,-1.0117817993982798,-0.1444624605982558,0.1325468190068131,-0.8155791932548806,-0.10820045056243473,-0.07134657693964869,-0.8884091111771977,-0.10121775883823826,-0.04861721617395449,-1.1912867302333288,-0.18462557067948268,-0.014295004678522117,-1.0176837918539878,-0.17253134768511,-0.012669089691251908,-0.8668044489527235,-0.1433306593265698
A,0.0,0.0,0.0,0.34484871049156385,-0.1541407064040627,-0.04120146881798815,0.545613064921111,-0.48953154043686603,-0.048994016336166894,0.578655241723748,-0.8801673479150715,-0.07164355689207544,0.5707337934200386,-1.133128632000007,-0.08568411741028488,0.47083848501369074,-0.9147045303185626,0.026007746800119167,0.46945082944809446,-1.3320269208691984,-0.06527757548235864,0.4891202882960646,-1.1932920723664548,-0.11205394995186767,0.46778592985638817,-1.001764486132981,-0.12917942058965384,0.30893299778812866,-0.9510554874342896,-0.007339121116722654,0.30000407914397664,-1.3692465725157008,-0.12337546967434292,0.31815156671843475,-1.0886839743749992,-0.17179101484398945,0.3002260589207992,-0.8633124695999211,-0.18102341265300176,0.14975119729762515,-0.9354853234856918,-0.05627529585422671,0.13934413941441454,-1.3525317003831145,-0.17588488841278466,0.15711713223836724,-1.0637328322736994,-0.17177654514606608,0.14345440513878457,-0.8409534155992451,-0.13972122993784783,-0.044008849291804875,-0.8920032275903884,-0.11086683235208789,-0.026408928922021416,-1.2237215523224447,-0.20784524702940488,0.008372995156885643,-1.0440951580589002,-0.20678821573070758,0.013126848437428885,-0.8700715231092487,-0.18317004168301218
A,0.0,0.0,0.0,0.2855264830752053,-0.15113170780656868,-0.09369882570879731,0.584871230795334,-0.5079138976902986,-0.12414073174163755,0.6973184231435845,-0.8862896606392117,-0.14902057635069832,0.5969171614927025,-1.1647019050044054,-0.147918607870722,0.44165819454819233,-0.9284188896127422,-0.04425842290826212,0.46517077747383156,-1.1825896265972953,-0.16092487169175193,0.40801834808490967,-0.8749511784843639,-0.21212293299499357,0.3829783480008587,-0.7721836825189697,-0.23368152202721257,0.2570960304250292,-0.9651674886412044,-0.04851133898093189,0.2515355968297224,-1.185158853978182,-0.16123024660153612,0.2265193573296928,-0.7739852602622433,-0.16369122338899386,0.23719973984729512,-0.7174058264956827,-0.1462384889782211,0.07012096757113907,-0.9563279802173725,-0.07383750488483022,0.06961017213146829,-1.2087170161010545,-0.19673849745065244,0.07034606483466836,-0.8153668304741402,-0.12865806998672774,0.07544893583719846,-0.7275960327342674,-0.060012321968898164,-0.1320198592022706,-0.9305958388901224,-0.10813510828462734,-0.11795524984849108,-1.09620276864309,-0.18174458366857107,-0.09551497751039287,-0.8408563396837875,-0.12664691646720325,-0.09096711034184253,-0.7522795098244209,-0.07061973064957668
A,0.0,0.0,0.0,0.2860119585480312,-0.2154022106367075,-0.11142242502591351,0.5216766093016799,-0.6226755262594986,-0.1437306685203226,0.5375663329494834,-1.013797865979197,-0.16304738368859634,0.40427269380763814,-1.2397924589363325,-0.15695485238606738,0.34587815931196714,-0.9714742338442219,-0.05965470186429076,0.36655717902088547,-1.0347490919163729,-0.17667857611243726,0.32114879855836226,-0.7195296789256458,-0.23864381825392014,0.2929083608492907,-0.6950282703495072,-0.2744638027884071,0.14355263729498888,-0.9874717445860315,-0.06551483778406826,0.14108169484270858,-1.0341671073325773,-0.17412342499296468,0.15162905633423754,-0.6523446906628001,-0.19602954983116877,0.16509740425744138,-0.6508808017153426,-0.20238415493695963,-0.05215799952601013,-0.9189616542132343,-0.09208118665065743,-0.06350324840853586,-0.9881161668157452,-0.2165704536334255,-0.020527854881958484,-0.6329665647835739,-0.17499644294605643,-0.0011738277432621336,-0.6018175186322815,-0.12946188640740688,-0.24112153669730482,-0.8266898770588345,-0.12798597547461685,-0.2461476028841253,-0.8512302817787395,-0.19284384695025342,-0.19894895984955988,-0.6443010787725909,-0.14570116502508879,-0.18574323342826635,-0.6128266996241457,-0.10205140384519625
A,0.0,0.0,0.0,0.28646221398998933,-0.17960718068031625,-0.10350498719588232,0.49652438493809364,-0.48645052486049695,-0.16486836937281585,0.5505617086402765,-0.7508520854908074,-0.22656639253087474,0.4528211682057819,-0.9338062056571921,-0.2810518967940991,0.4194095835677269,-0.9510362751523019,-0.11967681685650211,0.4080002871692962,-0.9760716327163874,-0.27289672067611853,0.38877006468355196,-0.820688852236287,-0.374558948215819,0.3975883936694992,-0.7733292650356985,-0.4346984536769321,0.18541458579357756,-0.9722649354911855,-0.14255639792488115,0.1442458378268511,-0.9068224518986484,-0.2836297736718771,0.15903395509067134,-0.6781758581769335,-0.3326500175295067,0.19981795736106564,-0.626591584654538,-0.36080861524959845,-0.035377081762243925,-0.9007941471650595,-0.1836163607737185,-0.06896260152039245,-0.8135369306625116,-0.320611341338197,-0.03553623643274712,-0.6075152200911502,-0.3174183102197055,0.008290924206197375,-0.57118921328712,-0.30400860860453816,-0.22602091999756546,-0.7794932674122839,-0.23711239464922412,-0.2567001897154509,-0.6901124080194527,-0.31694740408685373,-0.213847630735499,-0.5342118577967072,-0.30534797965256677,-0.1650112092611701,-0.48777622525378506,-0.2907059769697648
A,0.0,0.0,0.0,0.35610189370510625,0.1531243429276067,-0.08842478386960982,0.816110775226205,-0.08418710140742451,-0.10485496715252202,1.1240265652114894,-0.3778121963866646,-0.12581354010147255,1.3679464368327008,-0.6023780827841189,-0.14132941578442026,0.8667837807034796,-0.5125529876676211,-0.08429467217460622,1.0537838121270229,-0.8299233792366971,-0.23253586866018558,0.9847900614111793,-0.6432569343552843,-0.31698061719944187,0.9030477698676651,-0.49990901370934177,-0.35546089370314726,0.6766778978280684,-0.728617637298411,-0.10594036628531851,0.8636424660027215,-1.0622764316556395,-0.24174866971576742,0.7452127806178518,-0.7297019178474223,-0.2748845600394705,0.6469361635695823,-0.5358967541076397,-0.27857389793686327,0.44255947162208376,-0.8776279119225243,-0.14749944108490437,0.6091948152284998,-1.1974220674087395,-0.29604851740007176,0.49647239288932055,-0.8359668802823792,-0.26057629912509733,0.4110760609811875,-0.6308108254398782,-0.20905903217877062,0.1796243385188513,-0.9843176047635817,-0.19573108566493938,0.3192328750002757,-1.2133657806749685,-0.30942008868152143,0.2710051765352603,-0.9480324039365086,-0.28098819532085817,0.21182745425287866,-0.7721583868458519,-0.23920987809939517
A,0.0,0.0,0.0,0.3728566030624929,0.09388809045515555,-0.10066488245407251,0.7821360595822526,-0.1677650462015639,-0.1256472534590178,1.0108430744825323,-0.5441665233078196,-0.14606476225070628,1.151201578818689,-0.8014958460315199,-0.1367313469009423,0.8179996831325265,-0.6107343014056034,-0.06323740264922083,0.9295879574810709,-0.9030238708986437,-0.20976761752297035,0.7640368363720024,-0.6088599663431286,-0.26954319191492043,0.7077171899357496,-0.47057433525380243,-0.2936230274024248,0.6411547398400883,-0.7637434457288075,-0.0749436367337265,0.7425544720245247,-1.036757705648339,-0.21610520594243424,0.5842222329491619,-0.6567995067041272,-0.22705524930464097,0.564849757442208,-0.5534145328867179,-0.21652920274292226,0.44260547884859425,-0.8696179986432622,-0.11115825118698376,0.5578340405420694,-1.159191969580796,-0.2694871252083744,0.422049626028109,-0.7842697141164545,-0.20793059600167602,0.39006675097119076,-0.6578906254545894,-0.136984865159832,0.2286205750763708,-0.9526565942499511,-0.15552294749228052,0.3229985613056352,-1.144499442885578,-0.26289608863531194,0.2576224329457309,-0.8973025780931166,-0.22028504113388547,0.22162056176143544,-0.8008197506042867,-0.16763905216112038
A,0.0,0.0,0.0,0.3633299584954012,0.15170098933057538,-0.12359090760275626,0.7868201087620892,-0.09026037456856609,-0.15579038982177687,1.0316674732627402,-0.4797129454310245,-0.18069689350797982,1.1839957533184895,-0.7432116769492266,-0.17408610992547383,0.8520480654722346,-0.5589032963228898,-0.06111665384615534,0.955994901584122,-0.8524287395922079,-0.22325119677156638,0.7817265022828561,-0.5740025735105619,-0.2911989756061479,0.7171799804777174,-0.43162784677089944,-0.31685075800298895,0.6785263925869499,-0.7318573239431372,-0.06314104808862787,0.7455503725457697,-0.9714163655959054,-0.22019100102464592,0.5733523366556996,-0.6028703971345104,-0.2392449929944355,0.5595688788543892,-0.5013901613862306,-0.2294811433672479,0.4799323451757743,-0.8476453763680054,-0.09508642182729739,0.5477170942924037,-1.052001580585867,-0.27030891323862966,0.4005555298357152,-0.6966449316529657,-0.22048627862569203,0.3837352205361421,-0.5941672269232764,-0.15281090364773536,0.2680262128230082,-0.9320981361821116,-0.13774306881048412,0.3197952872697706,-1.0344401909211507,-0.2542990293901351,0.2413552820572443,-0.8024396188648115,-0.22347503011392952,0.22475227332967354,-0.7382056566432523,-0.1768995081040259
A,0.0,0.0,0.0,0.26263410893454453,-0.1606974961153307,-0.09439819213475,0.46191501445772776,-0.5930097133223882,-0.11821490089046244,0.47786739420319624,-1.002661368064395,-0.1394145336294331,0.45021106038314923,-1.2796404986550038,-0.13998919530626483,0.3620952466229819,-0.9684111760124269,-0.01705488258876525,0.323262496858314,-1.2619749707598524,-0.1395211986220156,0.3069084464370794,-0.9716137352371229,-0.20982587733209718,0.3362114949504996,-0.8226919069458808,-0.24369967964696432,0.1584327415224983,-0.9872071778424922,-0.01791799179392655,0.12118266754646134,-1.252606502647486,-0.12052373979164095,0.1338208037261731,-0.9088821328531931,-0.13412321935211916,0.163973119862216,-0.8013261214925327,-0.12610381242849758,-0.04650280542930525,-0.9479323570192006,-0.04383492949518469,-0.08604864037103645,-1.2025542350099814,-0.15538055924889868,-0.05269609816310689,-0.8832479057338006,-0.0998159264550787,-0.022940540802178774,-0.7588881594472722,-0.03935489235889288,-0.25613148925722257,-0.8747267404837964,-0.07908475089104335,-0.260997218042474,-1.0902572571406144,-0.14595135241504023,-0.22328996891331038,-0.8892304779296583,-0.0944604428006614,-0.20581790850506482,-0.776729533385743,-0.03978804141047404
A,0.0,0.0,0.0,0.27676423628741326,-0.23894804179588014,-0.08682114797479641,0.4197371560630182,-0.6974050653941563,-0.10779373783340987,0.40853325535671114,-1.1052414835518591,-0.12923678739091699,0.38622799451398565,-1.3898162953656752,-0.12732609192427075,0.27164477495803,-1.0113065350306631,-0.014059623346335006,0.2248439976666628,-1.2807393947436827,-0.13120856852326163,0.22704077858157198,-0.9921288164040717,-0.18491272517879592,0.23509443557659324,-0.8540174163317771,-0.2060441295430458,0.08905692362455063,-0.9957761899584648,-0.022330335114691385,0.04103827143627033,-1.2433096740150242,-0.14737488446688712,0.0936602275291413,-0.8945685378092821,-0.17090343511629924,0.1143029602764364,-0.7843177944174465,-0.16751984306535497,-0.0883281178949301,-0.932214525921706,-0.05326617903080625,-0.1359623251979219,-1.215321472219292,-0.19526892518721448,-0.06587315878707303,-0.8717846811943704,-0.1584624811364381,-0.03969625116490376,-0.7312114300922778,-0.10276887977579158,-0.2678716658278322,-0.8343827067375641,-0.09124134567724762,-0.28069225296303113,-1.054655094857602,-0.18884795259502365,-0.21226561464761265,-0.843487431991209,-0.16218814469011394,-0.1871906068927765,-0.723299026844868,-0.12116443182138663
A,0.0,0.0,0.0,0.2758710799204033,-0.23723418559453033,-0.0956480711057607,0.426510685497403,-0.6880439318956776,-0.11979856368281967,0.4091076171411261,-1.1140263625531024,-0.1409566508803338,0.3888543552558873,-1.4037424844947775,-0.1362093479554185,0.2758398633575062,-1.0081449655825672,-0.026026523369425705,0.22883533074002946,-1.2842551334891164,-0.137511881103472,0.23358973460570975,-0.9829027895393545,-0.18088071826103264,0.2465668348419809,-0.843428510185963,-0.19548083157972812,0.09220137253970118,-0.9953407698068653,-0.028207425654817004,0.0479734594319201,-1.249603976532288,-0.14916725496927238,0.09617657569759146,-0.8906301594037824,-0.16475405434844093,0.116993610914868,-0.7826389419437372,-0.1563504839177427,-0.08587632330620912,-0.9357362175900907,-0.05253375441580471,-0.12795205846811092,-1.2281814723618605,-0.19228630447071884,-0.06574152993175268,-0.8733462213935437,-0.14537769660062483,-0.044222839037486854,-0.7287704055828218,-0.08343513550756264,-0.2711995709205078,-0.8441972318355366,-0.08452962487943605,-0.2778656859224719,-1.0668005563484473,-0.1816450414638024,-0.21318960044662863,-0.8460168375653929,-0.14903987925900616,-0.1923292150200993,-0.7232055844464544,-0.10333009633121039
A,0.0,0.0,0.0,0.26871367885601777,-0.23814121720274825,-0.09577764774022672,0.40599214031093467,-0.6980783023230608,-0.1174873642223284,0.38612886873441343,-1.116048164349575,-0.13588285347677798,0.37358182804708967,-1.4025856577612212,-0.1266939839143552,0.2601368052744797,-1.0095070654433231,-0.027348616006079744,0.21895820290799634,-1.288274384836454,-0.13940481611397418,0.22208693717246003,-0.9862233877195856,-0.177822739179612,0.22912300089253707,-0.8500309164472019,-0.18768689434398442,0.07967534641658965,-0.9964212754519067,-0.028221994971862674,0.038992816345058495,-1.248597476305082,-0.14975184054479704,0.08366008615964281,-0.8890796676142533,-0.16118232138193633,0.1032448340975625,-0.7939884979896142,-0.14944866394841214,-0.09674193167781396,-0.936422221623139,-0.05157584631272404,-0.1362058934382881,-1.2233421098021806,-0.1919978475028623,-0.0782471731800233,-0.8709459379871125,-0.14138429796701513,-0.06003690981505284,-0.7405337635496712,-0.07662401840154384,-0.27867139199517815,-0.8460205924124046,-0.08267041652358252,-0.28270494459464235,-1.061734411291758,-0.17816800385336817,-0.22080098411012847,-0.8447307496611783,-0.14363120962765508,-0.2040090875829616,-0.7336473706755146,-0.09682266607653257
A,0.0,0.0,0.0,0.3368162843631181,-0.23732886114127813,-0.06453074594371686,0.5231336477618508,-0.6780480950758477,-0.09303683659572068,0.5477202663272578,-1.0846213102212998,-0.12567825236685887,0.5440392946767276,-1.3641159768431796,-0.13479581594809145,0.4245734358844985,-0.9640326555266324,-0.028040261573051724,0.44766178304280296,-1.257859454052223,-0.11540387785920624,0.42672381197343845,-0.9556792039216145,-0.14609517211986292,0.3974445694152398,-0.8459232400578661,-0.16073050400708502,0.25047448576558945,-0.9667556141927102,-0.05144039664834881,0.28820485509127947,-1.2576703109018696,-0.15023600171458035,0.29294057795672124,-0.8957156721335211,-0.16830696082069388,0.2649051126472859,-0.8113633315515048,-0.16950244215204108,0.06830831677198054,-0.9175070711512602,-0.08819210754625942,0.12501507287894312,-1.2308800282392187,-0.20173384037027514,0.15213480426106396,-0.87208530980504,-0.15265906893832157,0.12229305114487944,-0.7626521190201608,-0.09841641474940677,-0.1280208678967877,-0.8398731186930957,-0.1297288583365277,-0.03422050488424116,-1.0463422500848323,-0.21076113640777094,0.01358340610791554,-0.8228531630738373,-0.16706587725147123,-0.015420729787632903,-0.7276410777489938,-0.1196137256723711
A,0.0,0.0,0.0,0.3242125819633087,-0.25260371686846705,-0.007054417660684963,0.4619337728248454,-0.7115101122309685,-0.02100562183384039,0.4926067258724673,-1.0699222111662583,-0.06319849275581128,0.5119986502914485,-1.3495685893089913,-0.09560130282308997,0.3364996670603501,-0.9625215059994914,0.06749075336197172,0.4519493118184095,-1.2434922588773876,-0.012118811928779014,0.5012932776854592,-1.1262700326292403,-0.05802742928189122,0.4867334489481406,-1.092670137020684,-0.08345719415635673,0.1900772890632118,-0.9817593936480046,0.004372318181766491,0.3640089512038244,-1.3008551619243796,-0.10324445522733462,0.3941471051710806,-0.9885245715243758,-0.13758704772295413,0.34177911576978504,-0.8632327942722606,-0.13532302429573193,0.04665381062983933,-0.9540120415900779,-0.07439949970905749,0.2449213311280388,-1.327612312446733,-0.20323811690539756,0.2946767934824668,-0.9807854129283237,-0.17730402033831177,0.23915062342300228,-0.8137835760434423,-0.12301530491832352,-0.10571959444299019,-0.8791934673053787,-0.15471017698973724,0.1178767300713589,-1.1177008073191703,-0.254869903844038,0.1917796819852837,-0.8934940069104607,-0.23138643106744916,0.14973368071811205,-0.7499629588559062,-0.1911927128180779
A,0.0,0.0,0.0,0.35039853756963835,-0.24087394219466146,-0.02218798768784326,0.5138408715801623,-0.692278558268161,-0.04815799196619057,0.5524046601785403,-1.061782130894962,-0.09698522169195646,0.5533691368581058,-1.3536165711287336,-0.1339624368440677,0.4031990136831434,-0.9425471606860888,0.026194668537852194,0.496101793311325,-1.235302681284504,-0.051586750215144264,0.5345154922879759,-1.0735516480327552,-0.08596283053365973,0.49835994238483405,-1.0042600586830774,-0.10253599393996479,0.25054207623681424,-0.9675416406005938,-0.03304302859693587,0.39227033224482777,-1.3246902310125488,-0.13408777098659078,0.42565686343814646,-0.9952688044405347,-0.16156960281171903,0.37311265668731614,-0.8464420411561866,-0.15873556987417814,0.08896019873923561,-0.9483440352976954,-0.10592581747737985,0.2531054118208835,-1.356953465285005,-0.22552765024645982,0.3052308056152783,-0.9893906580320477,-0.19415827734822316,0.24787692622158214,-0.8061258374620431,-0.1417672416142621,-0.09235153087635578,-0.8837624868146132,-0.18142545510297575,0.10488484883506696,-1.147115591747346,-0.27810201294245956,0.18118962933307448,-0.91453804919062,-0.2511154271173376,0.1336451145922236,-0.7646370345247588,-0.21110156927260734
A,0.0,0.0,0.0,0.3329024221005216,-0.24741271980739354,-0.016266381878902135,0.49199782910310863,-0.6698770275617218,-0.036170145662523474,0.5325975154945851,-1.02093263478614,-0.07892978521633022,0.532937869811095,-1.2845120627243474,-0.10755085412225851,0.41448384016568884,-0.9426187156821951,0.028196913046063664,0.5119086785223486,-1.2315908674161236,-0.0538943031686767,0.5296377007363969,-1.0535192444272055,-0.08924885541244516,0.49432996321097095,-0.9873516590420047,-0.10409349060230985,0.2626098691787653,-0.9644240659728108,-0.030369023401868308,0.3901787385805342,-1.2851977693971153,-0.14125064759485856,0.4055741638458183,-0.9562993257002209,-0.1698288750716649,0.36037689040306237,-0.831500955063252,-0.1648123669571023,0.1022014405633099,-0.9434114535476192,-0.10194401351414686,0.24897936146162974,-1.324830639855841,-0.22844114624326842,0.29167712741666374,-0.963696058817296,-0.19672968117176784,0.24365669293663925,-0.79171095111098,-0.14128167201231978,-0.08056602362413223,-0.8801354170118512,-0.1754809418443271,0.10344058871063208,-1.1287711937166458,-0.27277058932096915,0.16950626284633344,-0.8933143945039319,-0.2432609131378007,0.13328047075155347,-0.7416524135443762,-0.1985136613654194
A,0.0,0.0,0.0,0.33511286361628384,-0.11755452356124385,-0.08770591450576408,0.5866930093741319,-0.5240844028257312,-0.10280496682930054,0.6381319354852244,-0.9734260155444402,-0.11269352701823236,0.6413726213199149,-1.2631887511106077,-0.10071282237547179,0.449024328898709,-0.9247729356402276,-0.055397707332906033,0.4643480955031861,-1.2205629474633368,-0.15701104073606684,0.4376067007068348,-0.9076941851541324,-0.18426707596621694,0.41056712361834896,-0.7357593482622969,-0.18823651919884812,0.2658257923609806,-0.9621016623457793,-0.06080328467397809,0.28940898519296976,-1.2595217539040096,-0.18356636618508534,0.286715669763932,-0.8690402589439365,-0.2011787656059234,0.2632217827765089,-0.7106667626212463,-0.19259052022015494,0.08144097652126649,-0.954257880403185,-0.08294439355067704,0.10941032668040103,-1.2873463541734098,-0.2177301464744718,0.12355277541870165,-0.902176448354798,-0.17798699905030826,0.10566189990858392,-0.7218123800948798,-0.12339677047152584,-0.12569493734728215,-0.9165293860073049,-0.11124264814274594,-0.07614600818976634,-1.1608288727869058,-0.2143984493016558,-0.033952841745059886,-0.9134696685437559,-0.1935105409685412,-0.03706701096661519,-0.7679111888086082,-0.15764260050560736
A,0.0,0.0,0.0,0.3101994602867502,-0.09040586181060926,-0.10554810914042466,0.5819009456344559,-0.4994508801062653,-0.12384570660890686,0.6455378812109918,-0.9764104695098377,-0.13434097656639268,0.6646631005388695,-1.2773532645509869,-0.1148128590402128,0.47367085759971456,-0.916905925005581,-0.032175125955097535,0.459135611460567,-1.2544843382546305,-0.1589945786363869,0.415303440655602,-0.919196070117976,-0.2069046583238976,0.425375833542874,-0.7489982405212946,-0.22126391969694814,0.2753001961382098,-0.960921451422591,-0.02897871981582717,0.26304454316357373,-1.2596210264842858,-0.15509335281060707,0.2594292596078645,-0.8561140428595454,-0.16236777257602344,0.2847852179500646,-0.7383714358781707,-0.14512255345685393,0.08547673660284927,-0.9565854698264433,-0.05139827085078688,0.0831453768234272,-1.2741317548621747,-0.2020678316249768,0.08583885462609603,-0.8790753297350228,-0.14488808296785585,0.10217885627500073,-0.7329916804255064,-0.07301356754770247,-0.11320483489952679,-0.927186501617565,-0.08216358053182868,-0.09457201911611537,-1.1608320765722604,-0.18764423440497816,-0.07519597378002027,-0.9003803332144912,-0.14981306498431457,-0.07160694595345629,-0.7745354440859631,-0.09672543930424113
A,0.0,0.0,0.0,0.3250782977704088,-0.060668986368003636,-0.10218195923888863,0.5835830952589528,-0.5027647963052777,-0.11443315649523489,0.6419594404003208,-0.9848487107460766,-0.11854271749857143,0.6767132370282972,-1.2891737916390609,-0.09447898638071213,0.46276860465744835,-0.9242478874514964,-0.04689314218197676,0.44908875078062255,-1.2784552446187445,-0.17784559424708532,0.4061044234959721,-0.9414744033916322,-0.2236264367771201,0.396151972939293,-0.7466740954674107,-0.23501515774390672,0.2585656436218825,-0.9649348239168245,-0.045217181811880634,0.24574533765399018,-1.296621794808749,-0.18116196524877246,0.24357387522455184,-0.8795103186285823,-0.19120003684118317,0.2585408045358044,-0.7244135247487897,-0.17317926384563556,0.0632647029550025,-0.9602160393988443,-0.06798121737825864,0.06111159705946163,-1.3074182608226022,-0.22300794674296087,0.07010758234292339,-0.9018603614040321,-0.1677393916730936,0.08412876505634628,-0.7288490024813733,-0.09682835796188845,-0.1389841857920717,-0.9229268588477278,-0.09840890527281687,-0.13089928791656327,-1.1697561305732584,-0.21216666447108698,-0.1068171200352003,-0.8985587526498849,-0.18138614281440324,-0.09628566845653125,-0.7544422468576603,-0.13319071005631603
A,0.0,0.0,0.0,0.28673459152550873,-0.044421118484679514,-0.15550425994175088,0.5597424345564749,-0.46026671824687954,-0.19546109530698982,0.6059197932657426,-0.9548791600532085,-0.2158223093105048,0.6108620666148654,-1.2683964832124892,-0.20293333542208722,0.47291072022421243,-0.9120408950193521,-0.05830602272971486,0.4126427872724624,-1.2325977075517347,-0.21393701803321655,0.355043114432009,-0.8730044521712227,-0.29162549597564114,0.391695591454071,-0.716625679512308,-0.3269100113764421,0.2673823221158305,-0.9631703491451786,-0.028452984861013268,0.21011598568898449,-1.232705613875927,-0.17138449672162429,0.19180274095466562,-0.7979933231629132,-0.18736926349000868,0.24676123257807284,-0.7159247658666708,-0.17337941659534603,0.07397340030018137,-0.968559117309827,-0.03155170219335034,0.019510923082289376,-1.2196192096111667,-0.18632007570320522,0.014284014403929117,-0.8117727288523205,-0.12246052304017764,0.07113250371193765,-0.7056923542800688,-0.047700832989958086,-0.11912796802887973,-0.9683654043131736,-0.04796646790488914,-0.161606431634093,-1.1358629619359826,-0.14189955404554003,-0.15154583801881846,-0.8639292711132197,-0.09609665313116747,-0.10778600386602424,-0.7750201895182549,-0.04023297102731588
A,0.0,0.0,0.0,0.29576661173360325,-0.09656617873560873,-0.14368869557564198,0.5435737890834682,-0.4969356928710766,-0.18402710762115798,0.567310512023698,-0.9871344772245386,-0.20846317699115446,0.590304926826614,-1.2901067135846385,-0.19888576923877216,0.4427611651973175,-0.9164770250245433,-0.05595512427124216,0.38859723035918453,-1.2641251191351641,-0.20564165377562127,0.33252213206917425,-0.9070051408066783,-0.26442548182283404,0.35894133882355844,-0.7371924049391269,-0.2829350283357575,0.23795691974224747,-0.9706514852280117,-0.03481664216199785,0.1878078720172759,-1.2550383553361126,-0.1839180756315289,0.16706844926719638,-0.8201139318636769,-0.19399086712515762,0.2152859575125258,-0.721111670815229,-0.17201734528949286,0.0488733869403693,-0.9815755999810108,-0.04421059608575938,-0.0003285803152807457,-1.2628314437829684,-0.21339382149122074,-0.00747192986354228,-0.8469165048093188,-0.14803020636565636,0.04222432474113174,-0.7225159974440285,-0.06490306794735924,-0.14682688979154326,-0.9749759260345012,-0.06447412979168621,-0.17830407435195134,-1.1881588345886491,-0.1708931047045967,-0.16351107819467536,-0.9058329119775842,-0.12199857426190686,-0.12801887158052463,-0.7877943132546865,-0.057798897553477495
A,0.0,0.0,0.0,0.2640811918933745,-0.11441166042183551,-0.12218769628863715,0.5012174656390687,-0.483455531265403,-0.1577770617596658,0.5179897657467217,-0.9166425425170867,-0.1858346956854663,0.5245504991586578,-1.1996622127292946,-0.1847735719922965,0.43655686899598656,-0.9289149725150753,-0.02362799968619695,0.3857284659735247,-1.2101106047988686,-0.17880488634780412,0.33877656656330607,-0.9034006262704696,-0.2539619420257283,0.3595100358243722,-0.7505579544000992,-0.2832507044165775,0.24465004284774114,-0.9694529088297307,-0.017533228344267637,0.21124381533036457,-1.1868895604147869,-0.16900936211059264,0.20337192540299207,-0.8061563300358834,-0.1899448912318488,0.2468618752756072,-0.7228538351432394,-0.1762472161783055,0.06154197809533707,-0.9649536654080099,-0.04272864330241596,0.03196728933025601,-1.1764901753423962,-0.2156019969899888,0.034846481749178516,-0.8071344645781323,-0.16665840495926473,0.07904543502669713,-0.7120211580266979,-0.09507192734035426,-0.13001578286836668,-0.9349088666820958,-0.07818651005889546,-0.13692357606342515,-1.079114901327614,-0.18641529073074212,-0.1183202817911842,-0.8297075136286125,-0.1492684412144765,-0.08571659085428174,-0.747081465702206,-0.09575605906749919
A,0.0,0.0,0.0,-0.283443330842824,0.0021753325260055814,-0.2057895759675185,-0.509326949516854,-0.40638586962879913,-0.26968246696208203,-0.5932615951551943,-0.838564238922811,-0.30762573677010474,-0.6600183371987804,-1.1621632790942857,-0.3024540186240524,-0.45532548093553066,-0.8708220491951877,-0.10939498557988389,-0.41260453871946695,-1.162157640039472,-0.2572404463513028,-0.333754709364603,-0.8186152769399424,-0.2909604501105617,-0.33425497408450777,-0.6359276237184289,-0.2841665638630898,-0.26123082540507786,-0.963405125232869,-0.06007512407995314,-0.2225971238232977,-1.240199204871033,-0.22011557793892672,-0.16658304972630816,-0.8062433249418042,-0.22028485028074635,-0.20512679495748815,-0.7004794953298423,-0.17425354792839937,-0.0741863310239,-0.9976841338663425,-0.04600316908020953,-0.02117223408782077,-1.2524217219166072,-0.2119130356595008,-0.0030209222216470545,-0.8814942289566126,-0.14417164080067,-0.058581992248599384,-0.7781260577980217,-0.05446745748723995,0.08754471482481344,-0.9979095617956822,-0.04854701635572828,0.13927283873693996,-1.203836834010302,-0.14378895708679224,0.1316201043018538,-0.9585711126253943,-0.0950359380759511,0.07714925153889143,-0.8657086348480132,-0.031134978701620603
A,0.0,0.0,0.0,-0.2768549203389413,-0.004273924698206976,-0.19646571137036126,-0.49913661954419597,-0.4274938665035887,-0.25276426043636746,-0.5822208434478093,-0.8744601209840625,-0.2871880083845824,-0.6362121239417848,-1.202396209760831,-0.27592014867670794,-0.44423658490839507,-0.8890819587717292,-0.07502967427194822,-0.4014828916247306,-1.173451545371335,-0.21439455972190452,-0.3308917203115266,-0.8436116793589398,-0.23705555991822833,-0.3301339709071251,-0.6709704707221007,-0.2214149171534746,-0.2526933446359336,-0.9672067400807076,-0.025635824916622783,-0.21929295020551995,-1.2536781272764788,-0.17208619753492305,-0.17702034602213199,-0.8170716427556416,-0.15372743542507322,-0.2034031087382576,-0.7327529414950015,-0.09298429768753959,-0.06602777543964654,-0.9926834743722899,-0.014810805894211512,-0.018528335796257487,-1.2667787422490504,-0.17372815258987873,-0.013077173803946178,-0.9047476099925454,-0.09795322066759606,-0.05803542722530822,-0.8116283853434482,-0.0003362474419241819,0.10210128080853699,-0.9855842074254053,-0.021086202433206015,0.15581372042456187,-1.228006231627504,-0.10981928162234231,0.13742712192696943,-1.0119218595205135,-0.05990835305128458,0.08608551120284531,-0.9299919768858356,0.006132354106818515
A,0.0,0.0,0.0,-0.27968996389382356,-0.027656082754599888,-0.18354700093400508,-0.5050666396793817,-0.4421187216430346,-0.23473641664959985,-0.5912672916914785,-0.8681506622220702,-0.2625373252276871,-0.6545106617839827,-1.1796257955273095,-0.2465820759857834,-0.4331179618405505,-0.8879486322547391,-0.0831213231814768,-0.3961712999946079,-1.175012827336851,-0.20611979619290993,-0.3327264914144287,-0.8491608601832291,-0.22465399788391954,-0.3375384840494343,-0.6788231606928935,-0.2120422319025746,-0.23781355775363525,-0.9705700629891596,-0.03792709556210525,-0.20369213104841247,-1.2500202319322755,-0.17160221495188094,-0.16058724518312237,-0.8332976463355777,-0.15925401554037838,-0.1919561262684774,-0.7445472283263591,-0.10842266612457142,-0.05054443033153955,-0.9938344648400278,-0.02537446944634749,-0.005325110913197664,-1.2506611603827407,-0.1646816227013827,0.006264441916976348,-0.9032546044803602,-0.09237921210546217,-0.03880520682743392,-0.8139276325040878,-0.0043961533406061,0.11682976299224873,-0.9866632815014998,-0.028920906258106834,0.1591326500850379,-1.1884303472688957,-0.10938677459878815,0.14688459993496764,-0.9776158501985424,-0.061802464067741494,0.10134260341852588,-0.908069279385508,-0.000629410471021519
A,0.0,0.0,0.0,-0.32777869337728477,-0.07695113688749124,-0.094436920043085,-0.5870982427526487,-0.4609357681066108,-0.11386402249965084,-0.7021687808582182,-0.8670769045787206,-0.1390841103589708,-0.7419181739322904,-1.1800056603273998,-0.13327756149923276,-0.48743694816793903,-0.8735554990421387,0.0599444473150436,-0.5579536902765828,-1.1844131655013048,-0.0755856903300217,-0.5080458220236846,-0.8581606461162551,-0.14236911700284835,-0.4480100586062856,-0.6732335344465867,-0.1636808493601114,-0.3148348671457839,-0.9475992217945653,0.05417306788091905,-0.3820445991338562,-1.2637050868466626,-0.07912115917631034,-0.3392258977312343,-0.8769431992845423,-0.09625424660868305,-0.28274666707230206,-0.7264603621533849,-0.06558892062873117,-0.12274792052550845,-0.9813685517311895,0.013820778541625462,-0.18303834607900868,-1.292767021889069,-0.12567122461152422,-0.16945079769722174,-0.9119266071848499,-0.06930434017118604,-0.1280215596345587,-0.7470233659876431,0.013014588019539077,0.09053226089652083,-0.9726929502722143,-0.0388323998569292,0.023968563832927312,-1.2182143603268054,-0.12434849444358233,-0.00089607151219463,-0.9527092963732136,-0.07969402852554883,0.019271319447666156,-0.8050553675420259,-0.017341102265865348
A,0.0,0.0,0.0,-0.31057991589801237,-0.19474904200947665,-0.05082938190822947,-0.5029851014856461,-0.6073571492653667,-0.0609197927402328,-0.5431686097449454,-0.9815371028654079,-0.09022141773618274,-0.5423704061847868,-1.2742953416942837,-0.0945059204901346,-0.35216696509482376,-0.9644011034513145,0.08878971899822523,-0.40701424520929463,-1.2907657175750376,-0.05358695130183278,-0.4035008126031499,-0.9860865413020375,-0.13295359441953988,-0.35590148820320844,-0.7746523462441774,-0.15871945803031848,-0.18865902613702593,-0.9800607728935636,0.062359067442511525,-0.23598625819434507,-1.308337337077251,-0.07646237148886147,-0.24505616800292138,-0.9400461153873748,-0.10206305165119298,-0.1901281762381367,-0.7629739151236189,-0.0764811258063807,-0.006657473242141643,-0.9675197669579949,0.003924911191669563,-0.05258982972317869,-1.303286916970652,-0.12897173714347576,-0.09229723827832628,-0.94081114299311,-0.07710656372701598,-0.051126126420555355,-0.7498197729855897,0.0014492833730475453,0.19558091668755756,-0.9094006940248218,-0.06468774325325523,0.1322717875411076,-1.1980498185584272,-0.13567592596696276,0.06288006997468977,-0.9672039764365984,-0.08905998853882302,0.07828584433289966,-0.8014749816046745,-0.02775633732664889
A,0.0,0.0,0.0,-0.29583636300081895,-0.2123688047490722,-0.0362875259670986,-0.464901066396149,-0.6206625081893725,-0.04111512840982151,-0.48787267185147504,-0.9777461581207632,-0.06831472812944056,-0.46458300806745234,-1.264598704630276,-0.07360093500950615,-0.2957206614170161,-0.9874360447374941,0.10221271226713502,-0.36080933775125285,-1.2937697849064382,-0.030304978378590884,-0.37123579323725614,-0.9900370308645945,-0.1039326997473991,-0.3205299372159227,-0.79539247428116,-0.12868463155396728,-0.1401276888755223,-0.9877901690410582,0.06807945913594315,-0.1985417393240588,-1.2988226521907171,-0.06898090480867178,-0.22015397219646216,-0.9240065242739203,-0.09421346414105294,-0.15535212928650657,-0.7501864373735869,-0.06666347681912496,0.03824203603560432,-0.9575358992512601,0.004384266966405767,-0.01826293828018448,-1.2803883400165317,-0.12928891817313864,-0.06992345339465304,-0.9091651335624509,-0.07746998659230085,-0.02164369983034136,-0.718508166710332,0.0025894313502507972,0.23544231473741287,-0.882175197578439,-0.06768564615254782,0.1605405465434417,-1.163697483466773,-0.1424440732761042,0.08224809260488701,-0.9297007123663286,-0.09470911411361232,0.10335975879255314,-0.7642093240983838,-0.03024764384146811
A,0.0,0.0,0.0,-0.2727825506335388,-0.28227906348192106,0.00976125030924845,-0.3709122958001781,-0.7164573070118353,0.032094804854933774,-0.35481300741133004,-1.0419306164815485,0.025931737391590725,-0.3064853673000916,-1.2948317345319205,0.039320395682902916,-0.18317691219466098,-0.9980261291300767,0.1471760251659303,-0.2683923197638406,-1.3120774793278533,0.03471366102327935,-0.31826438383563666,-1.043440545079351,-0.0217685372214651,-0.28123863492667384,-0.8519570284968282,-0.03639562064194521,-0.06594666104309295,-0.9930134082580941,0.09785401839940476,-0.16934148789345171,-1.3113502928736975,-0.02035972126454644,-0.24181951302428878,-0.9728383414642445,-0.03350843442704329,-0.1775252403753599,-0.8045679043252579,0.0015747514603116606,0.07897598318307068,-0.9521391872292337,0.0218372418481467,-0.039356667140343714,-1.2706282145500425,-0.09140409339904232,-0.13294754878653522,-0.9272752928642207,-0.04050480886484355,-0.0715317628640941,-0.752187361681161,0.03384718441245333,0.24673722035324328,-0.8586108813814441,-0.05941051060986091,0.0964700945908425,-1.1204622751850575,-0.12565207296303615,0.0010062963015734143,-0.8992573119797583,-0.08515702102790146,0.04723492384823565,-0.7344584397339313,-0.027690897405160002
A,0.0,0.0,0.0,-0.26985691546160506,-0.27784704007265076,-0.006916985687048164,-0.3715015722030515,-0.7156473811697869,0.007198238667331955,-0.3645090508080428,-1.0489521234475239,-0.004279162564394654,-0.3218643745171543,-1.3170719360815866,0.004721762895757488,-0.17723002909151012,-1.0018619851199715,0.142031723268783,-0.26057782264169327,-1.2895424744841608,0.018222134486374175,-0.306261087695769,-1.0179162677547253,-0.04866902278821214,-0.2693008899597413,-0.8198821344064078,-0.06922417702819496,-0.05724439907396126,-0.9936167373155321,0.09720523700448423,-0.1574620349626397,-1.2979614206497099,-0.03704534484060036,-0.22369606932681182,-0.9513973060857817,-0.05882901710054734,-0.1644352432934756,-0.7695639723837511,-0.025650754332336906,0.08700511566557301,-0.952489686376,0.022975923780755032,-0.032677227714595566,-1.2572758282079055,-0.10432271310420473,-0.11331880795167648,-0.910302562802983,-0.058373576749069594,-0.053190563060801443,-0.7290186976983132,0.01706590633855682,0.2525018621898796,-0.8594755849908849,-0.05785171048435862,0.09513186232317443,-1.1115567323445559,-0.13493509708049217,0.008480819500769425,-0.8801621418324185,-0.0992133793886566,0.05473417759727931,-0.7156874378954786,-0.04254134964613594
A,0.0,0.0,0.0,-0.285553815732136,-0.257177991434196,-0.0037465215197965518,-0.4070686756790515,-0.6990747345469902,0.01570396936837076,-0.40927753848076154,-1.041080325011763,0.009328772695174386,-0.3771725606325766,-1.3029611118581743,0.023716659059230965,-0.2155656295938052,-1.0007249619763334,0.1382295854999686,-0.29528974496160754,-1.3007653402451085,0.031130913392326345,-0.3377083772054142,-1.0260089411506434,-0.023790375599217255,-0.2954233484943132,-0.8466172021222312,-0.040169433094238025,-0.08718046490737347,-0.9915879240404463,0.09567107941113845,-0.18276229188785129,-1.2920847810459655,-0.019261269749889016,-0.2458368622513382,-0.950100723751299,-0.031121194633192083,-0.1784943196947166,-0.7893786102478088,0.00295381617685147,0.06840843447688845,-0.949392820784051,0.025930184449887175,-0.03300839221219442,-1.2658223884549458,-0.08772689979819201,-0.12458553894311128,-0.9199767975529028,-0.0358693676074469,-0.0698837013242918,-0.7420708472618321,0.03935070977853476,0.24739997464497107,-0.8587337701240343,-0.05023987583914799,0.1156279848739632,-1.1306080278082917,-0.1168625636015059,0.01100026888787807,-0.9068645651287935,-0.07535310370362995,0.04023619651449989,-0.7362236127974848,-0.016994263183194396
B,0.0,0.0,0.0,-0.23308309613058564,-0.13612384228959662,-0.10239983229548748,-0.3682943096436217,-0.4599973022541527,-0.14480685573126104,-0.2532189923540735,-0.7115342837338352,-0.18336009756972244,-0.05952181626210295,-0.7317682866407228,-0.21756881962574914,-0.3489290696307356,-0.9090445153184599,-0.058363935313495485,-0.413100305411878,-1.2636568559741912,-0.11814998208757954,-0.4362436538242591,-1.4902389737046917,-0.1731763530838684,-0.4427498196834849,-1.6824426621084148,-0.22493360098083262,-0.20730488250689802,-0.9756094449648891,-0.07218654018653542,-0.2729124074136566,-1.3928528920852754,-0.13226273770429428,-0.2966358411692564,-1.6665010996244298,-0.18794882609201588,-0.3165289279017327,-1.8909644588241061,-0.23220823885733782,-0.06301051904637435,-0.9472922886199722,-0.10265075287940996,-0.09289629022902546,-1.3330727039547385,-0.17355049857439867,-0.09515947854329637,-1.5874954598536433,-0.23698720834281461,-0.09715783341722112,-1.8000906406036072,-0.2811975791424436,0.08537556657152506,-0.8432032817262,-0.14453136297246108,0.045113785010610516,-1.1613603437337034,-0.2193874335908479,0.03438156910467874,-1.370755681266289,-0.265518006097083,0.03044674483429844,-1.546542836146451,-0.297716610488063
B,0.0,0.0,0.0,-0.22230690364197045,-0.13075867581617726,-0.10467271344988566,-0.3606433941007454,-0.4500952558884213,-0.14537056809597948,-0.2583357409665929,-0.705245716723056,-0.18295267899454065,-0.07431769887973054,-0.7445449657953978,-0.21525385468210187,-0.34240926614991285,-0.903164155445912,-0.05247485494738563,-0.41175098539374455,-1.2590876069146264,-0.11386609085510938,-0.43738110593713336,-1.4919708295017458,-0.17037379474092487,-0.4439742193258736,-1.6886072026038375,-0.22234246067820168,-0.20460576565619393,-0.9767675927304744,-0.06373029461532939,-0.27344385066454235,-1.403090945757465,-0.12282400320133004,-0.29900755386977274,-1.6768163820842688,-0.17381661406447507,-0.31845150482562423,-1.9001587632185923,-0.21415186811493556,-0.062035812046402045,-0.9566802926137041,-0.09300036508659887,-0.08956579871308029,-1.3492765727245442,-0.16309993803730613,-0.09178050503603795,-1.602755408233318,-0.21928999228839663,-0.09307160671731149,-1.8166075865483582,-0.25783346892922127,0.08705918635418314,-0.8595505314929183,-0.1348089728839443,0.05226622524457542,-1.1774851002680966,-0.2068324297609059,0.041964749317551696,-1.3817940978456404,-0.24780188224095745,0.040603744305232926,-1.552755903995037,-0.275973062257164
B,0.0,0.0,0.0,-0.22704733110256411,-0.13661963023585788,-0.1040202890396288,-0.3570136630904351,-0.4740717146103223,-0.14073523957376527,-0.2381368994797996,-0.7233203213850781,-0.1724830702421836,-0.041891629092903795,-0.7277576984602127,-0.19899985516586965,-0.3385095866775857,-0.9119942664025056,-0.05450100717461863,-0.39260344925416674,-1.2699801047173471,-0.10761975420178353,-0.4135520311653337,-1.5011635391230644,-0.15776643223976047,-0.42245870225531684,-1.694334221188765,-0.2064227575411193,-0.20040461955365577,-0.977623519811921,-0.0639549995864692,-0.2563948649239882,-1.3983284508018032,-0.11776612396931677,-0.27953722909028683,-1.6769408266043115,-0.16919940751676435,-0.29942591031557947,-1.9030710530402992,-0.2104287716412914,-0.060323200550218205,-0.9513668556407657,-0.08995151417837773,-0.08124041899461432,-1.3376448471201916,-0.15442485087699193,-0.08045448741553259,-1.591112762630534,-0.2154177998110039,-0.0784684420050127,-1.8015421608645543,-0.2587578906571514,0.0820433237439485,-0.8508702827492347,-0.12794185086420246,0.053177311382947706,-1.1608224182315507,-0.19820509108107232,0.04992731826156188,-1.365715426616589,-0.24315115285549652,0.055703546385850525,-1.5375804906001325,-0.2750201249143173
B,0.0,0.0,0.0,-0.2600416275015646,-0.0927862540876439,-0.1149258411527174,-0.4778888064361663,-0.35071312082331685,-0.1843014263193218,-0.5336314021291936,-0.6202850607246984,-0.248835058952833,-0.4206477363604229,-0.7273654424096795,-0.30817601903584396,-0.3460625245416984,-0.9235382871045313,-0.07908117658519107,-0.38003375489361463,-1.2933458451448367,-0.16258850234120972,-0.3905684780820509,-1.5276590966159276,-0.23963961400647918,-0.3886205763275816,-1.732171395697101,-0.30234198814680674,-0.19687121958135037,-0.9761023239944355,-0.09201073846684342,-0.23160816229682027,-1.4085364177007322,-0.16419983644275973,-0.24758160802748544,-1.6871312442768962,-0.23057683251065347,-0.2570956368268765,-1.9323488087731475,-0.28168142776592103,-0.05341116725558708,-0.9409989044834995,-0.12308192543571428,-0.06572041974689997,-1.352091136756388,-0.19517130431887575,-0.06524723747570219,-1.6095781547087935,-0.2514705836282256,-0.0648863162615578,-1.831025254554008,-0.29201262989550564,0.0956563823415246,-0.8307896768696366,-0.16708297960374546,0.08523985893500285,-1.153406881946448,-0.2340319730563035,0.07878484815443218,-1.3594599448785025,-0.2698169809774168,0.07781836857621646,-1.549477301254734,-0.29503577610044673
B,0.0,0.0,0.0,-0.2617986145457616,-0.09414750938506566,-0.10725607708598986,-0.4736222825830715,-0.3574412284537355,-0.17163349412960208,-0.5144150777688681,-0.6214205245448821,-0.23242093049692916,-0.40283212444440836,-0.7448557611495543,-0.288073732750205,-0.3311970243830409,-0.9298363556873553,-0.07406470374826275,-0.36189863391795185,-1.30510855328576,-0.15738354379145134,-0.37507068183688497,-1.5427661762574902,-0.233646481224223,-0.37708025783118015,-1.7490420018230481,-0.29472449870038897,-0.186267928034386,-0.9783944366003656,-0.08971390870556167,-0.2199356879043303,-1.4177285332798168,-0.16171296894365667,-0.23596013657371406,-1.7004412407571086,-0.22784830786677232,-0.24554531941940846,-1.9436643652943055,-0.2781542541181786,-0.04559953313058435,-0.9415415921272613,-0.12287673638294457,-0.05999472590573298,-1.3545918359806473,-0.19295588744183317,-0.060585222903194694,-1.6130305072132767,-0.2470099402461469,-0.05968330995335585,-1.8318565111414449,-0.28599364067460437,0.10213827334973896,-0.8310719797030026,-0.1686386658113152,0.09150663281982052,-1.1571357413185068,-0.23313595538140447,0.08321272909927949,-1.3645499288434806,-0.26660001014714785,0.0815257322991648,-1.5545661077830386,-0.28990734333383217
B,0.0,0.0,0.0,-0.2571568092950471,-0.09222806308804002,-0.1068889593550221,-0.4673092720335474,-0.36680333703864487,-0.169197983602342,-0.4994442484245505,-0.6401255890938905,-0.2286847808530755,-0.37652369184789913,-0.7559351942604472,-0.2832483181491677,-0.3264731764275322,-0.9312932094351546,-0.0647832300207831,-0.3554785376653314,-1.2917998601624978,-0.14518779547794708,-0.3624406133091392,-1.5197913378899839,-0.22080344476511105,-0.35773917350499873,-1.7184696039495753,-0.2828073329573735,-0.18229107426788854,-0.9798344849216228,-0.08181898557570509,-0.2182896138573567,-1.4077978832574698,-0.15339896961913316,-0.23331279070628708,-1.6850807048225889,-0.21989150957760764,-0.2405849451754184,-1.9252715559313271,-0.27104076608330285,-0.04258757238959931,-0.9414205545558121,-0.11737391449708669,-0.05688723197944152,-1.3482386631618308,-0.18988310971761713,-0.05359944817772395,-1.6026004958891682,-0.24553839473103523,-0.04693664127175132,-1.818288956150975,-0.2856061736572335,0.10366987691714838,-0.8313749070031052,-0.16563824075749667,0.092982303753674,-1.155367073526734,-0.23291704863642257,0.08823136512787642,-1.3627073963130039,-0.2693496985813436,0.09106986652152588,-1.5531166566339798,-0.29562122188220613
B,0.0,0.0,0.0,-0.26186213574724765,-0.09953627750047252,-0.1069023336609872,-0.47388875314290735,-0.36328637822497123,-0.17072848419869344,-0.5095682562677363,-0.6283042843664047,-0.23082320299596296,-0.3918341418446913,-0.7543955690046944,-0.28593742637695935,-0.32577903639605205,-0.934082459153289,-0.07310944744418962,-0.3547440572638027,-1.3123753053353946,-0.15304701743633814,-0.3679481686040435,-1.5478422934806098,-0.22679727181519904,-0.37040819212308224,-1.7539008533531453,-0.2867765696416687,-0.18081630969873053,-0.9796322149293821,-0.08732803455641064,-0.21383250523811978,-1.4212247607943693,-0.1564502718655879,-0.22997707765151323,-1.6984696786179152,-0.221654017917828,-0.2381475701043727,-1.9415258431369062,-0.27272625258558536,-0.04109678489809391,-0.9422637361599059,-0.11880832592157463,-0.05893119190289411,-1.3498942906648306,-0.185615045574173,-0.0625000202498422,-1.6078462144475167,-0.24054724382106454,-0.06177354216841286,-1.8280898982981035,-0.2818328777080744,0.10813891561185959,-0.834347574074328,-0.16307072331213965,0.09799246385817074,-1.1579192127371458,-0.2246206768671436,0.09034611980562786,-1.3644818789189441,-0.25966525131932033,0.09071145849397673,-1.5558787902389966,-0.2857360749407671
B,0.0,0.0,0.0,-0.2516380220760524,-0.13642879686648163,-0.09046671932116869,-0.4112617329010438,-0.46453947923051553,-0.12835091622344966,-0.35180564826579364,-0.7463689372805613,-0.16550279871053072,-0.19047572730025056,-0.83774159138543,-0.19659542518846523,-0.30314501773993874,-0.9388523685621019,-0.02758890985054657,-0.33013319592755547,-1.283955766696383,-0.08511106702092826,-0.34086557218670527,-1.503858225307869,-0.14298242922665644,-0.3417702365432687,-1.6947357767976177,-0.194070414272282,-0.16847819549031276,-0.9846666339499254,-0.04524066345724391,-0.19951066946757845,-1.4037002893386001,-0.09870317246627289,-0.21619192692509206,-1.6697160846235297,-0.14930777777580573,-0.2263130879570811,-1.8903175646580614,-0.18961471834413016,-0.0377867404809371,-0.9502085756184615,-0.08088191427776113,-0.047461602868146144,-1.3406761923916413,-0.1374261962189236,-0.050328628287562294,-1.5845727796076812,-0.1826863135506236,-0.051009137732818774,-1.7885409047840162,-0.21735617404772128,0.09771782875368759,-0.8531911852540209,-0.12948996278769134,0.08804479470996393,-1.1578403811793776,-0.18292277549901645,0.08207141370889608,-1.3605326425630309,-0.212529872895084,0.08184085959539031,-1.5378348807996336,-0.23599999825672974
B,0.0,0.0,0.0,-0.2524122606273236,-0.13284050210175077,-0.09439432939797378,-0.41890499333885295,-0.45336471763434594,-0.1362975002417399,-0.36109229501432527,-0.7346694872937922,-0.17646945182642723,-0.2013883752782207,-0.8369594144412212,-0.21040979315860453,-0.3027681534700148,-0.9384193920626408,-0.03633366875837096,-0.3274866259019749,-1.2868215709284743,-0.09753057392172192,-0.33794224845636567,-1.509620719191429,-0.15732791024588338,-0.33820273620378904,-1.7020052649044615,-0.20973029776257232,-0.16709876543002466,-0.9845465293800421,-0.05240356931999531,-0.19648970246020814,-1.406589291031806,-0.10865447540905865,-0.21232904398298608,-1.672701813994938,-0.1604617831579269,-0.22071139671094556,-1.8919676961863148,-0.20219964006311222,-0.03697147877487061,-0.9507070445591495,-0.0864596785288369,-0.044989221981630106,-1.3426961010943053,-0.14534650499993013,-0.046282861695611126,-1.581505805205227,-0.19027459210206288,-0.04534356597583803,-1.7800920582405806,-0.22508725117321465,0.09796484065009756,-0.8521305801446056,-0.13363247319528668,0.08960081922033816,-1.155401377811267,-0.18930876182814516,0.08326112305081577,-1.3556504629063517,-0.2195452414448696,0.08270916766201078,-1.531719832423577,-0.2435291329297062
B,0.0,0.0,0.0,-0.2560822389844705,-0.14146963694779066,-0.08945951940243134,-0.4270506405647702,-0.4546911647200556,-0.13283012375644623,-0.3880239199446005,-0.7421373829513584,-0.1758179821899441,-0.24662751143635672,-0.8661237758398108,-0.21247854326911572,-0.305347543456776,-0.9455651621279532,-0.03230269490396066,-0.3263486890931437,-1.298920921844813,-0.09357696162232051,-0.3403613822957611,-1.5189184248856467,-0.15445568407564195,-0.3457632185393288,-1.709460384590997,-0.2067124230682908,-0.16689807493300432,-0.9846852077143123,-0.050399149717817567,-0.19589855582273188,-1.4089047156764503,-0.10608366562435047,-0.2140955477552477,-1.6719458128944782,-0.15798151185125012,-0.22432128451272612,-1.8900083140675106,-0.19983321682160893,-0.03137205456347411,-0.9499713485355763,-0.08601541979596034,-0.044468749917022564,-1.3471568069752176,-0.14310849919015908,-0.05106481537395266,-1.5852331086777194,-0.18404970073853902,-0.05657291544332901,-1.7806318207533185,-0.2159957107264504,0.10892592735156637,-0.8530305675548122,-0.13439844430736228,0.09609718568658547,-1.163052251107779,-0.18719574774895953,0.08386950452164481,-1.3645056153654629,-0.21256342585881607,0.0771194574587502,-1.5400261096427086,-0.232398032359056
B,0.0,0.0,0.0,-0.2641289335240595,-0.15656954849625326,-0.0927817235720293,-0.43859379321429265,-0.484312933872089,-0.13215166460745276,-0.462563671614612,-0.7977577542950931,-0.16963619992730344,-0.42425045626398006,-1.0440401762291216,-0.20111043412192695,-0.303167680030523,-0.9367596327002711,-0.03296814677496855,-0.3367092120345649,-1.3000448655157206,-0.10531869658370269,-0.3501662882313945,-1.529399444795478,-0.17272289195865556,-0.35272728395341213,-1.7313111312510738,-0.22593147221703466,-0.16555560685258883,-0.9850719899318287,-0.0471647717201989,-0.199830163233798,-1.4178032741035829,-0.1109521589246929,-0.21831612759956653,-1.6870522789337103,-0.17048874118477564,-0.22535881900248167,-1.9187817878831925,-0.2157624449586381,-0.03325472895741695,-0.9554384538501678,-0.07983435034024569,-0.04561779483923066,-1.3612143729109163,-0.14456484140694914,-0.04951501925594156,-1.6129453034086843,-0.19173488046219203,-0.048885588663740605,-1.8260432453353181,-0.2256231964080196,0.10632450215167863,-0.8596945675550671,-0.12456361889735518,0.09903903037748599,-1.173632160946162,-0.1832771761671335,0.08801500314836644,-1.383165952144458,-0.21284559147212354,0.08219539279797514,-1.5690136707005253,-0.23341385179814017
B,0.0,0.0,0.0,-0.255856338479898,-0.1610413974952456,-0.08857436236634918,-0.42738988999236466,-0.4879178423424399,-0.1302354236050242,-0.45817949395453483,-0.7968399187389165,-0.17247275684450888,-0.3896440532778603,-1.0064442233338544,-0.20892975469722638,-0.30182595959153796,-0.9405799919020849,-0.023286371943184853,-0.33479458117260275,-1.3048855744574483,-0.09553302726882151,-0.3495183930728631,-1.532596977086535,-0.1636353031865515,-0.3511909567484324,-1.7300999415709226,-0.21818004813129935,-0.16469085058405575,-0.9854361132864101,-0.04233899343245693,-0.19980014209640046,-1.4173665206162478,-0.10758545872914284,-0.2182270560671585,-1.689691490782875,-0.16962213520397795,-0.22453685637113058,-1.9231941498612424,-0.21637395232921447,-0.03066379332201554,-0.9520635186513352,-0.0801533730966064,-0.04603365986090782,-1.3631120043836134,-0.14587068967282377,-0.05035561426946351,-1.6173301126471735,-0.19488440642651622,-0.047727191976502985,-1.8330053945703846,-0.23021286300203575,0.1110781386305887,-0.852765770765497,-0.12974303126759462,0.10241345027831665,-1.1674030694030526,-0.1891989130885818,0.09146395758269563,-1.37825187924925,-0.2194742353620793,0.08724023370399041,-1.5674602200120908,-0.2409141347049192
B,0.0,0.0,0.0,-0.24953460141782213,-0.162573513554038,-0.09033895268596928,-0.4257665063627168,-0.49088157061623283,-0.13414986428261783,-0.45711280447754354,-0.8055972366441613,-0.1783808199941968,-0.35932992423961935,-0.9959770120193461,-0.21593267416892373,-0.30330043697114195,-0.9402119038616737,-0.02224986538999297,-0.3340524486133233,-1.3016977453287975,-0.09382708687519553,-0.3484004917989372,-1.527321616702075,-0.16045033363342415,-0.3493165654178768,-1.723600350987098,-0.2143578008532467,-0.16731232027299714,-0.9850803437041815,-0.040290246121332855,-0.20356303973548018,-1.4171920431473313,-0.10427709022344653,-0.22315863058613097,-1.6884237188728162,-0.16328117296236958,-0.2318663342849404,-1.9210386709363345,-0.2076324683799204,-0.032071074562876674,-0.9507978323005313,-0.07752753046343781,-0.04676262175031517,-1.3597381189982805,-0.14228156379639956,-0.051767696002299406,-1.6120597011389879,-0.18940826154809884,-0.05068468585910858,-1.825011173573045,-0.22287198848505793,0.11111759606026661,-0.8509681856394208,-0.12690058906434243,0.1008557208743673,-1.1652878495278076,-0.18586602996358798,0.09039367293314413,-1.3756529860998585,-0.21632379001597102,0.08707420435476429,-1.5640224416007036,-0.23751885088171482
B,0.0,0.0,0.0,-0.2496619091478145,-0.1653045730952819,-0.09181975085331968,-0.4219384499611887,-0.49020895304312984,-0.13615897214734513,-0.4496033854928131,-0.8040437721809748,-0.1809593366566553,-0.3510472768237357,-0.9911914782304813,-0.2192690689702962,-0.3059222190718008,-0.9390863357243389,-0.023574651852795704,-0.33392372844978246,-1.302712658923078,-0.09785979905946457,-0.34613892396171597,-1.5304633841510975,-0.1669591010804393,-0.3460900329767432,-1.7282746104365665,-0.22223504340519615,-0.16803453998592605,-0.9849340928429472,-0.04085616388451944,-0.19796979164213746,-1.4143912778503123,-0.10641406970724168,-0.2166472805114428,-1.6851658338940558,-0.16683530448166523,-0.22518923402883584,-1.9183415235791699,-0.2118995316548067,-0.030396790105086047,-0.9525904410640499,-0.07737586852193348,-0.04387673310473328,-1.3612703732200822,-0.14149332782920035,-0.051225482313195216,-1.6116875442631717,-0.18676917604419932,-0.051448228885658226,-1.8240481802485329,-0.21906390144407098,0.11405266322264192,-0.8540491507050897,-0.12646165056349393,0.10144766120889813,-1.164635362098187,-0.18333647203267664,0.08895233356685012,-1.3718468712781586,-0.21106642643934576,0.08478810527148227,-1.5571153890828606,-0.23025594927289342
B,0.0,0.0,0.0,-0.25081129791916423,-0.16548946578506382,-0.09850981620102846,-0.4261308498345779,-0.4902667057456867,-0.14589673110245646,-0.4531035126770814,-0.8091456658989251,-0.1925026184469187,-0.35089460850629717,-0.998956838464671,-0.23253749443542776,-0.3109562240295761,-0.9368600771585388,-0.031465589564878195,-0.33763593099045835,-1.30429851834768,-0.10909313852692648,-0.3478371072447048,-1.5346958671919797,-0.18020978282373182,-0.34566531750321183,-1.7374340744860963,-0.2367261599508367,-0.1713742479496221,-0.9841155148005541,-0.0463413494467071,-0.1989543047193026,-1.415204086866708,-0.11478839525071012,-0.21670769729625108,-1.6876802421677242,-0.17703472374689125,-0.22534618870499049,-1.9260747542788754,-0.2233080771742975,-0.03298215562246962,-0.9542167150794565,-0.08099455721344775,-0.04604996506228782,-1.3620337349983322,-0.14785854694956224,-0.05258776698892841,-1.616462638829463,-0.1956067673720106,-0.052479975953964614,-1.8341074242369932,-0.22906520205494363,0.11236198319073464,-0.8598317861105291,-0.12873956362851544,0.10094944101975213,-1.1764303100029063,-0.18788520078240606,0.08936295035319312,-1.3875795449079948,-0.21783944064560476,0.08492621812394223,-1.5770939119122993,-0.23851314805450582
B,0.0,0.0,0.0,-0.2557103242968827,-0.1529869516859761,-0.10372576912250271,-0.4397006747656093,-0.4793880479051931,-0.15236432699443603,-0.4641708209103872,-0.8036597411799997,-0.198672928406512,-0.3607330790091997,-1.0074586593445356,-0.23824342897902082,-0.321107378038561,-0.9337042653259926,-0.03992319196710742,-0.3445871529024086,-1.3079346982358513,-0.11745977093686862,-0.35086686440138465,-1.5397968325979197,-0.18758885501495634,-0.34584743509557403,-1.742451912857414,-0.24344397269455761,-0.1782900528039139,-0.9825937351800288,-0.05217478946902275,-0.20250513504009165,-1.4208224627775747,-0.12069613220998372,-0.21763213793588526,-1.692244533498027,-0.18314779263920658,-0.22245798515584042,-1.9280482618058696,-0.23006120720656817,-0.03972182580186488,-0.9534689582225987,-0.08416967186831249,-0.050420995382839874,-1.3666559300354215,-0.1524887063397912,-0.05501842716225756,-1.6187361619435627,-0.20158517768681447,-0.052680785474557124,-1.8321525122319282,-0.23641874650825237,0.10599332998840078,-0.8600277229034328,-0.12923126773470428,0.09521459569563856,-1.1809913895606556,-0.1899308032854419,0.08542318714459952,-1.3914721255726137,-0.2209371524342994,0.0835069719446907,-1.5790892373715741,-0.24277190784732627
B,0.0,0.0,0.0,-0.251096402070164,-0.13938657169713753,-0.10342607692666822,-0.3985451115482863,-0.4810071425934545,-0.1482716157303395,-0.30053046357156116,-0.7315090853539457,-0.1901579113745231,-0.12780984601226317,-0.7438526434837003,-0.22804158197559143,-0.2972531851374121,-0.9383316756528888,-0.06323700684491831,-0.32247256045357214,-1.3000736635909285,-0.12473335729671578,-0.3312289333166726,-1.5278997836108144,-0.1822677819178775,-0.3326788741121894,-1.7249879887104687,-0.23520790386912088,-0.15443009506217203,-0.9849616184161453,-0.07747229173153601,-0.18685266097022532,-1.4092308211166962,-0.13803037143109556,-0.19996834130244848,-1.6812585203559065,-0.1919278597034573,-0.21123789623632896,-1.907250462533382,-0.23497766260995104,-0.020050187719713796,-0.9500686445116041,-0.10842063412066034,-0.0309241052670707,-1.3429381197757158,-0.1704553656114901,-0.03184342865484335,-1.5873891726727676,-0.22337975509404392,-0.035618309113167754,-1.788398820997031,-0.2628506265797757,0.11883403941196226,-0.849461103289405,-0.15304548514977181,0.10806500498920243,-1.1664878583057459,-0.21383972288476924,0.10240459955877368,-1.372497376382269,-0.25159142315427935,0.10098657971422119,-1.548308215603065,-0.2806355668149852
B,0.0,0.0,0.0,-0.25376887803067866,-0.13997190494749578,-0.09304057285546681,-0.4027149498600999,-0.4871956057002941,-0.13071825060574477,-0.3176441472217253,-0.7486453027856181,-0.16688612530172833,-0.15380313405892565,-0.7690591098513361,-0.2002423677283293,-0.2921659190169189,-0.9448214039239048,-0.052873926850775584,-0.31419200193737035,-1.3028206208685198,-0.11194152542367082,-0.3221858085672697,-1.5308201885366233,-0.16855315309772892,-0.3242677514240153,-1.7279560903931523,-0.22063415335210512,-0.15092869775095877,-0.985952538034902,-0.07154104372830387,-0.17613106620675723,-1.4111897842132315,-0.131175421773736,-0.18865725222563948,-1.6862512849568714,-0.18614489729537834,-0.20051309534164985,-1.915533804660906,-0.22962138458789094,-0.01717421858662152,-0.9461421335230413,-0.10615887808829888,-0.01895171326814973,-1.3439068303097594,-0.1696321689455582,-0.019514014196645706,-1.5953357270912827,-0.2264240058062579,-0.024209199103717407,-1.803715744716636,-0.2680526991987346,0.12125038420207138,-0.8418081151543129,-0.1529343699843473,0.11797385353586011,-1.1640749552023644,-0.21649778863981883,0.11559581626480252,-1.3759499079318214,-0.25758952084521247,0.11557836618646689,-1.557649312699391,-0.2886217701928352
B,0.0,0.0,0.0,-0.246679404814504,-0.12703705151646838,-0.09805157290312547,-0.3993489486121157,-0.4802796259666734,-0.13410237007749617,-0.3121832953425608,-0.7650877686444914,-0.1668645950797424,-0.1389609884076528,-0.7876450108040789,-0.19354662299185904,-0.29453683098304917,-0.9426114350666231,-0.04404885920452756,-0.32463254783573553,-1.2953641252120967,-0.09977388360086512,-0.3336451509753143,-1.515386420572885,-0.15293744956475408,-0.3328537276828588,-1.703839896277323,-0.20308376084628457,-0.15512586510020904,-0.9862312780830105,-0.057304730238118703,-0.19698477264283182,-1.4005950780708651,-0.11541851463034797,-0.2074547209828204,-1.6716654345384856,-0.1677271257223874,-0.21016111265186047,-1.901497583847305,-0.20793339634852495,-0.019643670641839105,-0.9466274793706572,-0.0877353777451891,-0.04002841483792373,-1.3391133857037347,-0.1552216726649422,-0.04271522605321548,-1.5851629525893347,-0.2103200671799319,-0.043034294209056974,-1.7946268146072435,-0.2478832329607516,0.12056244814369425,-0.8355941853844733,-0.13030928653548896,0.09923672328461948,-1.1529987485794044,-0.19961997857820873,0.09569359355873502,-1.3612959885149378,-0.24187648588224211,0.09957947446547083,-1.545343862126006,-0.27110471870368646
B,0.0,0.0,0.0,-0.2402611254876663,-0.15623873120297851,-0.10630930290637516,-0.357277805097732,-0.5211748521015754,-0.14329664156970284,-0.2106005602263266,-0.7665431625016148,-0.17515393114380112,-0.004370418766219883,-0.7685909974722256,-0.20229578010278224,-0.30610503169851955,-0.9326315728078048,-0.05870657190435015,-0.3398252901424663,-1.2990767293789198,-0.1171986274923259,-0.3480136004031315,-1.5302238058013609,-0.17150892927652675,-0.3463459829656678,-1.7228598449919288,-0.22203549381804596,-0.1598932124727694,-0.9848234352326138,-0.06750527402930495,-0.20073402885197456,-1.4077520081528474,-0.1277907651169846,-0.2158845993099942,-1.6953152811912064,-0.1839822135017023,-0.22733391871202407,-1.9302351834841442,-0.22792574128436827,-0.019784566318931184,-0.9551795328910535,-0.09342042794690153,-0.03687542017444033,-1.3498654035420818,-0.16152992319366405,-0.03865134659046981,-1.6136912112465793,-0.22497503168605382,-0.03950513187780075,-1.8312166347764376,-0.2698862395997698,0.1221037932781591,-0.8565912851515126,-0.13171323773507346,0.10023977031130855,-1.1772721112513447,-0.20316795614106284,0.09589188435706303,-1.390383375850562,-0.24919255005821775,0.09759377439089104,-1.5692097362469457,-0.2821543142873218
B,0.0,0.0,0.0,-0.23068273840831904,-0.1575275102588967,-0.10224760411838833,-0.34198907572514525,-0.5182831630095863,-0.13501424177938773,-0.19497577728341756,-0.7617004512097313,-0.162230314967489,0.005161093820164612,-0.7727912964849081,-0.18497611159527746,-0.30799649598042306,-0.9327970778751807,-0.05061865196417415,-0.33899297503412185,-1.3077894442314557,-0.10406881881311666,-0.345986245007016,-1.53865401663391,-0.15695348310889806,-0.34522338362288124,-1.7328494502931395,-0.20686363073596764,-0.16297299431564685,-0.9848906941805387,-0.058567257408632445,-0.20368604629810322,-1.4012057472111747,-0.11446302720575015,-0.21864411265368663,-1.6862507264074627,-0.1738123340606279,-0.23263345723691659,-1.9231412960731358,-0.22053212479587034,-0.025002033961698783,-0.9536654501995141,-0.08280190166532711,-0.04275295828169907,-1.339096957577436,-0.14580811100745947,-0.042834853694995886,-1.6013346718420056,-0.21316904000431308,-0.04406552860440151,-1.8204652021159928,-0.26147387158971636,0.1123808874086454,-0.8513095523502954,-0.11882001978539809,0.0908893246447726,-1.1727807419434015,-0.18710040242354647,0.08550647749088647,-1.386798418161221,-0.2343048345087098,0.0870114459420876,-1.5655884457929206,-0.2681663441969912
B,0.0,0.0,0.0,-0.2322528973983441,-0.1531099467739868,-0.08964302646029854,-0.3539270045839611,-0.5547224672508382,-0.11592342576546118,-0.23714868833519162,-0.7950660901196475,-0.13958587382241788,-0.049308591559478115,-0.7554422513631446,-0.15900409988671663,-0.23005248609196335,-0.964991104621633,-0.03703057210046573,-0.23595541334847617,-1.3185904554636458,-0.08647518738139105,-0.23569015619255673,-1.5465423838976204,-0.13742902307293725,-0.2286214734237178,-1.7409487419271064,-0.18711336773346318,-0.11666728281390694,-0.9918553670808046,-0.051104558640323094,-0.1345897227248849,-1.3985265020513071,-0.10264169610771151,-0.1321659067965518,-1.678598642788402,-0.15078330190058312,-0.1223254014128313,-1.9164388056944912,-0.18870936586166528,-0.01229910286996234,-0.9411202538784152,-0.08250091064955611,-0.01900659253744122,-1.3345523239318446,-0.14077710634814347,-0.010568624810271723,-1.5950479896826861,-0.1967468798484479,0.002545360273552658,-1.8102229032635098,-0.2376307020397844,0.09319049565534776,-0.8255807917458186,-0.1264623691981906,0.06343124182265612,-1.1399414809190491,-0.19002405380722082,0.05858074335407439,-1.349847036253563,-0.23443313977857752,0.07159114819401668,-1.5277626359164302,-0.2677779040183813
B,0.0,0.0,0.0,-0.22749887409734257,-0.15670384197115791,-0.08753281228231546,-0.3491972973291989,-0.556006598041993,-0.1133338059711353,-0.2351406696764872,-0.7962708635509631,-0.13723084994526225,-0.049162898751599196,-0.7570902284185469,-0.1569898957667719,-0.22209575389534467,-0.9675105451417554,-0.03310475184193626,-0.228910806066224,-1.3171930509840442,-0.08178285051515781,-0.229224674726874,-1.5437669665405562,-0.13306927586779294,-0.22240370770585477,-1.7377526336480067,-0.18333870474939643,-0.10766267465147039,-0.9929921011477169,-0.048738440117982444,-0.1267968332508402,-1.3975310260053104,-0.09922109278832404,-0.12540321823723075,-1.6776901448010908,-0.1486656505025331,-0.1160961061412757,-1.9159433135620874,-0.18806321514885066,-0.0018486768711475931,-0.9401182063381772,-0.08139062797780565,-0.009810065159464703,-1.331894506407596,-0.13905564083892952,-0.0036364880263393515,-1.5946207969261041,-0.19556980393185358,0.007834123609500364,-1.812386785118227,-0.23745291739805252,0.1036338984997229,-0.8208633794205729,-0.1264154272134283,0.06946877008352317,-1.1317448499482954,-0.18905055389347514,0.06380406086404738,-1.3403061865130157,-0.23262370461104104,0.07755494262963061,-1.516639317280739,-0.26568287530208873
B,0.0,0.0,0.0,-0.23484056180868323,-0.14672356779512358,-0.08986398700317465,-0.36153836709126497,-0.5427353197701392,-0.11607367447937253,-0.24845313899478608,-0.7897829589734344,-0.1397890295579296,-0.06222159164139777,-0.7606292524242965,-0.15860473067831005,-0.23835924303362985,-0.9648357219594663,-0.03183490933215474,-0.2474235052986554,-1.321640283014568,-0.08017173508758113,-0.24494728988621609,-1.5469420815384778,-0.13021271557439376,-0.23476452673104858,-1.7391301249421847,-0.17963077581482262,-0.12327680136139749,-0.9912975569313875,-0.04617341083313097,-0.14496077974839983,-1.4003219367708675,-0.09737781359509713,-0.1413555296189422,-1.6765966841442161,-0.14511742224023091,-0.1282947334370344,-1.91229953544479,-0.18302973052111343,-0.015926954712896603,-0.9413723886889256,-0.07850427817408824,-0.026180198746073045,-1.3388853067558817,-0.13861462756379614,-0.017605280620484633,-1.6002837050041547,-0.1938526989749481,-0.0016480650958341882,-1.817432943979186,-0.23403617215191577,0.09249504398749037,-0.825563687534601,-0.12326119184328484,0.053406693787153896,-1.1420844048009644,-0.18767104237514787,0.049927849580212326,-1.3502522635760745,-0.23197616260366993,0.06824828128353773,-1.5281323056957152,-0.26538294963516024
B,0.0,0.0,0.0,-0.2396459461262903,-0.14005477973753913,-0.09517506590648804,-0.36658130139077527,-0.5433315077758792,-0.12563278585249485,-0.2469023052438313,-0.7951508135142943,-0.15269576224941767,-0.054456388046546164,-0.7564998375886421,-0.1753270187865923,-0.24170945388559104,-0.9644405563169265,-0.043528218664224176,-0.24775977637354074,-1.3342993416440911,-0.09713735653816682,-0.23994513151368893,-1.5644793138548392,-0.14920227662982027,-0.22373586753168181,-1.7578650991930558,-0.19956610630978455,-0.12256744225596512,-0.9908039206054926,-0.057313288263849654,-0.14060009109735433,-1.4130206328461645,-0.11362735493171942,-0.13447269690443076,-1.696322665005161,-0.16336058363111614,-0.11960308632696967,-1.938704559834274,-0.2016540378600145,-0.012122139848392126,-0.9404786146750466,-0.08933872390596583,-0.02273712120479499,-1.3518857298218816,-0.15429877625387445,-0.013570816795401208,-1.6244203800420267,-0.21266350337972117,0.0032943312688836377,-1.8528658515958625,-0.2537749886454771,0.09890700977148302,-0.8212490743754504,-0.1338788289303255,0.06388314834335168,-1.150709118266305,-0.2030909023095276,0.06299391902365302,-1.3659972104370994,-0.2508139247239805,0.08264255625199461,-1.5518511730891185,-0.2857462150905804
B,0.0,0.0,0.0,-0.1931168538718935,-0.1636019325708491,-0.05314968052529123,-0.2830875021201698,-0.5680220994855215,-0.07015267780579328,-0.20486692901273573,-0.8120746102701435,-0.09327704312430173,-0.05064643883172336,-0.7833951743605602,-0.11450862337565515,-0.11935166670472606,-1.0003084335314207,-0.01957048871547499,-0.11233282540622838,-1.36660750607767,-0.07339220681688483,-0.1157173907003822,-1.6228255728264898,-0.12154145058500436,-0.11321766987929306,-1.830773574124497,-0.1671315742502781,-0.03286591035638846,-0.9977953425314043,-0.057656624589748184,-0.035709636833786085,-1.4326599095017174,-0.12277069025906434,-0.026385897321424826,-1.7471027933424803,-0.17665711047635424,-0.0062268843842959555,-2.0104828527792145,-0.21279774709117938,0.047079315304999036,-0.9247791869671459,-0.10876075329653452,0.042817143529380236,-1.352994552848852,-0.18163574289268333,0.06215384019865303,-1.6486561050841284,-0.2423668528015605,0.09355184564755563,-1.8977263032814196,-0.2818192601179403,0.11671060399212034,-0.7874941897422022,-0.16810864028645092,0.07842142737432609,-1.123583895904479,-0.24250429924620917,0.0695858501843009,-1.3418005967292543,-0.28923126509902786,0.08382277860561053,-1.5304727205929585,-0.32081127587836483
B,0.0,0.0,0.0,-0.20123686547656205,-0.16248311001014296,-0.05386747033534041,-0.296368735845683,-0.5657831111652251,-0.07204377435957933,-0.2235549766153833,-0.8171500743008038,-0.09615698581250966,-0.07891701890344296,-0.7843954933062871,-0.11817178225637717,-0.14094578814800218,-0.9937606215915863,-0.015644216615626913,-0.1351208236519975,-1.3594711388960536,-0.06810695072691615,-0.13753311590019673,-1.6145633304179088,-0.1160116010953509,-0.1343137876739455,-1.8216884730441658,-0.1617310006958195,-0.051335141822371755,-0.9972477262787776,-0.05349463193522681,-0.05606615983372791,-1.432506993305517,-0.11664350044869719,-0.046203410812975854,-1.7479153067183095,-0.169744647064836,-0.026199016524836076,-2.0108117845899867,-0.20573046497501443,0.02984069625102121,-0.9286376467544137,-0.10481433378489284,0.02479091104972444,-1.3618383509319734,-0.17806545246913116,0.041681164273598394,-1.6597217819102466,-0.23916688418025808,0.06784832411509031,-1.907988228223493,-0.27847755558026527,0.10224252251933609,-0.7932537550192031,-0.16436669044042587,0.06509823080954359,-1.1309739685193474,-0.2405789967853501,0.056728738775986616,-1.3504558978661556,-0.2885639274984859,0.06754999328804973,-1.5402732443245812,-0.32069402233012
B,0.0,0.0,0.0,-0.20459754712674108,-0.15378211089499255,-0.0487959069600534,-0.3059591713438427,-0.5630559902973834,-0.058980521632833426,-0.23810250740314287,-0.8179207275009047,-0.07582431868269131,-0.09307165388605616,-0.7819986388559841,-0.08912693871724478,-0.15500485640605555,-0.9883715108319465,0.003610850790131259,-0.15420046003569773,-1.3451194299383449,-0.040294878601189285,-0.15516538114695702,-1.5967893308721823,-0.08150459866212346,-0.14878220838237435,-1.7965931956135737,-0.12444930619154675,-0.064284939214924,-0.9973317458173326,-0.03459530857045401,-0.07272873754921365,-1.4251360892059215,-0.09053908249526632,-0.06235568788102227,-1.7314933225146254,-0.13787180890932638,-0.0415900892202846,-1.9864621545961423,-0.17064618465175418,0.01811211484549274,-0.9327427944090573,-0.08740130390764372,0.005515551312225641,-1.3624219288973647,-0.15936802903457656,0.016798766413184753,-1.6527627815622652,-0.2194127761555935,0.037553926041692026,-1.8941596407263073,-0.25815497920570096,0.09208880915342016,-0.8000670279438324,-0.148442904745587,0.04369641017635863,-1.1246993628748339,-0.23119268237970386,0.030600742724754926,-1.3446588322615374,-0.28695457032460786,0.037745176990667886,-1.5366154499680322,-0.3244242701180447
B,0.0,0.0,0.0,-0.21972904277326888,-0.1440548612701634,-0.07730098342365074,-0.3380726252891295,-0.5490506987620742,-0.10541211276008666,-0.2523472861633527,-0.7967438316816313,-0.1332744983144066,-0.08465818654494839,-0.7504516395336621,-0.1577399206715926,-0.19768310604896264,-0.9777587182973415,-0.0465013030160588,-0.19844067104485535,-1.359376716407469,-0.10441553451672009,-0.19391456815732092,-1.6148253464089941,-0.153704321235303,-0.1808554201782545,-1.820475610416074,-0.2009895871428979,-0.09569755887354801,-0.9928686603361553,-0.071090087550459,-0.10834392340603348,-1.4295159013775913,-0.13783226582808172,-0.09972398700132434,-1.7353218252484843,-0.1903476257559593,-0.08234294066248775,-1.9900047379798829,-0.22779491104120353,-0.004659919486546485,-0.9333460230322269,-0.11050504725183141,-0.006022343463411842,-1.3641691600593076,-0.18551853415180966,0.008987981760981428,-1.6498913101378414,-0.24698954014317334,0.02797800866327314,-1.887549739110163,-0.2878092945211076,0.08057091461435231,-0.8056852858286918,-0.15990616385883089,0.04665447126149062,-1.1437730226505478,-0.2408382515616942,0.04261034673354775,-1.3676855739575655,-0.294355744712485,0.05519904883852433,-1.5621928721024865,-0.33115968383184385
B,0.0,0.0,0.0,-0.22416381692993695,-0.14346705955690323,-0.09900043699638016,-0.36010151681367264,-0.5137467607535321,-0.13750601782061828,-0.24618036039669094,-0.7567029151515647,-0.16894724023824,-0.05306287534556856,-0.7200120287333366,-0.19633531563197257,-0.2552975160447307,-0.9686276275721741,-0.0741100994197988,-0.2648757655928141,-1.3432682949213757,-0.13405792095368593,-0.26081525990077037,-1.5817718264559522,-0.18988775413399023,-0.24698323176840933,-1.7835210662306138,-0.2407781090492153,-0.11803353024234944,-0.9892047810348783,-0.0868446136284033,-0.12410072132059678,-1.4208308759644293,-0.1390932344698569,-0.11967595539186329,-1.7127369402309518,-0.18769875373828213,-0.10667795895466244,-1.9600910390134894,-0.22630862550264721,0.0059474802154045265,-0.9253394301427145,-0.11451419813879929,-0.0014237112337104247,-1.322261898142399,-0.1734815603421122,0.005518927159461494,-1.6096146601459906,-0.2317291166087044,0.0223756760552824,-1.8490249965361705,-0.27576994431876356,0.11897149542139457,-0.7878638302450608,-0.1541750159068406,0.07692044171946852,-1.0928477639297582,-0.216617962129489,0.06743803974855414,-1.2845274367147266,-0.25387261867176,0.07702319189993162,-1.4338316334429477,-0.28184132626329655
B,0.0,0.0,0.0,-0.24916948636765557,-0.13536677464979807,-0.10721390120437047,-0.3870085635018424,-0.472573638305813,-0.15485506997493118,-0.27195080919390313,-0.7515933024021315,-0.19559096340841087,-0.09288280268072814,-0.8291405400834541,-0.23329763177491233,-0.35023162666139496,-0.9268126074647336,-0.0820278907485878,-0.3747320621453919,-1.323362636364487,-0.15574323283535538,-0.3786514008098045,-1.5737672986058318,-0.218327419283426,-0.37527847384895985,-1.7795519318520392,-0.2714120298441185,-0.1847386963311882,-0.9781341367821726,-0.09552604115761798,-0.2148730656411131,-1.429990794035092,-0.16686724646651208,-0.23184160285871655,-1.7374069261060676,-0.2339832644987806,-0.24882574597240087,-1.9898068842976455,-0.2841272930222897,-0.028038251057380094,-0.9396910651943556,-0.12397761103591264,-0.0425915705157327,-1.370127552037422,-0.2005873655783251,-0.05079760242467173,-1.6500197602642879,-0.2676549873654284,-0.060224795701937985,-1.8775764666099346,-0.31381396818839496,0.12571678667190378,-0.8268906216182176,-0.16301919953954125,0.10062599656642697,-1.1645980033228784,-0.24361869895187582,0.08636590368180418,-1.3953633127038605,-0.29142071368919753,0.07750319209304163,-1.5872457619716154,-0.32242041453625075
B,0.0,0.0,0.0,-0.24635893972284256,-0.11387925284088309,-0.12977719640135377,-0.39034967860738307,-0.41947104658018425,-0.18853776238987438,-0.27901474987754343,-0.6937413885959771,-0.23675713540911833,-0.10281352286895305,-0.7847080593210053,-0.2807324347389101,-0.3929301750855371,-0.8887196913717008,-0.11433143236706439,-0.42134015317182905,-1.2836813467856905,-0.1941299601057806,-0.42477612613214977,-1.5328157620932932,-0.2593160572773685,-0.4233786670161087,-1.747142714275897,-0.31547787732613375,-0.2359887239874121,-0.9645577719466913,-0.11805772625299706,-0.27070776577058486,-1.4165211999173946,-0.1942610472570076,-0.2906779267795842,-1.7168871918759812,-0.26138112264389535,-0.31408245308814375,-1.9734429711691168,-0.31365810582407594,-0.08608279829230663,-0.9489965200944914,-0.1375180704031811,-0.10944532446349882,-1.3672933714467452,-0.21444848110581488,-0.12410477910787096,-1.637634841760936,-0.2800246118497131,-0.14623221989982985,-1.8702525523306304,-0.3275788403490108,0.06523686408403971,-0.8574416464887252,-0.17009884801582675,0.04344241002709377,-1.1852311156994584,-0.24774886274666783,0.028884840883416602,-1.4053679026734176,-0.2950009766214935,0.014455683642982203,-1.597671962252892,-0.3284399687635385
B,0.0,0.0,0.0,-0.25185576436145796,-0.1066653800709009,-0.14739913946276142,-0.38625504592384285,-0.4032400664910947,-0.21722394170284148,-0.2425482484682809,-0.6797982900168175,-0.2718262887003066,-0.0508248604738419,-0.7859439051219742,-0.3224069698745152,-0.42851283199232243,-0.8683508829321172,-0.14445502659332216,-0.4542053196627666,-1.2858755424463504,-0.23700544181830518,-0.45400419412380116,-1.5518464926422322,-0.31122773333413845,-0.45008983771911754,-1.7784723892712437,-0.37174928345927183,-0.2534027878969541,-0.9568699348382343,-0.14208080408248186,-0.28378251977228397,-1.4295393901358355,-0.22408785769366726,-0.30396495803396734,-1.7447013937838858,-0.29520107492011094,-0.33084776779282826,-2.0163188862891963,-0.3494401558119408,-0.08770820608020541,-0.9496937880872993,-0.1557382187267125,-0.11204210841401867,-1.3916549925966484,-0.2340398800644752,-0.12631141423228248,-1.6678620783859095,-0.2962332992315825,-0.14798430297196594,-1.9070102756992242,-0.3413781311376982,0.07665878078802595,-0.8578517970154315,-0.18415406474858206,0.05666790056293739,-1.1889420801944373,-0.26128646290260243,0.041450372064070366,-1.4089692600389592,-0.303497217417309,0.025839120043733305,-1.601837680477441,-0.33239099658069887
B,0.0,0.0,0.0,-0.1853601927321227,-0.06390238481234774,-0.28682933896801444,-0.23944226794043771,-0.328466698139486,-0.4308564283645434,-0.08225702710435265,-0.5980166933200021,-0.5317170064594718,0.1002181219121118,-0.7692993832607398,-0.6249808126334593,-0.2931182451752599,-0.8451289910594633,-0.36129074733741856,-0.2730390311911871,-1.2521280224454303,-0.526503398756733,-0.2404312913162786,-1.5348166429695087,-0.640897130186442,-0.2188596896912077,-1.785960617292665,-0.7265680584528931,-0.12444751375111816,-0.9446878761122876,-0.30344296506529966,-0.11217470407869048,-1.419621024923267,-0.45828190874534563,-0.10616526088816301,-1.7554155839428858,-0.5602585559052561,-0.11552142650593547,-2.0614388136574218,-0.6369694433707938,0.036830755390650616,-0.9488364851560652,-0.2675265184191913,0.05051347806045311,-1.3948860276603092,-0.41274705288806895,0.06135598019047955,-1.7027597261621727,-0.5036660466737184,0.053796327462065946,-1.9823870918604058,-0.5661045625907231,0.18964663304173815,-0.873537583759787,-0.2545096720416039,0.21079779327703393,-1.224221561372927,-0.38206491664906006,0.2240000115013792,-1.456973746197066,-0.4546437796458965,0.2242138180503373,-1.657814351096717,-0.5057467384981704
B,0.0,0.0,0.0,-0.1713496708517809,-0.06201316196149353,-0.2838061250944342,-0.19853561509381637,-0.31822517489091384,-0.42283090637897697,-0.013836881884692068,-0.5766877204479272,-0.5198947448391547,0.17938679219767742,-0.7501910994924555,-0.6113583065156214,-0.2378948634008455,-0.8476874127254579,-0.35722585251753775,-0.21672982763113133,-1.2570931284656854,-0.5190858333017391,-0.18462339963929214,-1.5399052862520966,-0.6315923025526554,-0.16231796151644398,-1.7960145820901354,-0.7178329485482821,-0.06366587880640014,-0.9511407395471663,-0.30212240805587137,-0.043401148521551164,-1.4506682821790815,-0.4582859808752263,-0.03415753463549005,-1.7951093082870144,-0.5686286897545986,-0.034385384021546804,-2.118230703047878,-0.6533345875783226,0.09603643646179191,-0.9535666653634176,-0.2673681841749738,0.11793239272653402,-1.4184519734741896,-0.4149083452086764,0.13167360559923066,-1.7299178091492282,-0.5160129284605259,0.132593322187979,-2.021158776627749,-0.586888068140664,0.24819199184170657,-0.8694076291746867,-0.25444402857078646,0.2734463001628004,-1.2396333026919488,-0.3835531442684572,0.28538574664291644,-1.48379413975164,-0.46265168834351306,0.2863110092613457,-1.7016312668712477,-0.5204559914886326
B,0.0,0.0,0.0,-0.18045918464645838,-0.05631473578884125,-0.2993912280729952,-0.21493796380177402,-0.32436935928514016,-0.44757869602188266,-0.027003525808134764,-0.5837473038380773,-0.5493798725932205,0.17709259329270863,-0.74322587445571,-0.6448791065226509,-0.24518598864070815,-0.8429166933488643,-0.3906042903056175,-0.2181455565980694,-1.2515506457911871,-0.5614982319900934,-0.18442509611020413,-1.5356219947755219,-0.6769002554205547,-0.16340293355322616,-1.7911488085751675,-0.7633935557296173,-0.06675548631855845,-0.9424981862266011,-0.32747652435852587,-0.03929980110907891,-1.4420626012757056,-0.49227739760093275,-0.03244058012902793,-1.796832600803468,-0.6022691179276491,-0.039741515349715,-2.1257567465016414,-0.6851954538833671,0.09648775233316606,-0.9443147157311822,-0.2848457905137832,0.12065646152496423,-1.406504256732477,-0.4395561742822374,0.12969315034075202,-1.729913299547795,-0.5431956991383035,0.12430553644721327,-2.0281007609718795,-0.6143976323418777,0.2506975517746566,-0.8648887852436263,-0.26465718079569345,0.2776038215308594,-1.2343598842394954,-0.3992247104528289,0.2891605794536288,-1.4823798770951515,-0.48237338325996537,0.28911369228778094,-1.703506192416126,-0.5421809517754549
B,0.0,0.0,0.0,-0.21840893296476063,-0.15311871443248928,-0.182018324595035,-0.2985325005608138,-0.4422976440516715,-0.2687947074248861,-0.12496064996728805,-0.698474367606978,-0.33227259635614936,0.0797179005656223,-0.7858666817001397,-0.3879632515563294,-0.3084262569599374,-0.9009411775655949,-0.17266203477624734,-0.29593863896019834,-1.270830107546841,-0.2779378689508771,-0.27133422612856845,-1.5264781018843228,-0.36511956245347355,-0.2516434314458534,-1.7498757784774754,-0.43646189594767915,-0.14294156128436086,-0.9777848818180057,-0.15331156168318805,-0.13382492860829065,-1.4108130025480932,-0.24752437709882627,-0.12702256193247646,-1.7135786628565695,-0.32873565393849824,-0.1273391131446659,-1.9912831389711971,-0.3926513084887533,0.005607116601770088,-0.9602687665102917,-0.15238574441625014,0.018574312855600017,-1.358165087647935,-0.24389457050801952,0.03190979817818134,-1.6180749615228442,-0.31255862522544375,0.039525821839029425,-1.8492289347206055,-0.36293590814417087,0.14788030924932008,-0.8535688346353606,-0.1688351359884916,0.15800868098983292,-1.1479533317369146,-0.2524664246719846,0.16723026760350032,-1.3437014002899155,-0.29797847489642854,0.17666809734010427,-1.5140635504085447,-0.33094425328578614
B,0.0,0.0,0.0,-0.25634246102442515,-0.1422510335271705,-0.12007567882435156,-0.38501389058200003,-0.47498137369706106,-0.15779031259874055,-0.2681170123399206,-0.7655914440787028,-0.1850089224008265,-0.08031596444535116,-0.8359119965581415,-0.20429493800286658,-0.42785075099436853,-0.8801346509407677,-0.05375581858182058,-0.475840539116154,-1.2643672192574835,-0.10518938227893963,-0.4945526292242725,-1.4987152210615657,-0.15306803871653682,-0.5092934796050622,-1.6931272071956098,-0.19772618631342512,-0.27966030547964477,-0.9588816731998708,-0.04833270466721193,-0.33338323155541616,-1.3889728410122804,-0.09821492864190844,-0.36644778219733715,-1.6735613201617643,-0.1488822141149489,-0.4031193409397472,-1.9057153116433454,-0.18860198016158297,-0.13314565581720614,-0.9559411841988368,-0.06127808115400007,-0.1774652528011936,-1.3491833232669832,-0.11792602309728158,-0.20164040435087946,-1.6024683756992755,-0.17550444366720694,-0.22880023173161287,-1.8178820111218303,-0.2169975417989654,0.01963877465531611,-0.8819255596796532,-0.0874673210682293,-0.02368723809491136,-1.1878103358112424,-0.14748143740238812,-0.049680037610056335,-1.3944628481609354,-0.1870063374638578,-0.0727333805267376,-1.5742013481819088,-0.21497265192252915
B,0.0,0.0,0.0,-0.2619481093703482,-0.12467396669068916,-0.10864080350870194,-0.41560698253604456,-0.4578975398043927,-0.1444211673801555,-0.3250654916536447,-0.7648741156026229,-0.17296137463394362,-0.13963378396033516,-0.8562517556475446,-0.19354240368215492,-0.45592200194009935,-0.8638703625046155,-0.043536723546883066,-0.5222931132177357,-1.2365866652614739,-0.0981585889717468,-0.5552228430596956,-1.4645310974731935,-0.14887618345644352,-0.5764739950175389,-1.6548204212290079,-0.19502504703763363,-0.31596913912437513,-0.9476901478063435,-0.04524253387899744,-0.39945442307868356,-1.3649252453118847,-0.09849263441779729,-0.44792293887759893,-1.6455899555426887,-0.1500631812869073,-0.48841740106054987,-1.8762750583736638,-0.18969135271395907,-0.16818498494999642,-0.9540872516121829,-0.0646621607021842,-0.2351246443122189,-1.3437825718283916,-0.1245470850464499,-0.2689680526009624,-1.5956543230863525,-0.17915202024832655,-0.29665976227800145,-1.8029888351288101,-0.21756283081372937,-0.007806698736227363,-0.8922256561630777,-0.09680686095085692,-0.07079965902300703,-1.1953219121252128,-0.15848930670051758,-0.10336675189019419,-1.398027852953025,-0.19535639615272946,-0.12699567697745226,-1.5670060020793095,-0.22064482827518836
B,0.0,0.0,0.0,-0.2647697015408585,-0.11384174433846236,-0.11166886976554755,-0.4201616545219525,-0.464915224523058,-0.14091709755448747,-0.3185753561450485,-0.7784431169963768,-0.1614828472653612,-0.1300608311799699,-0.8186626792639533,-0.17474892051128202,-0.4785237458392132,-0.8522532203771614,-0.03440960332409168,-0.5461747885528495,-1.2215718369524289,-0.08121868056156922,-0.5739890289675375,-1.4461324570572724,-0.13012110738787575,-0.5915075293060467,-1.639635753037336,-0.17663528677780974,-0.3358783705866521,-0.9413583156806712,-0.032097377944398923,-0.4201834546516005,-1.3421844080962875,-0.07525684294233057,-0.46699734652107666,-1.6078157912039794,-0.12242369646620126,-0.5075013585572338,-1.8360353220111199,-0.15893933285992395,-0.18627099816101197,-0.9509482765594947,-0.04854734440416806,-0.2519931486340596,-1.3231185177860303,-0.09900234593858578,-0.28448267839172625,-1.562118369916598,-0.15014106779518147,-0.3112444337010027,-1.765250091427316,-0.18586715694529324,-0.02477228386226193,-0.894672289956246,-0.07902082398103208,-0.09257760441648437,-1.1986562324012966,-0.13148960266590753,-0.11964623847388317,-1.3951249748633867,-0.16293321093892818,-0.13017171837789115,-1.5640625117671088,-0.1845350694558984
B,0.0,0.0,0.0,-0.2777962144159768,-0.09247517321901742,-0.12166710882883566,-0.47477901234187486,-0.476038677973053,-0.1430581200916722,-0.3931858961298539,-0.8400234917193216,-0.15536320527627825,-0.18893656670825518,-0.8609478286458623,-0.15636959637989847,-0.5179674549801475,-0.8167382884655373,0.005230760589626564,-0.6107467154441547,-1.1661712106257793,-0.022473065895359058,-0.6534053453735474,-1.3730553461010493,-0.061553575819902895,-0.6780433777093728,-1.5490032299204104,-0.10385453727603138,-0.38547618522771143,-0.9224890357609196,0.020544817428738687,-0.4946789866521508,-1.3000149829528351,-0.004219752688135695,-0.5531079250278639,-1.5484712404953889,-0.03886320786749265,-0.5976215524531786,-1.758359516335666,-0.06887674955095224,-0.24523537066774062,-0.9574499267269491,0.012126522501785263,-0.3316638441168432,-1.3046126427872475,-0.024141234824506662,-0.3809126998367231,-1.5290059563986023,-0.06979652775884825,-0.41929712995035406,-1.7129473404870745,-0.10429961450685919,-0.08236933318813665,-0.9394624152187347,-0.013527537157985828,-0.17632619708478142,-1.2275355595543267,-0.052643871918934555,-0.2233685156518615,-1.4129547706492749,-0.08336472050703142,-0.24903765842399075,-1.566330216915438,-0.1085332049621032
B,0.0,0.0,0.0,-0.27641203641793083,-0.11830519090427134,-0.11151792974536344,-0.4673183975898924,-0.5016123549275374,-0.13033912014976493,-0.3708994418779934,-0.848900609252412,-0.14192520366704148,-0.16355874627467024,-0.8680572317450417,-0.14442636573995146,-0.492004583554417,-0.8354796095464084,0.0064269316954605835,-0.575489735734139,-1.179924503844642,-0.022705976311333767,-0.6167843240090665,-1.3838904799861076,-0.06510500124480793,-0.6435207624548231,-1.5618895355827263,-0.10937665112735398,-0.36270295599447594,-0.9317562733844129,0.016637689793365447,-0.4598479126375246,-1.3024506253851202,-0.007231151848095914,-0.517256705556369,-1.5462896713611,-0.04467857390582986,-0.5628611972819142,-1.7528540630013971,-0.07755114408104938,-0.2258772012768685,-0.9594623647058684,0.0047605701310683805,-0.30406082321485045,-1.2994998732326104,-0.028683697586325285,-0.35292068588122755,-1.520183474969966,-0.07652166883633911,-0.3921025468173463,-1.696573910699257,-0.11391337601132011,-0.0689715964730283,-0.9342344786400453,-0.02363962367442109,-0.15137894964428078,-1.2176482231479753,-0.05990973885078862,-0.1916821265586293,-1.3948046221742108,-0.08936837110695071,-0.20842344951429012,-1.5364165972738222,-0.11423871652503248
B,0.0,0.0,0.0,-0.28496060865438916,-0.12369661937761886,-0.09436314470928904,-0.48768217090252325,-0.5265969168558768,-0.10173205966371406,-0.39173172066710804,-0.8771250403340476,-0.10400181749981503,-0.17458165939402884,-0.8848498721488692,-0.09868185655467818,-0.5075970729753796,-0.8222526791861979,0.015497153626102765,-0.5991638376299576,-1.176963236826762,-0.006622938033801141,-0.6415809721029879,-1.3863253285851156,-0.04370901356606327,-0.6681954856656616,-1.5688569670779988,-0.08574049151341022,-0.3744760557464599,-0.9270471208128587,0.018743517950563157,-0.47748082857740326,-1.3018125576838788,0.0011156640476010422,-0.5366807529061755,-1.5519813341114606,-0.03305112867132466,-0.5835412030099524,-1.762526709672703,-0.06401133284047927,-0.23455195135288015,-0.9609948151456367,0.0017967013550376151,-0.3111844576989066,-1.3083837014926414,-0.027025222335805683,-0.3610110643294253,-1.5360746894559494,-0.07430771055764233,-0.40357990466472504,-1.7181770244737038,-0.11105758563079021,-0.074693872039598,-0.9395810503844334,-0.02996321489940664,-0.1659399059477884,-1.242701859201846,-0.06817574234049745,-0.21160972810649997,-1.4318352238268828,-0.10024113029312855,-0.23540628335470665,-1.583918377698857,-0.1259831022178706
B,0.0,0.0,0.0,-0.23459586790600648,-0.19777564848791201,-0.08841120421103212,-0.3163669310814176,-0.6176115046613513,-0.0982563555035326,-0.17800075097684462,-0.8911812087344775,-0.10784748940117181,0.009151863177821904,-0.8728962984821567,-0.10874918266024548,-0.16746125187153887,-0.9562347844184517,0.04223116255743157,-0.15198552381424055,-1.288117660393391,0.01580740561304571,-0.128975910694537,-1.498385185476742,-0.022102013862991238,-0.09421016163488083,-1.6702147714895397,-0.05954929833981231,-0.048871830211328925,-0.9980768357201403,0.03813363621092587,-0.025759452219630212,-1.3786676763912051,0.01977866149694381,0.007087467841806588,-1.6307325903771483,-0.005268144944018648,0.0481615740034751,-1.8292037626843232,-0.02610873732626442,0.05709177934874408,-0.9767482656775406,0.009501442524179381,0.08747151540083245,-1.3409244340584499,-0.025250155688540832,0.12006431468222489,-1.5840071916446194,-0.06355041477229614,0.15673462558483348,-1.772260857999234,-0.08963032229007321,0.16329069358553838,-0.8970768521855796,-0.034393072817238156,0.16349312177403588,-1.2173938209574588,-0.07654431043211643,0.17952423503491363,-1.4222000754364759,-0.10708115965463753,0.209804721311232,-1.5890251982764392,-0.12895878901992616
B,0.0,0.0,0.0,-0.23461152156214882,-0.18422541167251535,-0.09036754714830052,-0.32709255956440947,-0.6129951592517907,-0.10029306772291591,-0.1915195421724219,-0.9079993538823168,-0.10821691515770507,0.0007990830379896488,-0.8776937331120742,-0.10770574612615272,-0.1768089157886011,-0.9510411717046938,0.026066669275214022,-0.16082725502880812,-1.2985153957949238,0.0032131882236740967,-0.14241188274263988,-1.5200230061459252,-0.03127820253990611,-0.11559140939098679,-1.70427998767551,-0.06980381518821517,-0.05972460751225444,-0.9979800386044538,0.02165210854766566,-0.0417764485104792,-1.387947290309996,0.001505295730858274,-0.01575835423409543,-1.6426762269091844,-0.025588212183548266,0.017316555858058746,-1.8491920691965258,-0.04962264243004697,0.046742958683949794,-0.9797873548369932,-0.005181608903002913,0.07468799875495981,-1.3537118660919034,-0.043232305308701265,0.10491163059787069,-1.5998611146509496,-0.08698023796130551,0.13771502961911217,-1.7964680388639576,-0.11886499534229561,0.15427164288187734,-0.9017447111394857,-0.04663144675452447,0.15254616736597085,-1.2311509858730576,-0.09424209690870623,0.1724033499596641,-1.433177161880248,-0.13077924309781258,0.20613231744950253,-1.5943173344482946,-0.1584284509478267
B,0.0,0.0,0.0,-0.21175036303276243,-0.1871821799785524,-0.08349522126589397,-0.3185088296089056,-0.5823378970901812,-0.1056435891087545,-0.21624758089370777,-0.8432108421952335,-0.12747076124109477,-0.04355614558392785,-0.8398586048537198,-0.14364008960898314,-0.19510629032560003,-0.9620963427773188,-0.01691172085812786,-0.2017216215340916,-1.3177866540202265,-0.06810858342036996,-0.1974783519008304,-1.5463675263948182,-0.12073434180280213,-0.18538884669398734,-1.7395607031802833,-0.16880878375548033,-0.08264143401834191,-0.996066445833182,-0.031969186236821726,-0.08743143688030186,-1.4013863300831262,-0.08133113388178377,-0.08038407172185952,-1.6767875989627512,-0.12737581991924513,-0.06606940050730543,-1.9040212075723648,-0.1630406802786618,0.02207578784969665,-0.9638612024690016,-0.0650987712172852,0.0317566082028319,-1.3576539098181752,-0.12079667180559543,0.04556116946716466,-1.6225079260298068,-0.17050664749783312,0.06316569771373788,-1.8423386520235603,-0.2058089726150141,0.12410441837852133,-0.8684475006950589,-0.11084403176917286,0.11233003434802802,-1.1938234968586896,-0.16745985986936252,0.11630587355768206,-1.406576975513485,-0.20259167042280826,0.13172165784821685,-1.58520228745723,-0.2287184431170843
B,0.0,0.0,0.0,-0.18757570142761812,-0.17768181968914967,-0.07601989421203857,-0.3069420568815569,-0.5314400367476221,-0.10595295734872309,-0.24766987294993756,-0.7767035009511001,-0.13737651976853185,-0.09852305520908734,-0.7962370184514517,-0.1660146125759525,-0.18192344610139216,-0.988527430484775,-0.023464614292665078,-0.1865179326519283,-1.3658414459644697,-0.0815422492221151,-0.18509289714230434,-1.6299646656848583,-0.13496860188045154,-0.1775560156145424,-1.8402263926856277,-0.18290534409732392,-0.06569448194032046,-0.9964328976601564,-0.052969005117870276,-0.08702902680553352,-1.438367900795156,-0.10947322674808899,-0.09134735312132691,-1.738944981685877,-0.15817918732638314,-0.08121890765665522,-1.990180385601942,-0.19535781693056714,0.04617151574945206,-0.9342324209822551,-0.09922525473067803,0.014491817755566395,-1.3367977491532017,-0.1764233398806338,0.016386183627394562,-1.6302748133107248,-0.23073309838907788,0.030596971313072138,-1.8767873902291743,-0.26859634565088275,0.1502354288057986,-0.8017006691206656,-0.15532257246615766,0.10171462341795466,-1.0977244541497946,-0.2308613373812582,0.08917885611273355,-1.2233730998519845,-0.2567793102130298,0.09611248681177387,-1.3094964387752446,-0.2740365856021808
B,0.0,0.0,0.0,-0.1992091570158519,-0.17413154001423653,-0.07849861181196081,-0.2917468738323644,-0.5605576992768952,-0.11010116393137431,-0.18976752843825487,-0.7977802401365509,-0.1420656909630184,-0.039985782896838566,-0.765551471726336,-0.17030470101399134,-0.14626616601854422,-1.0046442214218076,-0.04375131005110117,-0.14705811561338997,-1.364961124425482,-0.10249158268402958,-0.14467695569148048,-1.59577440108393,-0.15831201759006894,-0.13585791043919063,-1.7879638081639486,-0.20871628492342253,-0.039547319000437384,-0.9969581204545438,-0.0671603723904296,-0.03439315524381842,-1.421341994972993,-0.12474210093325476,-0.01780155551037122,-1.7094719842548287,-0.17309393332400502,0.008363664399813956,-1.953650147984267,-0.2088922163488796,0.05492365181958827,-0.9088587441021406,-0.10568317053289257,0.06162256971637702,-1.3138150682391319,-0.1696129253712507,0.07812938796065916,-1.586853952449588,-0.22199695604302339,0.10252757279620468,-1.8189782932038252,-0.2591758028386073,0.1366380575065424,-0.749250017460449,-0.15556141396899906,0.11517437442358225,-1.0558347337950518,-0.22605252578734378,0.10779405727280798,-1.2664509352794349,-0.2690582066409064,0.11792751067034352,-1.4482605112004812,-0.29913940681919676
B,0.0,0.0,0.0,-0.20185341211079785,-0.16509290962872938,-0.07759336863278803,-0.2959338482171381,-0.554702230996529,-0.10736738863419264,-0.19120791404456933,-0.7888077413165728,-0.1377909917035371,-0.03593152642197159,-0.758469102892573,-0.16507231447187562,-0.15724758703392022,-1.0011544466969693,-0.04070818710057693,-0.15757163595577758,-1.3551560941713687,-0.1002089208706271,-0.14828635778820598,-1.5830153160310048,-0.15676300046437217,-0.13117912782685617,-1.7742730157735687,-0.20791757193663798,-0.04873401194805413,-0.9966758942036149,-0.06528520500750241,-0.042841035009113945,-1.415631380524744,-0.12520498067691954,-0.024257320323810505,-1.7036495973506942,-0.17675944570316987,0.0038106189277563292,-1.9491468020270253,-0.2142188996154399,0.04791819423811753,-0.9087354977899703,-0.10502052569054272,0.052520670894921614,-1.3096878079791356,-0.17114087928305705,0.0726802453068816,-1.5818378400849469,-0.22633202015859247,0.10242950747967308,-1.8126388369751898,-0.2648054403317667,0.1332858386055008,-0.7484811295477859,-0.15585949315224812,0.10811548589519651,-1.056416473274161,-0.2276056306181348,0.10227121449117792,-1.262704445782255,-0.271223351974955,0.11648439299041274,-1.4405498588457866,-0.3014174203913172
B,0.0,0.0,0.0,-0.19711125881231387,-0.17282411185414398,-0.08054971965207866,-0.29280763931312986,-0.5568121475206392,-0.11392879910593282,-0.18407452753038445,-0.7871391728637783,-0.1468125775895817,-0.02133658038412694,-0.75189824472986,-0.1759210829671723,-0.15399531582756756,-1.0038425092963548,-0.044082477694447654,-0.1519370195196323,-1.3610650009746386,-0.10462070827067999,-0.14272182419616916,-1.5896219822189308,-0.16184085502069623,-0.12695502991170615,-1.780043876645648,-0.21226320998043127,-0.04300154936088633,-0.9969034512421258,-0.0658359753789825,-0.035264201319462236,-1.4179177444962985,-0.12399101264882362,-0.017683479175275116,-1.7063284281999078,-0.17369050591709617,0.007843260758687532,-1.949729461367924,-0.20958992467525747,0.056426232812009765,-0.9104518506226678,-0.10272279108378239,0.06386162113252077,-1.3071326477779686,-0.1654344912681795,0.08317974574667743,-1.5810752006735045,-0.21807627976118357,0.11128763974176975,-1.8134393200580876,-0.2547193433627284,0.1450858276023509,-0.7513282489144198,-0.15098184304540418,0.12368159719583781,-1.0593834735209586,-0.21774547509632303,0.12033499200677628,-1.2654816334849806,-0.25690638180510267,0.13602131629376538,-1.440638487729131,-0.2835288598020945
B,0.0,0.0,0.0,-0.20311840747529097,-0.16485622394156152,-0.0803995638590496,-0.29815609055418413,-0.5537636218818527,-0.11238345453813184,-0.18914366444840852,-0.7825390439852935,-0.14416485001487733,-0.021547509650457708,-0.7480919069931761,-0.17229343234168334,-0.15925975277502627,-0.9978910744723992,-0.04048937606507556,-0.1583501599050353,-1.3442132281650685,-0.1002622283168167,-0.14822255058489253,-1.568537338720829,-0.15765475157447822,-0.12995360572738793,-1.7569253895611703,-0.20929252614204125,-0.04633464905813435,-0.9969409813391068,-0.06294267251458448,-0.04248066748078814,-1.4090057254827242,-0.12149541459226522,-0.026831130956998194,-1.693140654229986,-0.17255225739392885,-0.0018348380156540155,-1.9373679539634958,-0.21025753785058354,0.05374130590614015,-0.9145594348884504,-0.10101435684787897,0.06206675133609427,-1.3121518892922606,-0.1653644144684819,0.08020343446417018,-1.580090968181417,-0.21911432912624168,0.10675047661772098,-1.808380778432133,-0.2565023819770496,0.14190627039088968,-0.7594153501746621,-0.1503871676414865,0.11700271718290231,-1.073502326907841,-0.21841459903365962,0.11421426427192971,-1.2817550721104505,-0.2593286449164425,0.13097648194255526,-1.4592853349705486,-0.28764067680546085
B,0.0,0.0,0.0,-0.2578978257891682,-0.11998161153220656,-0.11952581535144166,-0.40158807951503234,-0.45088495544046375,-0.16326570502035415,-0.29449392181221296,-0.7411862988402815,-0.19729336217209112,-0.09780512825180787,-0.8046421603664858,-0.22383037245863244,-0.43113986845530805,-0.8703318935755597,-0.07395003975697732,-0.48337232883321957,-1.2495381695597847,-0.13587782454524522,-0.5015441717857427,-1.4839599581388265,-0.18949027087504305,-0.5101623549799039,-1.68196315947981,-0.23734727138611653,-0.28943076025493525,-0.9543983686017254,-0.07316822417289548,-0.35418385808874886,-1.394680518889359,-0.1313907632724161,-0.3907167462358341,-1.687899959229308,-0.1836575139230357,-0.4241332754051949,-1.9275873852616179,-0.2234569192581716,-0.1437892793982007,-0.9567034544915093,-0.08952726524289953,-0.19565323785926822,-1.3576674615779014,-0.15144967736171086,-0.2226242492241166,-1.6197667148820991,-0.20847769295205645,-0.24773547418531597,-1.835014921021119,-0.2486423871370084,0.01004963089172445,-0.887513479804717,-0.11953349247470924,-0.03614078862321628,-1.2011566490247072,-0.18329849318758562,-0.05799217272826316,-1.4118899165839385,-0.22368599513529488,-0.07430317581253797,-1.5888680714515857,-0.2517129204046621
B,0.0,0.0,0.0,-0.2536317348175138,-0.1278336943569608,-0.121662947644248,-0.39503060557036457,-0.4620348682060838,-0.16624361997415338,-0.28277617558365825,-0.7478767876096333,-0.20037514056958883,-0.08151939675455896,-0.7953991997076806,-0.22725263556829292,-0.4044988910698385,-0.889861004001475,-0.07304188264077972,-0.43983423147668893,-1.2786347435813539,-0.13700982334718947,-0.45231350026851264,-1.5173423317683328,-0.19309047074907154,-0.4591556061826852,-1.719718635668213,-0.2421533662589621,-0.26140730686719116,-0.9625229382838475,-0.07222058705016778,-0.31334502435770667,-1.4037258658031617,-0.1337314596218583,-0.3466146877217752,-1.7000117701056916,-0.1896149083382911,-0.3773594467619029,-1.946246129374068,-0.2310155453901231,-0.11746619448052154,-0.9583027833428109,-0.08915787682453645,-0.16191799985468733,-1.36782230563659,-0.15589114488531416,-0.18534514554264694,-1.6398908952104094,-0.2173483669401566,-0.20546297934999014,-1.8665090926472114,-0.25885419071960214,0.03669209062010855,-0.8844596919673473,-0.1195772111225066,-0.007586553085885463,-1.2116794271314488,-0.18826105208148367,-0.02602414784931994,-1.429169636632785,-0.23132431336467302,-0.03488139889089827,-1.6116763791170812,-0.25981355710461984
B,0.0,0.0,0.0,-0.24802529889628136,-0.1415507921415099,-0.12686303110162536,-0.3730548521934324,-0.48465299779870447,-0.1703023803773125,-0.25056169057798994,-0.7679797257057156,-0.20297736540405364,-0.04918487403820336,-0.8006822746123486,-0.22718384376321193,-0.3788550543255382,-0.9007697851532812,-0.06617255350096757,-0.4120643050690643,-1.2726958308368534,-0.12421652545155301,-0.4230902688111583,-1.5021646419421335,-0.17760341131978066,-0.43012047369564066,-1.6980000119505925,-0.22707824656508252,-0.2350268834689233,-0.9700286788349117,-0.061698673281364906,-0.2773335014059141,-1.3943607892264114,-0.11820471713786786,-0.30088123906687075,-1.676854526903187,-0.1706817247355451,-0.32633060133796293,-1.916374245584748,-0.21145539460717344,-0.09352344663927256,-0.9609300762854854,-0.07635987139881453,-0.12451502753916827,-1.35294228927944,-0.13870090681286112,-0.1394014786610849,-1.6085210692562475,-0.1970173262261319,-0.15511500059925476,-1.830008657279317,-0.237996528445862,0.05341020321200178,-0.8827331763294294,-0.10562459195225923,0.016498384759070325,-1.1952756609416177,-0.1702654612496701,0.00329325310081404,-1.4044951348032615,-0.21262738710252252,-0.00497827863235903,-1.5855224987933618,-0.2423747329199014
B,0.0,0.0,0.0,-0.26818134161446844,-0.10237740395745461,-0.0996912696829254,-0.4727323820655505,-0.3964501444736263,-0.15258466664410697,-0.4819498877603715,-0.7063702372968369,-0.20357338138959247,-0.3474689928745083,-0.8452162817570809,-0.24810671368201195,-0.3553470976965577,-0.9204590341497068,-0.04440136947161851,-0.391427912611848,-1.2841163822006065,-0.11641777978897205,-0.4083433234472992,-1.5052725938735851,-0.18636955199575858,-0.41776751650819255,-1.7037501333723868,-0.2443978121372444,-0.21338019914728887,-0.9750621446753266,-0.061013970801906896,-0.25948482990597305,-1.3995944489923555,-0.12380315110714062,-0.2916083430212061,-1.6715936670746718,-0.18426889089476894,-0.3193048672037935,-1.9114762546684763,-0.23109909129083453,-0.07440682609270868,-0.9513566054508396,-0.09604180900529267,-0.1113959391707085,-1.3554634635869938,-0.1571724848352415,-0.13611499732095597,-1.60543660764694,-0.2056770666750504,-0.1566166738068754,-1.82030626978596,-0.24181380293244784,0.07572391056974896,-0.8575452561408529,-0.14444949310697727,0.03677429169853006,-1.1825971166565774,-0.20255473959962503,0.010216112262686225,-1.3923826032933313,-0.23451725399775664,-0.008771594909086715,-1.5815292823208635,-0.2575185753700304
B,0.0,0.0,0.0,-0.27463098696325366,-0.09836993949159463,-0.10787771759624443,-0.4871825607344282,-0.3933257452047294,-0.16609613478066143,-0.5019550924932648,-0.7111303384216663,-0.22038136247539333,-0.3569626552002061,-0.8510783288807389,-0.2676702748716269,-0.36678414209520505,-0.916093293007767,-0.05414680295984225,-0.4063148599571073,-1.2916252753422441,-0.13104970315459413,-0.42801331175834495,-1.5203949429606456,-0.20106801936430277,-0.43829514449036094,-1.7223855358693152,-0.25814218969202923,-0.22433587715323433,-0.9722705055992306,-0.06605662846153845,-0.272381088996031,-1.4081579313528767,-0.1344654597452412,-0.30361034976025403,-1.6858100965385483,-0.19467822187054393,-0.32955769209028346,-1.9256801599082114,-0.2389771473308233,-0.08314700502733104,-0.9480519988299104,-0.09723705945852505,-0.11710681897095636,-1.3663343696575228,-0.16471351059967565,-0.13782068918879448,-1.620265290431369,-0.21517584219854938,-0.1533040490783191,-1.8335102918529493,-0.2498207934421722,0.06912528548153388,-0.8544274717786329,-0.1416772712653533,0.03143383540778716,-1.1889192842534517,-0.20481562797176553,0.00696146144893558,-1.4044647984131675,-0.23993184663045508,-0.009160374422260701,-1.5986059235995196,-0.26329550852802575
B,0.0,0.0,0.0,-0.2767905859876991,-0.09954413072625853,-0.11781312724948848,-0.4941592432608983,-0.39212703873400984,-0.18315893720103366,-0.5053534574936269,-0.7072258709876048,-0.2424944568152053,-0.36077832542372346,-0.8622658228257009,-0.2950534009775569,-0.38561374100975265,-0.9090449141549093,-0.07709628687703764,-0.43308495228962995,-1.2854129873230378,-0.15956694962766396,-0.4593507773453097,-1.5154091274232593,-0.23069069309256873,-0.4723818203210468,-1.7176243711406598,-0.2884633039885778,-0.24520001191129773,-0.9656633123164777,-0.08585639990512113,-0.30291684340338776,-1.4091584433255633,-0.1607350741213639,-0.3400774158587956,-1.6900606093904653,-0.2228452550715834,-0.3682478415008785,-1.93064795315746,-0.26901556463879733,-0.1019322410578812,-0.9407548302117885,-0.11355006651294777,-0.14480428561538197,-1.3636249772992495,-0.1869266016463845,-0.1726394524196715,-1.6216285729368907,-0.24017758633927608,-0.19226151895255916,-1.837747369166983,-0.2772559060144388,0.05338981107834553,-0.8476027491462138,-0.15480507753438733,0.012539485324114539,-1.1815328352350838,-0.22478045888101958,-0.01321212086980748,-1.398048943897078,-0.2645840273353175,-0.028944718952868022,-1.5919733085634307,-0.2913876060843088
B,0.0,0.0,0.0,0.2661743478910777,-0.1404586498876657,-0.05849766755657181,0.4451499731616039,-0.45918171614256337,-0.06894473345541526,0.47159596539057436,-0.7352668821858467,-0.07997937033895688,0.3338348700904581,-0.8361438213748729,-0.10064140031458473,0.28123762085370213,-0.9774077114379265,-0.04491841219164093,0.23940210351362748,-1.4037979695995326,-0.10742655534244695,0.21402612828330683,-1.6641905631538776,-0.1752069436028814,0.18367169072992676,-1.8822656208674615,-0.2286321615683628,0.12103387577076961,-0.9900163006400943,-0.07223936172758211,0.08648950517145453,-1.4771137455016412,-0.12573122305838547,0.07223372359331048,-1.7773464625829531,-0.1939608141177352,0.05091252227841082,-2.011543727382279,-0.24910134518048174,-0.03032205477643439,-0.9207381981228002,-0.1080261562257331,-0.06403118350995601,-1.373088447104296,-0.1708882587138494,-0.07839995846754964,-1.6649662778561678,-0.2382074196883409,-0.10102209888300878,-1.891879409296907,-0.285389407099372,-0.18355350225257142,-0.7950286043594275,-0.1496667383400159,-0.19568422903237728,-1.1383105435290397,-0.21159557395873002,-0.2031985485206704,-1.3522162754183813,-0.24822348186562002,-0.20996100746455698,-1.5362116640403176,-0.27447693077845947
B,0.0,0.0,0.0,0.26323541228958525,-0.149713778450446,-0.06349932646727525,0.4339385896452846,-0.459624047929209,-0.07936575006091758,0.45105550794483407,-0.7308095113509336,-0.09533911309639537,0.31975678820917625,-0.8264778176873342,-0.12013480006839684,0.26754890823082367,-0.9834896968238431,-0.04883128855951118,0.2241753125909706,-1.40299126062821,-0.11439563903640483,0.20047128893980734,-1.6569374803288501,-0.18334191891764867,0.1715214192162312,-1.8704375279297965,-0.23653193903168207,0.11211599275913038,-0.9909274890750801,-0.07411285693448533,0.07901807137981313,-1.4622477618144947,-0.12938906976604855,0.06663262244937912,-1.7548845635622699,-0.1962662901129381,0.04558866843923061,-1.9824631320291082,-0.24994681907187727,-0.036185706431226004,-0.9168627501384826,-0.10866204787731167,-0.07123770017796106,-1.3566380583043849,-0.17190375076627384,-0.08494128176704253,-1.6419205100032859,-0.237680052908459,-0.10735428088621429,-1.8636548205017804,-0.2837558204985394,-0.18681374880959314,-0.7879342972273078,-0.14966924171855261,-0.19977795624413253,-1.1180745992133732,-0.21070359127076704,-0.20657476836929908,-1.324112033684613,-0.24638580660580595,-0.21485299725976753,-1.5003884724549923,-0.2719739297724562
B,0.0,0.0,0.0,0.2503094936366274,-0.15021473318074832,-0.0755554621994618,0.4204174521278467,-0.4553323762378325,-0.09686809839413953,0.43999859442304445,-0.7224857927556613,-0.1159707502835612,0.31341673799080216,-0.823780239739747,-0.1419082874447297,0.25146379158608073,-0.9853573167281044,-0.05804138446901616,0.21114846172089854,-1.3922386586993842,-0.12556943255014744,0.18898689312414108,-1.6412791511429194,-0.19418562691937982,0.16194306677011686,-1.8499445193838535,-0.2466642816519088,0.09895014985718081,-0.9920209613729265,-0.07812349224129993,0.06727794114498825,-1.4621189061967754,-0.13707911177646026,0.05728059516575529,-1.755363072426454,-0.20497357763652876,0.03908353310968829,-1.9875134182935903,-0.2584342040402086,-0.044605531819189685,-0.9169809886796156,-0.10836435312360858,-0.08039256803206518,-1.3532784722885343,-0.1747768735362179,-0.09458324245775493,-1.6330130015529332,-0.23982760087980654,-0.11775897646459497,-1.8525983524208762,-0.28406259153261476,-0.18983549669912084,-0.785694503757831,-0.14630755560637615,-0.20565590086606234,-1.1145206016016398,-0.2095556319099439,-0.215499543663703,-1.3210078191322827,-0.24550161166010032,-0.22840217624136833,-1.5001959152118476,-0.27024705141375066
B,0.0,0.0,0.0,0.25556381017153423,-0.1486793708707936,-0.0817898859565543,0.42292313496218187,-0.44773156764417693,-0.11267250452320463,0.43058272947456433,-0.7222252487874321,-0.14135711863900877,0.3216155626332051,-0.7933225061198205,-0.17703329044338223,0.2706904135433391,-0.9835212589906599,-0.06460513556100571,0.22619458353685298,-1.4115459485965591,-0.13355876676176068,0.20173945239655708,-1.6674647691443352,-0.20246236115106278,0.17667392555761582,-1.8810208124035257,-0.2551097377743372,0.11511042702229443,-0.9897771313679578,-0.08420700571663567,0.08248441807444616,-1.4756624459386447,-0.1437664471815971,0.07019618887803307,-1.7789244420496477,-0.2117349886695764,0.05295421922584443,-2.0141432099229406,-0.26441068922539573,-0.034478214708659305,-0.9162845152153675,-0.11416833284013972,-0.06606311621137968,-1.3708542406072606,-0.1828992388186881,-0.08327415595834581,-1.6667546629501244,-0.24971855703606732,-0.10749457867420459,-1.8937029279620265,-0.2934086074743844,-0.1896904600361192,-0.7898817677681339,-0.15163205237831553,-0.20312420646821797,-1.1321743138094962,-0.21402017038263904,-0.21181773132064904,-1.3400765925425022,-0.2478245275498242,-0.22274179790164056,-1.5174766446181664,-0.2700089379893749
B,0.0,0.0,0.0,0.23631680937484534,-0.15305710520741656,-0.09111049672414369,0.397262896380959,-0.45352081674790495,-0.1269472092911976,0.29717832022159,-0.6905140154780266,-0.15917211295471248,0.08231160641838685,-0.663205024953821,-0.1963541600237133,0.2642995999643774,-0.9745829277346901,-0.06259922996771825,0.24715549357927022,-1.3706121527427877,-0.12245421699058573,0.23047887931832722,-1.6177331085351467,-0.18510954197554394,0.20809797577246927,-1.8232761650937521,-0.2365933545906738,0.10393167634641176,-0.9911572232798744,-0.08249585075598424,0.09747782938376774,-1.4476307493508682,-0.13258444849523482,0.0976893159048297,-1.7260404760830328,-0.1993062846684264,0.08772472587217152,-1.9449485703449967,-0.2531280381759001,-0.0362774556555269,-0.9219878503409391,-0.11378086826943108,-0.05223023808727444,-1.3518600972988482,-0.1710870021165832,-0.057469206910563786,-1.6230845026575473,-0.2385480388077046,-0.07227785728642407,-1.8341407421976752,-0.28421601385637196,-0.17443365659193588,-0.7879112427714212,-0.15543787657556266,-0.17396056826046083,-1.1118606494115142,-0.20379920388424128,-0.17423845753991307,-1.3172157318723114,-0.23407420516458427,-0.18378838531593142,-1.496305349421418,-0.2577980522954597
B,0.0,0.0,0.0,0.2360322560015994,-0.17916028933876144,-0.08736104825766239,0.3943644705169552,-0.4748457462519459,-0.13109019302687336,0.27885055271428594,-0.6927470466331771,-0.1731079311643703,0.07341374267214229,-0.6645525329582297,-0.22299710642467774,0.25260427944148217,-0.9746858959953967,-0.0878123116711321,0.23205888215047654,-1.3817248895716356,-0.16290926862791316,0.21130243256296308,-1.6331337157877293,-0.23292287298897457,0.18557376419769783,-1.8401847700252645,-0.2871489753996078,0.08531874051022176,-0.989698732360716,-0.1149657848289703,0.06743809087435924,-1.4575703217470206,-0.17813756483317086,0.05319201837773355,-1.742066608357584,-0.2487269642956399,0.0338851089289367,-1.9669706137411822,-0.30468090869571895,-0.05947842853883279,-0.920287931252734,-0.15176415251842384,-0.08629188361732827,-1.3622395967506495,-0.21475395939217123,-0.10123683319323144,-1.6319515595367382,-0.2765435337765692,-0.12062377938249141,-1.8428579291849785,-0.3186553490699874,-0.2016612339954774,-0.785645062549994,-0.19842563593194174,-0.21184913787772947,-1.1247080537827951,-0.24861170969007915,-0.2170599799947495,-1.337494394702646,-0.2735413063622759,-0.2286335730492022,-1.5235990182999337,-0.2931762857305135
B,0.0,0.0,0.0,-0.03273862480749757,-0.4350591029626556,-0.04098985566390058,0.07125667726197794,-0.8670974976593401,-0.07262666915660439,0.1982759342358311,-1.1365632596904733,-0.11402843267839449,0.2823057138472649,-1.291416998024407,-0.15106701593891492,0.5063041301101091,-0.9325583816372652,-0.0006586795084308789,0.4741125059179004,-1.2145218040244559,-0.11338746834179275,0.37491434654160877,-1.309766483167706,-0.20462300848313164,0.3277908121710197,-1.3454205491349365,-0.25373737752843833,0.6193482425608989,-0.7843140029183386,-0.035486606810714,0.4759156385242315,-1.08024036494671,-0.11978902423991485,0.357028577563933,-1.1159837484586275,-0.1671970675829147,0.30469321189982707,-1.1015496726384062,-0.188911875540572,0.6791123592282287,-0.5907029687066554,-0.08394002689216003,0.47178428600693356,-0.8110424168577984,-0.18875246660745904,0.3047915444140866,-0.7014794695803731,-0.1906347575812283,0.20577243620268793,-0.5746296940344822,-0.16928136322102677,0.6999680059126709,-0.3657839160127039,-0.13878600090451565,0.5600022817898915,-0.5766498793697501,-0.21770832349995364,0.4026469587455206,-0.5628259089518249,-0.1919317689919857,0.28690515132313277,-0.5141170575089592,-0.14735957502928182
B,0.0,0.0,0.0,0.12956615947422861,-0.17339437332362725,-0.13942412028347276,0.20495442608541947,-0.47602039893257336,-0.24012830972449442,0.20842088593943187,-0.7194505147868236,-0.3348088259356311,0.2409417137057509,-0.8078173739871056,-0.43587080052302984,0.25736569966126177,-0.9516995412190471,-0.19708279003092563,0.1989082418818388,-1.4267719482099532,-0.35271237471876243,0.15213849187169398,-1.7506554403706271,-0.4770017369768034,0.12431917236062955,-2.006010671037584,-0.5629844526892688,0.19001419580214704,-0.9587205106640487,-0.21154098379682576,0.09061943940514759,-1.494698996691258,-0.3475740692055956,0.03015289320220846,-1.8501428995394844,-0.4487724902059576,-0.018050093815753673,-2.1301879002682207,-0.522824313161304,0.11568988907888564,-0.8757676365105636,-0.23847561309350365,-0.028969079316907478,-1.3714357053228308,-0.3602094365569067,-0.07689273084526183,-1.690265183486834,-0.41992569366836496,-0.11939191521527456,-1.946533738428983,-0.46077501924734177,0.032850323994587864,-0.7257202491936928,-0.279012980806455,-0.12876757597126426,-1.0794569484308951,-0.37917065596104055,-0.18545186953530765,-1.3022251350659202,-0.4107920929906845,-0.23448774979694928,-1.493161398758255,-0.4302951864294364
B,0.0,0.0,0.0,0.130806869862552,-0.1813023851994942,-0.1486916196703074,0.18912213027146657,-0.46148881915879014,-0.25703064489240696,0.11450319273693049,-0.6720206754094886,-0.3562344640780941,0.1380777928162369,-0.7468639451647426,-0.4562516842085372,0.193139134814682,-0.953877277959216,-0.21669730573998255,0.1679112513658584,-1.439457426908148,-0.3619058794201735,0.13261652506053595,-1.7629507818123018,-0.47027895038661643,0.11431273583518961,-2.043848702347264,-0.5467236417614367,0.0807019170267568,-0.9686278293921718,-0.23504750310355596,0.03658849080965918,-1.5461190601262107,-0.36616003741551534,0.005627498036130055,-1.9207739002605086,-0.4610448845280655,-0.010159868887250047,-2.231627566100285,-0.5257976091912516,-0.014256160554758484,-0.8904095081198896,-0.26497907422563266,-0.10276261546694997,-1.397507721142491,-0.3830720544412183,-0.13131615329584148,-1.7055394051080424,-0.43635751168350795,-0.1508723329904272,-1.970512202585023,-0.4681688221580776,-0.10342617318573552,-0.7312083039399234,-0.3088223106888151,-0.1949347364747622,-1.089234138033842,-0.40573660928339306,-0.23140592219378417,-1.2984867028267018,-0.42648495374467155,-0.2632120150302142,-1.4887147626294774,-0.4345884701612944
B,0.0,0.0,0.0,0.1958207031820065,-0.12977219015221506,-0.17455669650912503,0.2742408406847993,-0.4110588821621821,-0.28879919468525966,0.1500717518216522,-0.6527824886901024,-0.38689764127186016,0.11076367948920453,-0.7354939707381059,-0.4863242321743,0.21330149518692204,-0.942031985070935,-0.23538871816201695,0.17988243497386694,-1.4304885918980135,-0.37942957528525056,0.14802628244417754,-1.7575473012452654,-0.48520875080157927,0.13134786458560277,-2.0404599837034127,-0.5600496923864392,0.06246062713915447,-0.9690100589724698,-0.23899409128167567,0.02448147692874491,-1.5418940419639542,-0.3737604141110898,0.0011922427982731455,-1.9136744620710506,-0.47221155557749983,-0.004832161241520809,-2.221780770085221,-0.5380688355659954,-0.06233510531120706,-0.8987728718157119,-0.255538297339599,-0.12547140464900494,-1.4025489349675107,-0.37873341191640375,-0.14486264960364145,-1.7224721575304067,-0.44093720208452736,-0.15588448529175364,-1.9967982350462352,-0.4757752490132632,-0.17529101816133244,-0.7503579008393519,-0.28683864028797335,-0.23811222552589822,-1.114922317810063,-0.3867973579140193,-0.2613854207561323,-1.3278339443450526,-0.4138647186029979,-0.284361869511065,-1.5285725820176774,-0.4253246737482727
B,0.0,0.0,0.0,0.24173024753648858,-0.1259150929917778,-0.1564673758815629,0.36735632578662647,-0.37875947874782895,-0.2610317255160901,0.22594410241901172,-0.6054654252720043,-0.3555047302967486,0.11506774559911886,-0.6667415353029663,-0.45478721350397594,0.22081370131714545,-0.9425527791878814,-0.2083996538543169,0.183675358941454,-1.405496446956561,-0.34804172683568035,0.15067814191165987,-1.7105138091824685,-0.4535080922058162,0.127897902356539,-1.975461349288879,-0.528080541953315,0.05416601506640038,-0.9734887800509243,-0.2222287963491445,0.02212151856833617,-1.5259379662939216,-0.35102032854823156,0.0024065176457136813,-1.8785401570223765,-0.45179503339492116,-0.004681353404111738,-2.1690363198945675,-0.521343995686446,-0.08046936820762735,-0.9044397000658615,-0.24834451837845703,-0.1396061668200548,-1.4006229709250566,-0.36761383006355025,-0.1566902300981552,-1.7025989281092693,-0.4368878233352486,-0.16473113322991711,-1.9555383366783283,-0.47806494681397493,-0.1993604579419292,-0.7605821191267791,-0.28794595072487417,-0.2502171347889736,-1.1158516469488917,-0.38102720880769325,-0.2651423109105592,-1.335173022776506,-0.41264659504887535,-0.2800812990913032,-1.5376030291287914,-0.4308521611831218
B,0.0,0.0,0.0,0.3258722618763075,-0.0796578738671649,-0.043894089997097804,0.5516951331855211,-0.3334439663961992,-0.07548689188234721,0.5195255143811277,-0.5691770386449552,-0.10974816100852014,0.29400294265252336,-0.5841811053216885,-0.16903413286927463,0.5288999607229792,-0.9110935033763958,-0.0936188955690909,0.5239303279359773,-1.3954301395429158,-0.15896730292939876,0.5265358622426477,-1.6964540276312574,-0.22998084823745937,0.5220159443412123,-1.9468924408733104,-0.2900776197847922,0.34488231656425106,-0.9284215866187883,-0.13816492037245687,0.3594432787235445,-1.5005162109165815,-0.19945191230944526,0.36801335868351226,-1.8455421718294889,-0.2811503176297914,0.36069599594677815,-2.109048023740132,-0.3519189251903031,0.15872291313249798,-0.8657398725861318,-0.1819235244201685,0.16074977791189363,-1.4001196186331228,-0.2523952425106124,0.1799656983500662,-1.7587895892123309,-0.33020840396453743,0.1846740642063493,-2.023810264688752,-0.3857449133795669,-0.042678425302068626,-0.7743322267636166,-0.22649322326017837,-0.01687396144474136,-1.2275753700861656,-0.29057158741253974,0.006171565594786605,-1.5132436353325636,-0.32348064934043047,0.03284135811783193,-1.749173916897097,-0.35050496220169514
B,0.0,0.0,0.0,0.26988917885094493,-0.09204901507064038,-0.06407706747813754,0.4962013737496415,-0.3373156875211836,-0.09562815855999796,0.5206340332810484,-0.5617817136630124,-0.13290215683851508,0.32783278449258024,-0.6085151968254587,-0.1860201496114435,0.44509829726134226,-0.8948764944911958,-0.0673524333909327,0.47230341967123624,-1.2837620873257305,-0.15129718323346394,0.4921129161651442,-1.5478379492468757,-0.23957661454444387,0.4912526105872481,-1.7704503486991412,-0.3075503372256861,0.31319031369767225,-0.9431749162649428,-0.11105361198345544,0.34266057075433887,-1.4162149247951206,-0.1805083007300159,0.3641663221175146,-1.7203364395372105,-0.26312796356093265,0.3638787668897881,-1.9612241726449784,-0.33000756503385476,0.17218723960556312,-0.8974679844965536,-0.1639757278183901,0.19309758360784887,-1.3533567775177007,-0.23392911861185425,0.20809416459947452,-1.6500367386949901,-0.31137481703423786,0.21323872209617678,-1.8841863712187206,-0.3690304662302485,0.01672059069902591,-0.7900197544729437,-0.22504445507048088,0.04550122499189014,-1.1167289400422145,-0.28913880189428004,0.05916491292367655,-1.338044036822314,-0.3291532541233784,0.06294447992868568,-1.5356926114480962,-0.36271819944249045
B,0.0,0.0,0.0,0.27180979813633416,-0.11190811462138452,-0.061276291888015505,0.4689749286012546,-0.37578394293814144,-0.09532676758119897,0.46714138321633025,-0.6243878118617194,-0.13505516520036262,0.29812395473354797,-0.6682236041709086,-0.18753848635688852,0.4093639658644093,-0.9344161852590883,-0.06196058525762249,0.4251922652470185,-1.3532344899493212,-0.1357324790861421,0.4222313583067353,-1.6030963864590924,-0.21330000776874156,0.4046969679751771,-1.8159608019531437,-0.27537045572852853,0.2794597253305969,-0.9544739715512821,-0.104315385007533,0.29586583650826503,-1.4474959460588623,-0.16429975299664418,0.2987312214414566,-1.741605407218672,-0.24281933603522812,0.28745265085579985,-1.9775665118203472,-0.3122233690956673,0.14688389667336976,-0.8836383930224111,-0.15624947756324495,0.14675534111915703,-1.3544510420819067,-0.2253257100184159,0.14935957751038603,-1.6618711416545096,-0.31004347614516403,0.140033106039877,-1.9002247926662799,-0.37553186393363186,0.0017819763474742757,-0.7586141249969085,-0.21529261885903905,0.020443865874170956,-1.099377002395553,-0.2814739082383341,0.02474708182573261,-1.3274028066597807,-0.3312615428400213,0.018045859752815703,-1.5300701790769038,-0.37497747384108027
B,0.0,0.0,0.0,0.2842749389433044,-0.09158799070611007,-0.08213127161625959,0.5034331648770097,-0.3445119881628983,-0.11529756421512899,0.5052593758915822,-0.6147501758423467,-0.14969164185000836,0.3163110120021213,-0.6657101465900765,-0.19170603278113982,0.4235599338402664,-0.915659729404552,-0.04852909872330955,0.44955774444342167,-1.315370892312205,-0.1132518028307786,0.45470794805643083,-1.5592704734471654,-0.1864263728608081,0.4488938062027343,-1.7663585369496513,-0.24713746045278095,0.27705101487844663,-0.9578567728014792,-0.07584944266873833,0.31468777306409845,-1.4073210963222504,-0.129288053079639,0.3375908195773443,-1.6796303160816728,-0.2056086342884418,0.3433501186447943,-1.89725733500787,-0.2715379301003076,0.13410607051109005,-0.9082256642714782,-0.11528191565050758,0.15909036491743409,-1.340424367488128,-0.1779482897116933,0.17838660211101118,-1.6134894678063567,-0.25578604238650743,0.17794427532520568,-1.821460392632537,-0.31356417227078726,-0.016260393253924418,-0.7981489336705945,-0.16456908060377243,0.018723882821425605,-1.115123928719601,-0.22116644395597818,0.03324324164301169,-1.3244140376247606,-0.26306212086573694,0.03449230402225599,-1.506438992618772,-0.298602845112979
B,0.0,0.0,0.0,0.23965213495233448,-0.1494479215434529,-0.12923857530415678,0.378590884616711,-0.40148007857920165,-0.2021022357787127,0.2603783206083227,-0.6442118101974418,-0.26629235275386526,0.09537670753660257,-0.7124987079478436,-0.3368993204150544,0.27851395492707415,-0.9579384043811955,-0.12639322873262024,0.2678539116100634,-1.3777664022671126,-0.21503076428692286,0.24983684449194743,-1.6282358861974804,-0.2958516395483605,0.23334180393887471,-1.847845948716954,-0.3564769306888392,0.11045861520365875,-0.984938001922302,-0.13302641352977135,0.10780230166906346,-1.4562977368969685,-0.20531211436866992,0.10093809498257544,-1.7403030127992807,-0.2823747599241876,0.09500516443371315,-1.9693501725094504,-0.3437793686025255,-0.03506096908760325,-0.92319209098959,-0.15251649618257807,-0.05103559192770724,-1.3577043171817493,-0.22195596297089346,-0.052731741881707615,-1.6239939138501955,-0.2809435890265475,-0.05592107533173438,-1.8324563520644166,-0.32241710452681094,-0.17816181798506417,-0.7928168928902699,-0.18509645103428,-0.18101670495635241,-1.1314249383744368,-0.23745875757583404,-0.17413133189460125,-1.3304040417396303,-0.25763237659038785,-0.16908077738789304,-1.5034112926737162,-0.27386645392978654
B,0.0,0.0,0.0,0.23394165527648256,-0.16496691579082035,-0.12300592764683013,0.3802338040803243,-0.433692891709975,-0.18571267988283158,0.2549679041067832,-0.6554528102191725,-0.24026483336692697,0.0568761785826822,-0.6428757485847871,-0.2993499625867163,0.24562590457056285,-0.9697925172183735,-0.1065035422225869,0.2277486678343084,-1.376046779983429,-0.18091780904350896,0.21311346080788843,-1.6252842154201765,-0.251473564938348,0.19963722888754967,-1.8375236328916946,-0.30726392833747906,0.08044917657334365,-0.990059209281549,-0.1153719727900368,0.0736493972498989,-1.4484295525269526,-0.17722243821253214,0.07577129628870981,-1.7340833409972416,-0.24933622828493177,0.0727981292941735,-1.956850601963562,-0.30670569200003056,-0.059661742633016296,-0.9207896527271195,-0.13687972713427524,-0.0749706306127344,-1.3495110664157357,-0.1974408686780029,-0.07801138344046521,-1.6178182888735513,-0.26118626318917404,-0.08528308781180213,-1.8240614232898409,-0.30532671455548377,-0.1968917286043154,-0.7810362590945527,-0.1716734213920215,-0.20409902611528208,-1.1060825723754524,-0.2195089714169772,-0.20314637940976493,-1.308442134237435,-0.24606430316627767,-0.20689656574817317,-1.4836082399901203,-0.2671923662220994
B,0.0,0.0,0.0,0.23268314380694202,-0.16041392073479374,-0.12310811804704283,0.3805925433866712,-0.4247196087683849,-0.1859204542087739,0.25862853332612534,-0.6536345112791361,-0.2403062260210545,0.05279862534922666,-0.6650277992295707,-0.2991471711409943,0.25711690777560864,-0.9667269244010197,-0.10313120898214671,0.23790669874284534,-1.3632967867375445,-0.17763695488233144,0.21979746086664817,-1.6095600264430516,-0.2506338994511095,0.2013384509992994,-1.8256220586966039,-0.30875279307156406,0.09342551310203122,-0.989150706720337,-0.11336910027110511,0.09067735387766777,-1.439021646700577,-0.17519174166509704,0.0923408404923901,-1.7187762875622796,-0.24921478324563906,0.0871510037144109,-1.943053865412238,-0.3083742399161997,-0.04817264068272293,-0.9197545983989769,-0.13655985210911156,-0.0635504490599717,-1.3435927920979436,-0.1996955721384014,-0.06749271399475817,-1.613841930674473,-0.26487852763858327,-0.0772429963087492,-1.8288402887108508,-0.3101808777896281,-0.18805332430579697,-0.780831734673763,-0.1728642078372673,-0.1919866207279898,-1.1033721308702438,-0.2226403689862049,-0.1907398681239282,-1.302993111707863,-0.24835402162589562,-0.1950388039057075,-1.4794888259406564,-0.2691451897103802
B,0.0,0.0,0.0,0.23389791952288708,-0.15184848332615195,-0.1235283209510918,0.3804626997317386,-0.4134073937305578,-0.18968174158040776,0.2653541542905429,-0.6588139484601103,-0.24782502292452915,0.0926866056684388,-0.6838632831511293,-0.3097399621680991,0.2588806740902832,-0.9583088516395728,-0.11209028896980852,0.24768884709469402,-1.3676737796703824,-0.1964415030492726,0.235029427945199,-1.6206109619548215,-0.2732219801335069,0.22263509141273072,-1.8373404936640112,-0.331898830874709,0.09378053566772325,-0.987975469272932,-0.12292145152415283,0.09421529591719639,-1.4521164751049636,-0.1943612499702906,0.09748567975841319,-1.739572666263526,-0.26966684026556076,0.09698363202676615,-1.9713379881746491,-0.3270909148028458,-0.04673579841026399,-0.9247036615936589,-0.14660664524936504,-0.061582900718690145,-1.3579354860774957,-0.21767534571562916,-0.06326031310281764,-1.6297658173727745,-0.279885098740327,-0.06907900033430098,-1.8472365282137944,-0.3208259064305697,-0.18664199152801342,-0.7888777336482324,-0.18312603094858207,-0.1912779310521391,-1.122403833561012,-0.23858232241651084,-0.18959972288964164,-1.322308488452885,-0.2632826419774234,-0.19429371002486742,-1.4987900259627303,-0.281027018596313
B,0.0,0.0,0.0,0.2771847197727735,-0.13996836027467238,-0.13204814807554674,0.4532094339316449,-0.39924904415118917,-0.20865012775025718,0.3447957807424225,-0.6140888021018779,-0.2777349657513222,0.16911548763455905,-0.619120873926677,-0.35730423242545306,0.24978271750511574,-0.987666252989335,-0.1511407502949611,0.1868003506921687,-1.429559199543587,-0.255946274664501,0.1465279989708923,-1.6997829788892649,-0.34831258714236407,0.10924970230620847,-1.9370203925777032,-0.41867617940587426,0.06290795599654256,-0.9838332425036463,-0.16767450616327573,0.011764520761720383,-1.483276335613627,-0.25901211101701754,-0.017535810765109412,-1.7934589078962655,-0.3545694157958816,-0.04105816315750328,-2.049306914247266,-0.43096725011083137,-0.08751694619452081,-0.8867939722743261,-0.19558724665233346,-0.14080962230068117,-1.3462558061934162,-0.284365278576948,-0.16777240238421798,-1.6449161426540468,-0.362691750834503,-0.18899992150814252,-1.886381825275138,-0.417852954967723,-0.22123078441258845,-0.7211650904011028,-0.23584691209058986,-0.2614950630446703,-1.0758953379146903,-0.3069054820039039,-0.2759412795090621,-1.29723840746499,-0.3426001845581569,-0.2848511097996568,-1.500841255631775,-0.3712257211581692
B,0.0,0.0,0.0,0.3110779885938233,-0.15246018062483122,-0.1270763665171798,0.5243177581131834,-0.4306130875435061,-0.2117601856691627,0.40476002664132205,-0.5831584613304243,-0.2926742691687812,0.18666958380963186,-0.4667215471198394,-0.3901729015785915,0.3176194793272485,-0.9939944801049051,-0.16895542742522324,0.23431944371333457,-1.4383103244278455,-0.2848372889125764,0.16636326981673685,-1.7259099868046655,-0.38929744794777205,0.10084320526153331,-1.9799278290352604,-0.4722330900714137,0.10881756196240269,-0.9735528651388116,-0.2008819478912174,0.02559253981719415,-1.5132039099480312,-0.30534121743864184,-0.0287797721653876,-1.8616549132329243,-0.42411278996871565,-0.0811309702678318,-2.1490370464336963,-0.5232056315444702,-0.058570793094666035,-0.8551816115217694,-0.2419777901087171,-0.15135667221267102,-1.359077521063775,-0.35023102149627455,-0.19770397610741172,-1.7097595573428113,-0.45982453799908946,-0.24043818067549869,-1.9967765063975143,-0.53956360815294,-0.20886734413201696,-0.6849749638776101,-0.29299601666202263,-0.27576690538839216,-1.0537899001965776,-0.3793028668545363,-0.31339965050865515,-1.2998168807865487,-0.43338649063937323,-0.344251879764974,-1.5270468104674184,-0.48075161562431423
B,0.0,0.0,0.0,0.33931258451068563,-0.14016876537510345,-0.11313122636362227,0.5758905367575472,-0.4131874676614312,-0.18696743041854905,0.4813287796157746,-0.5845146255582752,-0.2567632986260644,0.22844632803674342,-0.4982270883715749,-0.3448989785214749,0.37205552132117814,-1.0004645802158838,-0.16110133892139225,0.27366079055503595,-1.4511553399248973,-0.2678055566259571,0.20330588336848537,-1.741811709904613,-0.36884745007954506,0.1342262914123432,-1.9951530142200864,-0.4497459121115369,0.1472402920755905,-0.9694304497004607,-0.1962776084607139,0.05386116293000608,-1.5210086156515197,-0.2928215355796909,-0.0020361653838427848,-1.8748917352357315,-0.41129889086761656,-0.05589615699165817,-2.1667213626341097,-0.5122587153772782,-0.03032425834081004,-0.843472368851081,-0.23754019542051835,-0.1275759823570406,-1.3533803913787883,-0.33888986651147446,-0.16945721840997635,-1.7116292834029807,-0.45033921226465,-0.20654229750842856,-2.0044209228092824,-0.5328859028636315,-0.18528936933698503,-0.668863064321805,-0.28719860340325754,-0.25920667472185455,-1.047291495047298,-0.3677603612324762,-0.2959709643212115,-1.3027271234397346,-0.42015935757913203,-0.3188677158696666,-1.5379219988146438,-0.4673084624035651
B,0.0,0.0,0.0,0.3706983675240325,-0.1184776205540577,-0.10174232226460805,0.6278643823224513,-0.3716819655703778,-0.16985632651756813,0.5513386358103399,-0.5458989481700189,-0.23375215797968774,0.29862250628978054,-0.48297242075870983,-0.3168809548893825,0.41318295698422774,-1.0038200519871834,-0.1565353790173979,0.3093692375706977,-1.4784634992728602,-0.25999045151957567,0.23240063125305396,-1.7771437698851016,-0.35681404608955175,0.16142806857780204,-2.0286769074758584,-0.43363457784540604,0.17234798585513386,-0.9659315771174471,-0.19306050890609316,0.06295663973866601,-1.525889933490539,-0.29127937929091474,-0.0041484410913884395,-1.884435543336573,-0.40384557023788886,-0.062209019646669576,-2.1622137938663974,-0.49841772011173213,-0.018342204829666187,-0.8339905905913375,-0.2342544669004192,-0.12728095678255744,-1.3629237293707686,-0.3398697913489191,-0.1738929675390235,-1.718449441832749,-0.44588687200868177,-0.2091335365642563,-1.9923656125512355,-0.5214654708316303,-0.18190803470786926,-0.6553477911815287,-0.28195982791590596,-0.25749987118804835,-1.0477356990508595,-0.36880169407918323,-0.2999377678209212,-1.3089949579214266,-0.41903341517732884,-0.32497539247862417,-1.5360110985534,-0.4611717663584042
B,0.0,0.0,0.0,0.3248478260268544,-0.12418866486136369,-0.12249120627101225,0.558102756045784,-0.37273397929097846,-0.20594718995459588,0.47132395882800765,-0.5663146159819845,-0.28600749188969915,0.22469934438844177,-0.5571487335427565,-0.3892734624984107,0.3719144670210479,-0.9820721729937358,-0.19908627507382967,0.3141108885585715,-1.4580150989232112,-0.32915223597939786,0.2665655013553812,-1.756272252170722,-0.4446303171704286,0.21763163788414547,-2.0151590358188085,-0.5320478849109316,0.16657194121457186,-0.9568985522527463,-0.2379053364189365,0.10895941218787501,-1.511829703963209,-0.3567809491292935,0.0634916365706263,-1.8711483796573791,-0.4791050960061621,0.020287674299778468,-2.1594758609478335,-0.5790735502916285,-0.012011722993027918,-0.8357469814936072,-0.2837345700165123,-0.06833349468050355,-1.3459926703271887,-0.3978672937357673,-0.0972558992888932,-1.7096532302071528,-0.502561312951586,-0.12074446808855975,-2.000333007675643,-0.5799987418835408,-0.1766153549430898,-0.663896789334012,-0.33834715344238625,-0.2369887116069175,-1.0671517324413573,-0.42951618402875585,-0.27651849318213595,-1.3365794033621434,-0.47663548608537576,-0.30883671986644945,-1.574894183795878,-0.5181362814176512
B,0.0,0.0,0.0,0.28273301618861335,-0.10098923159362651,-0.05096551563660374,0.47204445199273354,-0.3668066085497343,-0.049712043036061276,0.4761984609661952,-0.6303622821350664,-0.05087434459578911,0.334408265953418,-0.7499212974776748,-0.05634659172038553,0.3978931631910007,-0.9013740516151927,0.026597541846248924,0.44996253647555373,-1.2753077133645725,-0.009628237536175687,0.46687916804591845,-1.5043740230945961,-0.06450184648968084,0.4734787936733955,-1.7033539720506123,-0.10836623440659848,0.25530521123424277,-0.966812200538981,0.009665299044093897,0.3158986013397398,-1.3800470724229634,-0.009563430638172585,0.3486981792104621,-1.6351512525458953,-0.06254204640728978,0.3647435381404432,-1.8376752534712473,-0.10858961379344703,0.11115817245843837,-0.9521953119573282,-0.01868767490063851,0.1580946368188329,-1.3366175714044168,-0.04964080661567873,0.193082402363928,-1.5757843093395563,-0.10354499192819988,0.20827046407837593,-1.7557329547472378,-0.1423205110818877,-0.04521116094993095,-0.8722285925213565,-0.05434795091397394,0.0015622705696780553,-1.1575735246502241,-0.07972906420215664,0.03726575979572613,-1.331449972002597,-0.09589316772752982,0.0644907557001213,-1.4730488111981905,-0.10959024180851938
B,0.0,0.0,0.0,0.2708274975658254,-0.10790813955200537,-0.07719421304298715,0.48517554440583655,-0.34095287654069767,-0.09176712176363576,0.5099035234191164,-0.6407529984012337,-0.10351581657100553,0.3777060095347641,-0.8049823526535239,-0.11756710343122577,0.4029238394202955,-0.9035678114878717,0.0020499461143683164,0.4471353563024249,-1.2475443783604718,-0.03719455955903347,0.4643213978548394,-1.4475497633068124,-0.09530682245675622,0.47706478247353745,-1.6198322791024475,-0.14223251010220692,0.2517993163534928,-0.9677618770583428,-0.005835545940749427,0.3106675740409825,-1.3591193025583044,-0.032461120719080964,0.3401378475414063,-1.5800315656438106,-0.08734752974211513,0.35449445566105575,-1.75895529075499,-0.1344318041317959,0.10922275702511945,-0.9522469894840228,-0.027061153882609424,0.14721355568327454,-1.3097681475317042,-0.06322201324976394,0.18134083713504848,-1.5231354198405984,-0.1122097102346738,0.19757143842484,-1.68581451491396,-0.14869128380187663,-0.0451181040928027,-0.8778894260568488,-0.05845344064821083,-0.00638724771524852,-1.1500884813083647,-0.08694602903666003,0.021695953954608868,-1.3047928933052804,-0.1015782711092542,0.04141278165092734,-1.4341703812702498,-0.1145039159844763
B,0.0,0.0,0.0,0.4040593657740577,-0.1318609243644905,-0.11120277375834198,0.7233908207397866,-0.37484055167053876,-0.19752489923242728,0.6582609689671152,-0.5762696684427019,-0.2783583906012203,0.34739018545223666,-0.5551453375061088,-0.3820536035630698,0.547339277705078,-0.9172972106156057,-0.22835511507751016,0.49708906065893427,-1.385308148854197,-0.37387466747854853,0.4427412389556735,-1.7033860506705198,-0.4997143073107806,0.3860876549405325,-1.9927867851173984,-0.5956678764674181,0.27685783803022057,-0.9177638001237827,-0.28470922834285795,0.23901339987117315,-1.5275187390084688,-0.4129241640209187,0.20695367518281604,-1.9329499299242558,-0.5535959727366054,0.17811902843897764,-2.2884923265396715,-0.6741839082943208,0.05134748220569359,-0.8184735961067902,-0.3439407248060612,-0.00031669167175245165,-1.3774510761334,-0.4770490287818968,-0.03188339977672477,-1.7732966036713558,-0.6093763260391938,-0.05251855905276041,-2.1228089699089265,-0.7097117533729602,-0.14876022665223707,-0.6627143643703701,-0.4091331513439018,-0.18992034213453815,-1.0593893121621836,-0.5168386729685345,-0.21774799817450566,-1.3287879999073182,-0.582145932729691,-0.23220886123590656,-1.6006138628795294,-0.6424657860453301
B,0.0,0.0,0.0,0.39188861842483197,-0.1350630794224197,-0.08318788561237114,0.6944242607570814,-0.3753614520147861,-0.152596961708049,0.6299586028765602,-0.5833658839264645,-0.2212183137669746,0.31941469408636913,-0.5650919402692024,-0.31328205552835375,0.5059158977919648,-0.94308097808387,-0.19638182617592725,0.47094037832209296,-1.4048953912617637,-0.33174111409467927,0.42879003387215114,-1.7229644771066255,-0.4481894259598189,0.37343769166267626,-2.0083924462543927,-0.5376620518309264,0.25041209183497887,-0.9316789291664949,-0.26318844429420446,0.22122028385609335,-1.5584389676433201,-0.3832812281776276,0.1910852961127622,-1.9744216563663863,-0.5154589408700028,0.1566423687462925,-2.345754333321384,-0.6287067717485662,0.030870464253797327,-0.8188265722927403,-0.33106945992603043,-0.015931381700502917,-1.3971159105130564,-0.4564150059857589,-0.05196704749176742,-1.8077498981985012,-0.5812465508344464,-0.08267328763307215,-2.176659680828275,-0.6755067011160251,-0.17666922272866312,-0.6518966772571358,-0.40238836689445323,-0.22232883768513642,-1.082688230147532,-0.5076778720921984,-0.2506225330701603,-1.36608615051293,-0.5690050368805553,-0.2686527416408253,-1.650362743805656,-0.6244051842418161
B,0.0,0.0,0.0,0.38979267041451127,-0.14346614183066758,-0.08674612989047858,0.693180814910425,-0.3861127072458412,-0.16301483072667572,0.633466136534218,-0.5743019952652283,-0.2402927385681507,0.3314640143406311,-0.5393547436674498,-0.3418337177914556,0.5160389207550882,-0.9319240265567261,-0.20274418010597783,0.4814381747328914,-1.3999688798470056,-0.34421613395150125,0.4383762106412952,-1.719899892227236,-0.4667441652112263,0.38598556819441143,-2.0078957283128065,-0.5605548399623373,0.25592830031649655,-0.9280637412774739,-0.2705520231363409,0.22896862216110603,-1.5544153113546129,-0.3980608273377258,0.1979855748876106,-1.9705182610570324,-0.5345491941073244,0.16474415087935235,-2.341117393816958,-0.650051868325655,0.03272759300014908,-0.8242156069921468,-0.3398743190313551,-0.007193470975310169,-1.4050543331453813,-0.4707599755918852,-0.04263736968887457,-1.810954727436707,-0.5979501436633076,-0.07531351977086605,-2.1768327489190344,-0.6928173015158627,-0.17560154309853718,-0.6659937220787818,-0.41299120988306925,-0.213045733885579,-1.0867643824820226,-0.5185943851204247,-0.23896861428452865,-1.365237840767826,-0.5800216341325067,-0.2582301261967223,-1.6439792807668228,-0.6354480613035626
B,0.0,0.0,0.0,0.3043614907668782,-0.07806430793801925,-0.1258089484113637,0.5373620812770339,-0.3058559945044451,-0.19950308201058561,0.5154295592743761,-0.5498063598174973,-0.2683521560955499,0.3413371407297508,-0.6154849863994538,-0.3572808228780132,0.4830899752629026,-0.8938928841131323,-0.14546730496214544,0.4909450288614407,-1.3532554082593609,-0.2636839673146145,0.49640264938096523,-1.6531299895442233,-0.3729420914343292,0.495180741949513,-1.9235662822063786,-0.4525475604291561,0.2859668426562483,-0.9434811647152244,-0.16752986816929125,0.32673468563905705,-1.4555656329973483,-0.2797237755190612,0.3499565293887629,-1.810731341865191,-0.39268534731478244,0.3645065409178692,-2.1034855386393225,-0.47685556452795647,0.0953585597064792,-0.902434479958371,-0.19903478672224248,0.13967134865529535,-1.3692799012906118,-0.30706007384162776,0.17410431248722694,-1.6998410381781026,-0.3847570701970226,0.20919557619249995,-1.9600794920070923,-0.4325842895718505,-0.09966545275992848,-0.8101481394026794,-0.24095487261555065,-0.05937300010072137,-1.2151740822629125,-0.3188696107811616,-0.029222819979127478,-1.474110631563878,-0.3424372513949247,0.011088323161310889,-1.698196459519986,-0.35955320883075487
B,0.0,0.0,0.0,0.29260399570743095,-0.07928212795736458,-0.05993711485409154,0.5118671004772444,-0.3386868575534091,-0.0809428727085829,0.5080084270378544,-0.5854026916226593,-0.10615166728611503,0.32980164833160064,-0.6517742809968335,-0.1462609797573641,0.437463661538762,-0.9046464712449246,-0.06698134062445732,0.48040759679706435,-1.3557609218958264,-0.14379744599234154,0.4999182860275216,-1.637974467349365,-0.2187058091642307,0.5054637681862496,-1.8829288491470275,-0.2783816346689886,0.2752978754094754,-0.9550704360268978,-0.10977951549547098,0.3276986657999471,-1.4659307381711322,-0.17618688039738342,0.36088801897647177,-1.7892261121958661,-0.2569897118706976,0.3817539843270019,-2.0520131860023025,-0.32307471575624047,0.10669982308102927,-0.911441322099989,-0.16033928536690167,0.14959686253210108,-1.3904846618274476,-0.23607598227206214,0.1801331923810536,-1.7045741389512983,-0.3137738198962657,0.19943452381626828,-1.955525422710624,-0.3671092221197284,-0.07427690074860187,-0.8013128520829099,-0.21657673104336844,-0.03704459521538553,-1.1774112952564368,-0.2874711604926698,-0.005677485171673357,-1.4097662521188776,-0.3259116579158736,0.025219184095800696,-1.6159466551974744,-0.3543533295566783
B,0.0,0.0,0.0,0.2891195434390829,-0.08503491262041847,-0.06393917940743302,0.513874574977044,-0.3450589153068922,-0.09070072851795469,0.5188494707344059,-0.5870149964026266,-0.12106693673476941,0.3392873794020819,-0.6496602785386482,-0.1662625090113783,0.44396685662001883,-0.8961715104769415,-0.07853539397065584,0.49159213368744703,-1.34988578159919,-0.16031057334510945,0.5137516150195491,-1.634228387013749,-0.23791376317161317,0.5194944256065936,-1.8830900691613792,-0.29951568370918047,0.2817214959894116,-0.9515400587224834,-0.12330659083723379,0.33996344253694816,-1.4731853304072726,-0.19342231862200132,0.3741224812714002,-1.789375604643515,-0.27626944951807764,0.3953018356977766,-2.0470952562731446,-0.343377814170486,0.11512539786348311,-0.913855907915551,-0.17561293572272121,0.15818469252056727,-1.3975894792173813,-0.25394842618403063,0.18862967331409816,-1.71361805980973,-0.33155368483998127,0.20845295878006848,-1.9676890328415886,-0.3850687352061604,-0.06429211370204717,-0.8117774800592237,-0.23391884267802793,-0.036939718816207494,-1.1956031830362908,-0.3047986725806178,-0.013143414286713125,-1.4313154285455194,-0.3412591378486119,0.011123023610919736,-1.6413546054382888,-0.36878117674909966
B,0.0,0.0,0.0,0.26355762005961564,-0.10578022243637239,-0.04506943358677146,0.4634164318814808,-0.37875680666579276,-0.0748662476592284,0.530412818365434,-0.6064121175828219,-0.11148418522845432,0.4577727638837635,-0.6754682349918023,-0.1643945924409669,0.41172035232086757,-0.9258001474314449,-0.08855617543684433,0.44124351312244253,-1.3907274083060353,-0.17404037613461595,0.4520480434873099,-1.69618819746229,-0.25160537260854365,0.4515445361618274,-1.9501988712636205,-0.31200054998590016,0.25982622727017707,-0.9555765531195474,-0.1391538096880966,0.2894077212375092,-1.5093716288751635,-0.21554652882792166,0.30267505154492863,-1.8464739060809163,-0.29302902553884996,0.31219476103935295,-2.1061358794369878,-0.3558221126942941,0.0943323167267747,-0.8956502340444041,-0.19353729380918838,0.11303445598278704,-1.4077945522589692,-0.27623286764954785,0.11862847500032613,-1.7507892686776083,-0.3466249461329359,0.11940715697389907,-2.019492268692711,-0.3965509869187669,-0.08737084549722382,-0.7765588217774867,-0.2510607689098923,-0.0635659577422029,-1.1574679029621018,-0.3310748811551568,-0.05818386794040701,-1.4108913854678258,-0.37054044760527965,-0.053804713853925566,-1.631512593785008,-0.39846865684839006
B,0.0,0.0,0.0,0.2690220080538351,-0.10443322261308138,-0.10173316934638571,0.5237110629546591,-0.33141010478462885,-0.15806750190587293,0.619937232968083,-0.5573281503223032,-0.21423126270465503,0.5704215193205633,-0.677977538690242,-0.28695384288110026,0.4964559166046512,-0.8542358301395944,-0.0930695898625365,0.5307836344566931,-1.2570632299190483,-0.2122940349375078,0.5372245653934791,-1.5541878067613928,-0.3269081520681527,0.5263516494871764,-1.8144723216761507,-0.409122857899505,0.34841366063943413,-0.9290894654053827,-0.12409950182240606,0.40790654451009845,-1.3594235711950071,-0.23305102912400436,0.43069355638641404,-1.6829130315338838,-0.34800775341279666,0.4287599760949452,-1.9532835369015797,-0.43481711698245573,0.18369533173127486,-0.9185940283832992,-0.16737838054482504,0.24754474196633872,-1.3376156625988818,-0.2753653015396301,0.27592581991683857,-1.6290498985949962,-0.35350538208863075,0.2931143980410875,-1.8566989385138495,-0.4048653012573343,-0.007980816178280977,-0.8567635075523858,-0.22007698136831869,0.047342700971710415,-1.2031337454480746,-0.31049132868632584,0.07579556681931987,-1.4282730433122492,-0.34540236385895934,0.10462865296598949,-1.6171004894846575,-0.3693215568323114
B,0.0,0.0,0.0,0.2636124055254107,-0.14464114169454856,-0.03075139651641914,0.4554687791615217,-0.4145117476165709,-0.05423580698688827,0.5005628126382756,-0.6417081304909577,-0.08897688680600208,0.4059510918109384,-0.7307134937246309,-0.14025305364233417,0.42327663051751646,-0.9386322204646811,-0.05171863787456819,0.44894698332793614,-1.3711308053484677,-0.12910735991561945,0.46418051120531495,-1.6410828430467608,-0.20396236526839315,0.4690709081870375,-1.8744458479521862,-0.26245328601641954,0.3041957403452166,-0.9463134044511944,-0.10934300211634768,0.3313026774929004,-1.4689454805911366,-0.17740150892154938,0.3474333365724814,-1.786819298262219,-0.2502370947356091,0.35165164074962796,-2.035256767066348,-0.3113766638842464,0.16551112151769132,-0.8747803816416604,-0.17365620851378027,0.17928587209226887,-1.3755053238238897,-0.2479420010009542,0.19290440836857095,-1.706884640448752,-0.31673069523160796,0.20110725657613573,-1.9591624421842835,-0.36699540902818706,0.0002937761430255013,-0.7588721356477136,-0.24199402717513013,0.03565628058566879,-1.1440640397552924,-0.31900063837788656,0.05362066582549274,-1.4072074137930948,-0.3626164433242624,0.06698545101529264,-1.6334897400907842,-0.3956544289232749
B,0.0,0.0,0.0,0.26202221876391485,-0.10815332740677208,-0.043421119692894077,0.472370822191167,-0.3746523534579141,-0.06276565850808498,0.5282971080644212,-0.6148575356148214,-0.0905129817654336,0.3943507007034126,-0.7072214641435437,-0.13381372780717335,0.4295277996478507,-0.9355742880541114,-0.04337371936626961,0.4570056422761831,-1.3615047315133388,-0.10802102370509632,0.47446468383288537,-1.6147247933844286,-0.17768777725568707,0.4816938457452048,-1.8330283185052842,-0.23663600040006452,0.3082014339381954,-0.9464567329563817,-0.09608084491704054,0.3367651671483733,-1.4604693971437634,-0.15470520162492787,0.35839612472054877,-1.7586199859290763,-0.2305018569077489,0.3680877840725849,-1.9974623925875805,-0.2966619742423769,0.17333854867155962,-0.8750614890176002,-0.1572609104001907,0.19976641070722462,-1.3607041449364228,-0.23036738774372725,0.2286145029226168,-1.6832181150159191,-0.311137007380162,0.2470361555528617,-1.9376583433374797,-0.371902271681499,0.016385650743817086,-0.7533673466005967,-0.22347748072916954,0.054509602436551424,-1.125340196320555,-0.30146950995266253,0.0770839704062377,-1.375018485168089,-0.3517384905989915,0.09357288384620813,-1.5969734032794651,-0.3925722504523672
B,0.0,0.0,0.0,0.27398686493739527,-0.07473818572007689,-0.06902398123665546,0.515177941060637,-0.3146991972474847,-0.08098216024949073,0.6018773627299758,-0.5672839893372781,-0.09178083320952547,0.45356044436278853,-0.7122963223413623,-0.11072799008113339,0.4293518813602098,-0.8936504480306582,-0.04482083807110356,0.4978215778791757,-1.2896403768777567,-0.10572408713574556,0.5363020605066994,-1.538013229773987,-0.1715624342352502,0.5571299167205628,-1.7490120732815757,-0.22465391802182474,0.2820138607914299,-0.9568427597006934,-0.07014353519657308,0.3647684463987246,-1.409756595784451,-0.12186312207348682,0.41934165958899994,-1.6812052604466718,-0.1861440845662184,0.45156823306575256,-1.899561349937736,-0.23864006442171942,0.1274593510623695,-0.9358956352843397,-0.10594580774138805,0.1966600421400959,-1.3602156191548316,-0.1662462257639027,0.2497157857305972,-1.6205575913996355,-0.22909489963410085,0.28275998639080485,-1.8299592412531203,-0.27407670723756894,-0.042256418978507335,-0.8563284012632866,-0.14972336252418803,0.01695630185832452,-1.1723301395196324,-0.2085067877654354,0.06246309723369999,-1.3661962371294625,-0.24165451102144367,0.10083834071879877,-1.5393781598354657,-0.26685502605354816
B,0.0,0.0,0.0,0.27519780275152184,-0.06928017403608111,-0.0702006459890112,0.5171294030698094,-0.31619955815570594,-0.08144075235004251,0.5976992441417712,-0.5743033773823782,-0.09140963814448677,0.4380385108112021,-0.7014378019371028,-0.10921546745406094,0.4282703046109217,-0.8952701515395841,-0.04188703125980124,0.49616426809124947,-1.2886138531955544,-0.0978666336613811,0.5347829605206098,-1.531381649059889,-0.16131699028390661,0.5567156422934376,-1.7404598831215243,-0.21422345351918373,0.28020571058705823,-0.9576289994134284,-0.06656920637079677,0.35983165060493616,-1.4105993759001347,-0.11384632216132588,0.41383734728327204,-1.6776687039129679,-0.17648177069273066,0.4470674941552328,-1.8962294667393975,-0.22914420905080715,0.12594517798369573,-0.934658420576778,-0.10180027443378706,0.18956328729755345,-1.3574372955054568,-0.15834871620206364,0.2418274165162356,-1.6133699829924655,-0.22090498923641605,0.2748427393231201,-1.820172272636316,-0.2666244680954915,-0.04144729313633961,-0.8536851764692651,-0.1454567463119482,0.015315899328138507,-1.1700417859418673,-0.20033885516092606,0.06248965409613887,-1.3641609868818292,-0.23330717996294123,0.10409617865307946,-1.5393473287469208,-0.25990895210801246
B,0.0,0.0,0.0,0.23126094786504306,-0.05751415854244537,-0.10627331261501119,0.3968057642937215,-0.34121925960445654,-0.15576737393532142,0.265141071160484,-0.6313033247965707,-0.19889086332153197,0.08099565723489328,-0.7750360852993513,-0.24629302991807928,0.42728702582862527,-0.8812037651896029,-0.09123106776628064,0.5086046748397742,-1.2776289937477494,-0.17181741522290228,0.5557813487245095,-1.5477458986249588,-0.23919157603925242,0.583165419971209,-1.7746965698643138,-0.2900455983166993,0.2680714022129528,-0.9562740397039811,-0.11695163232640315,0.37527787931409096,-1.4191910624010933,-0.18820945528201077,0.44264058198549794,-1.7148057414137259,-0.2610009240832399,0.4891757787869281,-1.9456973878962438,-0.3109177282902244,0.10355217927344905,-0.9259394961344047,-0.15715223174060125,0.1892539114767366,-1.376662635659492,-0.25105039798844586,0.23505480231747022,-1.659937877252618,-0.32558321389158157,0.27067150594748784,-1.896814345582544,-0.36545097881228766,-0.08074026592612,-0.8225986659251036,-0.20594129264865857,0.005849472510266356,-1.1540963161625475,-0.2953308467052699,0.059624829406066386,-1.3615945484418686,-0.3365769458975626,0.09728896031062395,-1.5550198512952353,-0.3580271079526076
B,0.0,0.0,0.0,0.23267579439131325,-0.08445938669671102,-0.09574431513381201,0.39782411004647894,-0.36529442680673135,-0.14208820405587763,0.2639012727310856,-0.6323568435845576,-0.1838420191167884,0.07249934210156803,-0.7483411635225459,-0.23135554860217583,0.4146482160133753,-0.8932880496424825,-0.08963731559061977,0.4991093735847256,-1.2776727706920168,-0.1647298877760896,0.54933722224146,-1.541089664937389,-0.22981134591671,0.5791666315593436,-1.760911344400045,-0.2806104344602151,0.2586036127039007,-0.9585484103935378,-0.11962071906033987,0.36275282325254826,-1.4155914980872488,-0.1848879751545219,0.42980823108172556,-1.7039709954230604,-0.25510534605996055,0.473312688539178,-1.928804427202387,-0.3066389048601135,0.09687476743348292,-0.9235349426565801,-0.16267822989476713,0.19229400872906274,-1.3638797450265168,-0.24949291306564086,0.24353010486168003,-1.6517811062097185,-0.32532765327845625,0.27684667624739867,-1.8962122763597382,-0.3697951123647577,-0.07992612470757808,-0.8135814248464451,-0.213298161264608,0.009878868447176767,-1.1304268465716145,-0.29649628677134665,0.05710256109394396,-1.33447021008561,-0.33674503547632006,0.08233526683874187,-1.532498797887238,-0.3602313046518446
B,0.0,0.0,0.0,0.22653292919319049,-0.09312649590617968,-0.09187084687649448,0.39636712041972916,-0.37958642997258824,-0.13366092156358342,0.2649009332846449,-0.6337274888278916,-0.17209747710103002,0.05063540975675087,-0.7074691115082076,-0.21747695783616508,0.4076801681257094,-0.8941467962588161,-0.08082891091628372,0.4889530122443112,-1.2726925140413108,-0.15048408130454927,0.5392587916437381,-1.5282973478904465,-0.21295191892653467,0.5703172296920515,-1.7433494113196335,-0.2630318817979875,0.25432637941017583,-0.9607305841002927,-0.11097223756607692,0.35980165901234473,-1.3946425335819748,-0.1713613212255931,0.4314941168164699,-1.677516085928837,-0.24035939189989405,0.47785943212136966,-1.900509478320518,-0.2920684597231602,0.09606262554916238,-0.9301037885110363,-0.15378047067434172,0.18504197346420026,-1.3573742268109263,-0.22991166678016572,0.2387610400371297,-1.6335789846720845,-0.30396134198468033,0.27530655374589935,-1.8632294174216837,-0.34955365179455167,-0.07671824829640032,-0.8256772001784067,-0.20502290176942198,0.007586388621981738,-1.1398972953991662,-0.2758830043128553,0.056595524713174285,-1.341964908469841,-0.3135748028704085,0.08721871684719708,-1.53123673780245,-0.3381882467419923
B,0.0,0.0,0.0,0.25754095052867904,-0.11521121440644326,-0.0665681221622513,0.4607988607463746,-0.3692358804161869,-0.09302455970978941,0.5297785232139178,-0.5852087433882056,-0.12154900479244457,0.5071250601101907,-0.675945372088893,-0.15764124125531684,0.4123631737289167,-0.8935803146068666,-0.059357270988942896,0.4859304057276922,-1.322130320929315,-0.13717050699011984,0.5156849909107013,-1.5896700200283025,-0.2083513855034899,0.53610742845253,-1.8270485038392912,-0.26283608232564365,0.2645400833734487,-0.9601921992518383,-0.08971892099600291,0.34821840247490965,-1.4520372729369448,-0.1569140261692508,0.38894801999345896,-1.7504603383304864,-0.22449416723944376,0.42353095068024377,-1.9920803536107716,-0.27688423693822284,0.10842216346277218,-0.9407118131823045,-0.12993636989661597,0.17669758717006423,-1.398546440418062,-0.20430248808055868,0.21441869918157558,-1.6845680394814884,-0.26003827790846545,0.24736422941731354,-1.9204744462406527,-0.29609686809633545,-0.062354077356811165,-0.8522192130074993,-0.17683871334572387,0.007025138772737251,-1.2039869823722962,-0.24240278686661085,0.03765897199655483,-1.406990582920241,-0.26806973110134935,0.0679491112301751,-1.5900938989630664,-0.28469353404916603
B,0.0,0.0,0.0,0.2529715390780662,-0.08991310901485582,-0.07581445767975226,0.4652076956775385,-0.3401875186670059,-0.10305518188696897,0.49844146751314916,-0.6009828566031363,-0.13116425248551117,0.4157042488139448,-0.6878057503985611,-0.1648004085065263,0.4177504056964595,-0.894028762502043,-0.04505804235191498,0.4893590876933869,-1.2939866846791108,-0.115098663328942,0.5181492069839249,-1.5428162476427885,-0.18527343541870386,0.5394733771985432,-1.7661917075035676,-0.2415543248027037,0.26875825095019756,-0.9605028597309347,-0.07213361903361656,0.3498129926620241,-1.4166541344859767,-0.1306413722056672,0.39029304172488893,-1.6958338187991586,-0.1971854201515764,0.42527789012556994,-1.9286326137008372,-0.25124080220629647,0.116933767734391,-0.9355738923530525,-0.11127482201165952,0.18105879753857473,-1.3711240160156826,-0.180572960012977,0.21900883289611817,-1.637645376021816,-0.23786367177840093,0.25322495749317736,-1.858961316551324,-0.27661245389369904,-0.05048762951452161,-0.8444083729340454,-0.15910707975262908,0.01385702958275846,-1.1821777139318193,-0.2207806959879667,0.04554752369813298,-1.3743038532640346,-0.24736733045633166,0.07733742762336471,-1.54741241934819,-0.2666211722250796
B,0.0,0.0,0.0,0.25647945820931695,-0.08276196844388023,-0.0724141289838059,0.466040187867493,-0.3307651826695207,-0.09441172008173947,0.4783218594482292,-0.5959518433250992,-0.11714429416014205,0.3846698702857281,-0.7118372399998613,-0.1458288157490717,0.4160071969370176,-0.8912882885629622,-0.03919835691557199,0.4858690963172235,-1.2955705170183405,-0.10787877464181754,0.5175290465447195,-1.5489582015842207,-0.17763340360687607,0.5353935681892044,-1.7743714378462931,-0.23142230202347286,0.26365097072266547,-0.9624436750455471,-0.06473282012872142,0.34851738889726885,-1.4150198225276402,-0.11852163303681669,0.3944422093810796,-1.697809776355583,-0.18486138379691092,0.4258927492883716,-1.9301946917629695,-0.23812569824529142,0.11098169788427621,-0.9436005086012522,-0.10199062716198144,0.1787775836051888,-1.3701075082102387,-0.16427583199442203,0.22103079729680677,-1.6419363837548036,-0.22213195297402166,0.252064055716718,-1.8654212322907673,-0.2615742029411698,-0.05953016366795985,-0.8579861475639193,-0.14765769295654557,0.0037288119797046194,-1.185205891235229,-0.20302426598029802,0.0400423913850133,-1.3790145867787855,-0.22789670099761258,0.07377369955314719,-1.5536255121222753,-0.24571276069886516
B,0.0,0.0,0.0,0.2510352950701437,-0.08693287094439053,-0.07339350076643239,0.45689556770163514,-0.33817526489615446,-0.09784173355329119,0.47003935296460886,-0.594327504539968,-0.12255453028700891,0.37227274363573404,-0.6957608576369962,-0.15292097601801394,0.4117199518564452,-0.8941492094641963,-0.04581433852523119,0.4832880016400116,-1.2921016210142944,-0.11296881062344656,0.5124437602792365,-1.5381687470069794,-0.18135507813170784,0.5274076081653725,-1.7586517435378528,-0.23466718771711273,0.25981457524911633,-0.962971567198317,-0.07198713257060817,0.346317141681389,-1.4071252554076543,-0.1264994757558407,0.3878767924035709,-1.6850972229835104,-0.1929238988646362,0.4155507301460621,-1.9147308874135276,-0.24615672509800046,0.10664244522875015,-0.9426908815077047,-0.10936872972186451,0.1759341027617449,-1.3631183961244362,-0.1710927372601997,0.21707862322469884,-1.632083384955609,-0.22918012700870952,0.24656745247623882,-1.8511907803599776,-0.2689863249915742,-0.06304537554592177,-0.8548633230493481,-0.1552207760371846,0.0006624536268607663,-1.1799251511883087,-0.209128008800524,0.03763854748030704,-1.3745784327231694,-0.23351095627170218,0.07088185989520189,-1.5459365233564424,-0.251387730885432
B,0.0,0.0,0.0,0.24295917345979415,-0.08156319292755682,-0.0797623977498052,0.44523224932057887,-0.3385961705153035,-0.10784736152159431,0.4649823524900805,-0.5944763403783391,-0.1353121955278231,0.382182363996922,-0.6955750198301981,-0.16727297966042523,0.409609979025944,-0.8933751676123662,-0.049926010378206286,0.48442515395545066,-1.2917456976565944,-0.11990022421565079,0.5108328922688461,-1.5413826292353587,-0.1908232022212063,0.5266837426830934,-1.7661226657014788,-0.2471862485070556,0.257117391762855,-0.9635487566467268,-0.07392185345088,0.34384315099961,-1.4143511477886428,-0.13217586785517613,0.38381479771656657,-1.6938892855276324,-0.20056886137087954,0.4125066642348113,-1.9230447802198205,-0.2559434730896591,0.10429477918183004,-0.943018291325113,-0.11012613923201116,0.1741142550149536,-1.370537973969511,-0.17899381326572247,0.21396060210532267,-1.6386521452773561,-0.23910388967438972,0.24253352137682388,-1.8571016203610382,-0.2801302232958495,-0.061778514052998154,-0.8538521097592932,-0.1551113804241396,0.006301518171833453,-1.1765866009712194,-0.2169131723254252,0.0381829188730964,-1.366725522860984,-0.2447607265589,0.06471587154623583,-1.534536639634077,-0.2650215141710959
B,0.0,0.0,0.0,0.22441315667118794,-0.0888691207427332,-0.11317924312248641,0.3941243418179539,-0.3575615784974303,-0.16579217825531575,0.2506599228306341,-0.6208720021901531,-0.21125888898421435,0.051891368132356314,-0.7198164358071127,-0.2597197610434863,0.40237333904129957,-0.8913037958444807,-0.08854358898905497,0.4662009289364749,-1.2777650229144921,-0.16407006339630645,0.5031731967263906,-1.5410009912491438,-0.23324952084091966,0.524268507221045,-1.757167612388059,-0.28732104032524614,0.2433119045400513,-0.9640922867463236,-0.10642076745324448,0.3267982138446819,-1.4007477402978055,-0.17179222633933183,0.38651037451634856,-1.6901546806193886,-0.24545758671706797,0.42532744223397484,-1.918300927021623,-0.3002710685283461,0.08677473989025813,-0.9345780791567155,-0.13926390476538927,0.1571291365715351,-1.3462211102778903,-0.21911524648139694,0.20347250083851348,-1.6067492184321068,-0.2915822923541653,0.23147393448234374,-1.82737512816864,-0.3363892158910137,-0.08010148407908707,-0.828590099566112,-0.1828269401217451,-0.0028087463268701494,-1.1204682322246087,-0.25784706195028034,0.0405699645119403,-1.3108033356193074,-0.29572000636002016,0.06560285784696089,-1.4926473323142406,-0.31960827812738274
B,0.0,0.0,0.0,0.22463588696234224,-0.07299124398756468,-0.11527229522272338,0.3902258846516165,-0.34136889506408097,-0.1673997337445701,0.2579255197309953,-0.5947544974753252,-0.21210979695662452,0.08241387653188804,-0.6871340903759898,-0.2586202011701636,0.4223655199616196,-0.8774285230164588,-0.08473762157967106,0.4951071027542867,-1.2758316516668882,-0.16306411380929456,0.5309186318563844,-1.5441419366561127,-0.23244916141108835,0.5490805997157949,-1.7646595189893788,-0.28494506900258226,0.26748045325908787,-0.9583359895163154,-0.10023142382555256,0.3557032403088713,-1.4061616911446333,-0.168543973701337,0.41221596136380995,-1.7000946939573616,-0.24148388641011717,0.4458943194419405,-1.933717986104792,-0.2927627398799548,0.11302336454681786,-0.9367917489960016,-0.13123590299174048,0.18190244818754644,-1.358488072635108,-0.21103085657495718,0.2230787755509645,-1.6200592735008725,-0.27891021245109643,0.2463309497200835,-1.8422996418486461,-0.31880198699515844,-0.054160610247273304,-0.837208847136747,-0.1733085551540673,0.014473984004471856,-1.134532698083433,-0.24560219103919312,0.05328038656207587,-1.318818464728007,-0.27731683209311575,0.07552343972936827,-1.4949841424596397,-0.29506061303072584
B,0.0,0.0,0.0,0.22468007707950896,-0.1153124925910895,-0.10312868054657973,0.38691313112310055,-0.38968344757176315,-0.15692285802817074,0.21726859754914457,-0.6407584526547201,-0.20534222696117174,-0.00794408845691823,-0.7036448540715083,-0.2595078440069011,0.39256679188497695,-0.8967497337813592,-0.09685559045756253,0.4545111200047888,-1.292399325786825,-0.173577875803143,0.4927802095054851,-1.5609149838768859,-0.24081505418781654,0.5139603754572061,-1.7824990480878509,-0.29306312211480684,0.23278790767816696,-0.9647824787624205,-0.12249309658858734,0.3131102090012737,-1.4130161916416988,-0.18987393635434258,0.3700670953849083,-1.709684422077979,-0.26191273857865843,0.4055325531250141,-1.9433970040878614,-0.3145127321927089,0.07553605965137349,-0.9294536835715058,-0.16085738982588907,0.141579784576196,-1.3571451053457662,-0.23852630534029992,0.1813399523178111,-1.635947956154291,-0.30915670711350757,0.20291946594837437,-1.8702095431081158,-0.3522825498819939,-0.09198802408865964,-0.8165624815695622,-0.20887421690910704,-0.019024612942271996,-1.12459402418472,-0.277792979122376,0.02076969863342626,-1.3263497217499383,-0.30993817793164835,0.0405449962548062,-1.5199648838945798,-0.3300068596088539
B,0.0,0.0,0.0,0.2514179330935428,-0.08848084511206732,-0.09052318503575825,0.43987993303286665,-0.3508374227080467,-0.13083189122118163,0.36327649766523756,-0.6018836995307024,-0.16963961713225623,0.18340287576819522,-0.6517276220940598,-0.21553658624534816,0.4131945424424512,-0.9049289304269775,-0.06203107637011173,0.45579809218414663,-1.3095213330060083,-0.13135514527493233,0.4807455738050261,-1.5710142256753141,-0.19831425501577893,0.49645904764189674,-1.793991090781612,-0.2521059475931559,0.2561394571460967,-0.9625293812048434,-0.0890492493529516,0.32781724929763223,-1.433244111651872,-0.15120775900727865,0.36963080082584143,-1.7163590899340424,-0.22229570905278012,0.39804547747254754,-1.9415712057738244,-0.2758271464303889,0.10038860925313177,-0.924742817262337,-0.12844865736038658,0.16080278630305572,-1.3715413316725737,-0.20311105535896185,0.1901822275817002,-1.6604970707265154,-0.2716096708520848,0.2059741786391167,-1.8975390396376854,-0.31375113260898446,-0.06706405451454829,-0.8184400653747153,-0.17675280198354945,-0.01081957861954399,-1.1504972185351028,-0.23924010375542157,0.019455164934340307,-1.3596646187292059,-0.2693973274537881,0.04033589775844133,-1.5576390420302022,-0.2900640552491641
B,0.0,0.0,0.0,0.25632987929278533,-0.13520911359919963,-0.08807875108638304,0.4368670738193282,-0.40433298002192847,-0.1292320245219062,0.3456810144310695,-0.6456914055115299,-0.1682588397646911,0.1407136738801844,-0.687855441494827,-0.21630599193737945,0.39403775509460315,-0.9200932553388196,-0.07291666483951051,0.43266120868036706,-1.3187506800777509,-0.14242833221107012,0.45015590110792836,-1.5709382224443007,-0.20831584252798724,0.45570669463001395,-1.783568382757336,-0.25954095636021846,0.23736766390436462,-0.9662992154278363,-0.09961133668480018,0.2964613099253719,-1.426375121317024,-0.15771704463379296,0.3334820678113596,-1.7103073928792385,-0.22515606688310966,0.35352655748065853,-1.9333912799480055,-0.2771032139103443,0.0798588303309947,-0.9218617617984995,-0.13807218779163757,0.13019586649248607,-1.3639948357742355,-0.20546283086357078,0.1568344571613578,-1.6553891864451444,-0.2753029008505137,0.1703560229256095,-1.891165118046979,-0.32011053911206494,-0.0894554998810631,-0.8132178945904694,-0.18529893365062003,-0.039005685206813044,-1.1438657967322914,-0.24300335151474597,-0.008975792816866805,-1.3577572576541073,-0.2740783998619477,0.009873049145766383,-1.5561257379011886,-0.2962053613419129
B,0.0,0.0,0.0,0.2507272887107906,-0.10478223318844335,-0.05887744006078421,0.4350477351354791,-0.38649513348271086,-0.07366952003734183,0.42000945081550306,-0.6429663491952197,-0.09247998018222796,0.23707496334049363,-0.6997860787972713,-0.1198929754299912,0.3662357115150871,-0.9315616695803983,-0.012433138381641222,0.37881960490937217,-1.3329025027279242,-0.06161300854479927,0.38323921005979317,-1.5786521161593714,-0.12531308872422545,0.3782029003012042,-1.7874311474138458,-0.17865977843282424,0.22948734478297977,-0.9724052134128055,-0.04199594637645365,0.23666060189967966,-1.4342521584009291,-0.08242805580041669,0.2519229983757481,-1.7077791682747683,-0.14819833240385522,0.2515480880141421,-1.9227419268283463,-0.20294592117748858,0.09289886751988222,-0.9175873133077297,-0.08259139619628104,0.09802183620298928,-1.3619392476797467,-0.1341614215658463,0.11167603821024642,-1.6517786532604128,-0.203484641094199,0.10659631558331129,-1.8815817734892304,-0.2526092625439605,-0.05181119407047377,-0.7909327512389289,-0.13078266182812207,-0.026213532308885273,-1.131661296596953,-0.18105845409231883,-0.018796103872140535,-1.3510198061600358,-0.2155111107567369,-0.021241612049553195,-1.5460842911032213,-0.24247602765296775
B,0.0,0.0,0.0,0.253853539679804,-0.10265234890945552,-0.07932143765341046,0.4703697835192053,-0.36135555036572714,-0.10321391789694372,0.5195503487099371,-0.6651791452406733,-0.12464230068534787,0.45388395398436104,-0.8964663158745377,-0.1524127483887202,0.4248946339599297,-0.8887982601444273,-0.05322014188693381,0.502714315679929,-1.291317779942214,-0.13172599810834035,0.5425032986391009,-1.542749180923153,-0.20511487237594725,0.565977964225185,-1.7514359689966104,-0.2565308083640292,0.2847360160236549,-0.9557372943714293,-0.07410550132450855,0.3771221494723784,-1.4135852017175514,-0.1356758776671395,0.4344485355114982,-1.6957690222193251,-0.20384146680437568,0.4712789993435248,-1.9200471325501038,-0.25458822957635463,0.1366033520533701,-0.9359339871268967,-0.10745737742328253,0.2081253680952724,-1.3691854395410505,-0.1780110260817603,0.2529241433790757,-1.648722334475501,-0.24064816057416802,0.2805526601721736,-1.8715265258460085,-0.2807184663785488,-0.034882631991924554,-0.8543923426602947,-0.1485086798246322,0.0177308029601522,-1.177935721246177,-0.21510766645782997,0.05639427566130395,-1.3736592016408966,-0.24718068147120928,0.08794200731965574,-1.548282483697618,-0.2659270526796186
B,0.0,0.0,0.0,0.2500007413980406,-0.09697436619023408,-0.07787495342967378,0.46175172280835663,-0.3562852179581442,-0.0986088761691911,0.515076333752342,-0.6457948794927983,-0.11680003332951472,0.43511205909924,-0.8619422741460973,-0.14177058408810986,0.4169859589811918,-0.8916602615242409,-0.05082084441942867,0.4929319943271026,-1.2871511042963266,-0.12549416606597666,0.5306698592574047,-1.5323241959580653,-0.19718596192562057,0.5521374663764904,-1.739811138040409,-0.24832186188187344,0.2770397432243706,-0.9582220901361677,-0.07112950617886209,0.36528755680270025,-1.4155142548235011,-0.1298435357229455,0.4203225117385289,-1.6915770559567895,-0.1969567846962023,0.4562846714267658,-1.9135158745792165,-0.24732349485970107,0.1274701263710513,-0.9364598358917466,-0.10353052616096502,0.19622903168923964,-1.3669469346636174,-0.17318144523031145,0.23892835439403057,-1.6422237493796763,-0.23658580178427063,0.2650862396324293,-1.8650258232377466,-0.2769897886160768,-0.04556244098080019,-0.8528925223201634,-0.14341186201152556,0.008061727873942777,-1.1751375663961299,-0.21018826587143807,0.046244996696215644,-1.3684727548067626,-0.24244949686983425,0.0786963793903205,-1.5432521276457607,-0.2613872889765921
B,0.0,0.0,0.0,0.2522736941055349,-0.10553875530588758,-0.07629279140567856,0.4652316163044317,-0.3582083142325476,-0.10023520967715893,0.514174372268869,-0.6388930938365198,-0.12303981723385744,0.4269481337517855,-0.8578136842698532,-0.15260054064411654,0.41803552742749767,-0.8945062343385982,-0.05313072117966012,0.5005243588164761,-1.2877673756127763,-0.1306466752352803,0.5394738151042169,-1.5301806985022182,-0.20438854548266316,0.5618759758408929,-1.7374557250005624,-0.25769633708782835,0.2784921686694751,-0.9573772301101261,-0.07662213294104692,0.36686885040003997,-1.4078639233511263,-0.1367932206819814,0.41960970963688016,-1.6759028469853903,-0.20366794008298458,0.4544036375636422,-1.8915770624193136,-0.2559323613833225,0.12871306074845348,-0.9301476402571626,-0.11245726222683315,0.1982836079849749,-1.353210268663095,-0.18261101966255802,0.2422680249953477,-1.6174284976290667,-0.24275038925546158,0.2720082662515543,-1.828590704500716,-0.28255179027487626,-0.04364155177580168,-0.8410338605489315,-0.1562070143336123,0.012375274612098426,-1.159840031587515,-0.22463878986203814,0.05440106913817379,-1.3548024037308077,-0.2565219066222478,0.08981033343167769,-1.5299853645316772,-0.27618799591513876
B,0.0,0.0,0.0,-0.24896731098998676,-0.13911264392843056,-0.11974931837167024,-0.43122936482904906,-0.44741838776161474,-0.1953274318579268,-0.46524117226622563,-0.7266972990646363,-0.26454460454238354,-0.34332847563954244,-0.8383324227493691,-0.3313824186056176,-0.23052984955055716,-0.9711888928057092,-0.10934279421724401,-0.23262893617483313,-1.3551024615662144,-0.21100812227906035,-0.23439383135662195,-1.6027561591746589,-0.29808083914885447,-0.226604001526292,-1.8165697945222192,-0.3666342546816763,-0.07669076840634009,-0.9890837913069953,-0.12582440071395196,-0.0853770890795486,-1.4387912291420226,-0.21811960610645437,-0.09070251796033985,-1.737461214603666,-0.298861473162864,-0.09235013301069368,-2.005567105877074,-0.35814017474171,0.06925866195425444,-0.9153585212402491,-0.15921528054587433,0.09229377022908172,-1.3406228250153651,-0.25141698682064795,0.11982063162839933,-1.6173195808032244,-0.3199441661428373,0.1488353186433325,-1.8605417784291374,-0.3660534049045086,0.21170828619199417,-0.7657121099079957,-0.20407286703104147,0.23041218987177123,-1.1005379657921759,-0.2914171263087111,0.24545289229412143,-1.3202617227146234,-0.3377475937325512,0.26851912345172435,-1.5279601860309608,-0.3675565547444176
B,0.0,0.0,0.0,-0.245748205480168,-0.14916953500354269,-0.12288293984100956,-0.42835214744985106,-0.46410908415057733,-0.20248477820673066,-0.46371943361980145,-0.7429502541687971,-0.2766007741036797,-0.3440471839991474,-0.8515361585368048,-0.348690582495702,-0.22852443732752115,-0.9691338464786248,-0.12278377159827678,-0.23075852227528704,-1.3591264839675135,-0.2304803764460171,-0.23548158776888606,-1.6090186883219928,-0.31898236293909626,-0.22924319356719403,-1.826431063082245,-0.3884773796937571,-0.0804113050781425,-0.9870359443911318,-0.13890308310306218,-0.09695313735301153,-1.446062110439074,-0.2401950683202331,-0.1014399072251707,-1.7476645273658677,-0.32086145879212274,-0.09826709284476103,-2.01998061680795,-0.37935409115802027,0.06357434052107348,-0.9130428649213596,-0.17197680710406696,0.08574076776893054,-1.3464522131592231,-0.2719320850723638,0.11869366309523723,-1.6232588683870617,-0.33978154955807993,0.15309963414663913,-1.8692697510881717,-0.38438557463141027,0.2053025563038994,-0.765642225654218,-0.21680737704578376,0.2278227626990367,-1.1035083337469946,-0.31053213733310325,0.24861449983758543,-1.3233890962218138,-0.3589611384673413,0.27835168695983153,-1.5333038773422674,-0.3897731385246989
B,0.0,0.0,0.0,-0.24396272433053912,-0.1465692638547972,-0.11764429177476497,-0.4264982536078203,-0.45268890353029606,-0.19417028238949233,-0.46633024758464087,-0.7257747176239252,-0.2661741257384509,-0.3531239837813636,-0.8349749582619451,-0.33606374577838904,-0.23085751283631686,-0.9699743421162607,-0.10951188867484797,-0.24167319160627837,-1.3503259318939724,-0.21227145324275812,-0.2521758909891925,-1.5948343928452475,-0.2998559193999875,-0.25230074377716627,-1.8087977039604555,-0.36911190683308603,-0.08331974537888165,-0.988330244199741,-0.12751920808285522,-0.10531003114486491,-1.4391450377060329,-0.22294415391427455,-0.11567676715988005,-1.733666832616323,-0.3019359988611656,-0.11892105649805773,-1.9985089730352326,-0.3597868818435216,0.059668333756614136,-0.9138834267806681,-0.1624900644093652,0.08011632037703928,-1.340781472950884,-0.25765245217195737,0.10792384215101224,-1.6139377168223445,-0.3236440947285385,0.13640854435568445,-1.8576769113499805,-0.3675444441071463,0.19876149552610523,-0.7662579045733148,-0.20896556138834227,0.22011000406521888,-1.0998695443844004,-0.2982625398340103,0.2376748893524945,-1.316729609664022,-0.3433767200694534,0.2638327724799364,-1.524334656023354,-0.372181510549176
B,0.0,0.0,0.0,-0.240127868860716,-0.14080539438038103,-0.11649254452514729,-0.4239764728463298,-0.4500805798542965,-0.1887742689746161,-0.467704195427883,-0.7338237519706117,-0.25591458939153744,-0.37449952030659356,-0.890720577050881,-0.3205263473560087,-0.25473596805170823,-0.9627883440394922,-0.10712697488872779,-0.2778883132612627,-1.3469681868750856,-0.204474188997603,-0.29269239178055384,-1.5911114628010836,-0.2868574901470356,-0.2950692305831478,-1.8023162534686281,-0.3514041495882353,-0.10981670538432024,-0.9863432107953315,-0.12274918222330358,-0.13651308870687667,-1.4401949308908994,-0.21257807097446169,-0.1511359004942186,-1.7372575768121565,-0.288714035898911,-0.16059723168524423,-1.991760736888934,-0.3441688766650982,0.035465090746966306,-0.9206235518855475,-0.15508894261732525,0.041828477291233464,-1.3550168258819966,-0.24403218729735374,0.059904976760147936,-1.629027709824513,-0.3090954852180634,0.07717549002134207,-1.8635581902662957,-0.35266978654248937,0.1792816631802487,-0.7830966143917536,-0.19870685122852805,0.1872611718466193,-1.1277316389618262,-0.2837797988981367,0.1970648538373202,-1.3504912878317437,-0.32828363451501436,0.2122427832023174,-1.5545123703970112,-0.35637148993079637
B,0.0,0.0,0.0,-0.23519395616876523,-0.15406586834931435,-0.1077130337944118,-0.3684227727392258,-0.48434965616384723,-0.16179512300846738,-0.2513490642872335,-0.7105926985060653,-0.21064056862552338,-0.07020076184051198,-0.712232762039098,-0.2567326149386487,-0.2645025157874823,-0.9519192837630307,-0.0799356805620501,-0.29676886837871236,-1.3168333288593972,-0.15118674124589715,-0.3071796589779213,-1.557318496547479,-0.21514091497261587,-0.3032821647490496,-1.761144849844925,-0.27315329377098185,-0.11480826945569242,-0.98867319672164,-0.09666628858501998,-0.1596134364867949,-1.4194612463242582,-0.16847881189670844,-0.17394046801822727,-1.7072972195524605,-0.2322464627503336,-0.17929638296513148,-1.9491794716573172,-0.28192643242763776,0.02734415991701667,-0.9320598816643106,-0.12961382448335432,0.027659031730594145,-1.3372691465844755,-0.2099436644785938,0.05039641680746086,-1.6064509669333278,-0.2761405035971766,0.07678631492182626,-1.8363054797731824,-0.32221020857208427,0.16773749329075105,-0.7989406332047019,-0.1737378650844865,0.1600528009711741,-1.1252406555535794,-0.25626804250850044,0.170775551274702,-1.3472332014227446,-0.30436644109733174,0.1906323142744065,-1.5424987725308708,-0.33774594745263103
B,0.0,0.0,0.0,-0.2309187699628986,-0.15358897268849572,-0.10482496445539193,-0.35694659309707066,-0.48820230343166293,-0.15440397206705,-0.24094900605470435,-0.7275505265225721,-0.19927578964591927,-0.06256985195160725,-0.7301554353391508,-0.24071540585804993,-0.26264260572751114,-0.9494565577262228,-0.07089692382172862,-0.2994326060655435,-1.3077834850664847,-0.13826543169691213,-0.3114523015129633,-1.5452450646395042,-0.19978742944296027,-0.3093502687533032,-1.745453159474205,-0.2561589906712676,-0.1161977978476361,-0.9892985983227475,-0.08824032599671845,-0.16065200514010722,-1.4169446320307129,-0.1556187551936771,-0.17398879134529918,-1.7015225178931683,-0.21612979453182043,-0.18095262187263894,-1.9402079492568847,-0.2633211798732327,0.023594337453161432,-0.9324843552834651,-0.12189189660452394,0.022729166572627357,-1.33165880429058,-0.19966507588563326,0.04406191698719972,-1.5959847709042765,-0.26357650285865347,0.06826339190038506,-1.8230835440000215,-0.30790411024549086,0.16162884594632426,-0.7991316716680462,-0.1666861957398366,0.15227802558359288,-1.1196099930721954,-0.2474564837949598,0.163777498189522,-1.3368801864467856,-0.29367640402641565,0.18342002128234922,-1.5274656946271252,-0.32542312038057447
B,0.0,0.0,0.0,-0.22526517168223328,-0.14835458047535033,-0.10436839030451184,-0.34579032277388494,-0.48897013152047164,-0.1484998197604152,-0.22024456755956298,-0.7321504858990222,-0.18834031130460538,-0.02488120063423132,-0.7253130618819554,-0.22354028989026564,-0.270428299826796,-0.9425272384266861,-0.05949848101164127,-0.31424400309410294,-1.3021393218946287,-0.1220950124155529,-0.32865323305420346,-1.5425798458524194,-0.1804541394753819,-0.3287673170827125,-1.7392062082189639,-0.23394544704452042,-0.12912933587454808,-0.9889590752825699,-0.0727018709033173,-0.1773868799338855,-1.4141103473319507,-0.133659521303483,-0.19481960870995776,-1.6946125933486755,-0.18700239720834314,-0.20614294731703225,-1.9219046156169006,-0.22874093003646348,0.009912432950839104,-0.9453173093496671,-0.10321861736695041,0.006153463966975011,-1.3419015053636063,-0.1744807115319344,0.024149176565769294,-1.6049254978170475,-0.23267220399184366,0.04585325489889821,-1.8236999412222699,-0.2727644648398083,0.1475940807431746,-0.827817108063221,-0.14573654679484632,0.13312989456584315,-1.1490626783314666,-0.2182494616945032,0.14385651385050932,-1.3618930536535194,-0.2592510166862304,0.1649038381816806,-1.5412260728972655,-0.28767730142257814
B,0.0,0.0,0.0,-0.24829204974326197,-0.11759305661160185,-0.09705228880360031,-0.44413976071663824,-0.4173812453693773,-0.1549706676000238,-0.4728426003796535,-0.6902315751736438,-0.2101699221325101,-0.3581386981263258,-0.8051479565429334,-0.26196343830623553,-0.2613010134156829,-0.9575488364744985,-0.07141565382830513,-0.29134462438135866,-1.332533665180622,-0.15141126799512153,-0.3103372620480463,-1.5720014665982966,-0.22514363900485215,-0.31616087468183063,-1.7781411230506892,-0.286196377271511,-0.12233798672012368,-0.9881586528024887,-0.09260612235072446,-0.1627356020431783,-1.4278710788469307,-0.16735660880731573,-0.1821968170025997,-1.7151198172563669,-0.2353980496268198,-0.19288535896370024,-1.9600733239912518,-0.2864546283203829,0.01622928592156452,-0.9294978490421261,-0.12997070944714442,0.01687477313904196,-1.3568742243501166,-0.20851136818725446,0.034669103474211885,-1.6262185551378756,-0.2682537093684905,0.057331171230741565,-1.8531815393670812,-0.3092345424236069,0.15794911214281193,-0.7980124023720023,-0.17770622551775156,0.15737682257673635,-1.1380736206804336,-0.2549685696468864,0.16295744147261879,-1.3578721273700596,-0.29574691572067907,0.17994060704174178,-1.558995311019919,-0.3225501733663672
B,0.0,0.0,0.0,-0.2483624007043478,-0.1223467690089196,-0.09172121460385703,-0.4401563734374126,-0.4288727799366377,-0.14821048134987494,-0.45803876005324345,-0.7026782528218383,-0.20229162737346446,-0.34046548589831493,-0.8162572629289542,-0.25383744861237967,-0.2593529823311707,-0.9647277541305515,-0.07202756477916589,-0.28307922337139324,-1.3393235681705753,-0.15476777543426115,-0.29798949790073,-1.5807201576735352,-0.23042573397477178,-0.30088383755538467,-1.7864927363971335,-0.2916952747698079,-0.11363625664290083,-0.988824873632052,-0.09649958788899175,-0.146994603950891,-1.428064737563986,-0.1724062522623437,-0.16475835465374644,-1.7203208254259754,-0.24161707863765966,-0.17549735282067222,-1.9688334982867588,-0.29273736415539037,0.029805295869862317,-0.9251396090590536,-0.13635710592261524,0.033383016045450145,-1.356620872593367,-0.21455111895282045,0.05105110477403334,-1.6254272540789503,-0.2725149783116055,0.07244379623712632,-1.8509164624506609,-0.3115750287982614,0.17429272752653907,-0.7892971575497996,-0.18602101791421435,0.18031133453385328,-1.1351408989918208,-0.26191005755743924,0.18890377591981553,-1.354503504013215,-0.2992783693406141,0.20627358006720334,-1.552212983495889,-0.32273158300889176
B,0.0,0.0,0.0,-0.24901266745236028,-0.11735933694166699,-0.10629738482347628,-0.43577444005501964,-0.42593359272875453,-0.1621019268509505,-0.4743691314967463,-0.7063150023730549,-0.2139184345432734,-0.40784041410414806,-0.8963592663197087,-0.2619847238019138,-0.27062822416796717,-0.9497322688512518,-0.07450416071336229,-0.3090108610267052,-1.3206500987008734,-0.15652976668041385,-0.3327545369501622,-1.5569969541792168,-0.23114559739771023,-0.34454515043322814,-1.7654140437317933,-0.29223741041684553,-0.13393746130459935,-0.986797516613173,-0.09105722192859544,-0.18343554500092346,-1.421254567571376,-0.17193895198802447,-0.2096314807090847,-1.7048883643822643,-0.2460557325977104,-0.2273276249939348,-1.9532447986340544,-0.3003082409789213,0.0033701531939264086,-0.9357478371064991,-0.12476944534753198,-0.0077129174528640515,-1.35502935330068,-0.2108304606789199,0.000863175753433174,-1.6273047871757909,-0.27823300388771305,0.013278971587417341,-1.8636245678279135,-0.3233602071594086,0.1441107799234788,-0.81297315625176,-0.16910261543992397,0.13725232883938945,-1.1469742712147768,-0.2540463800205936,0.1400658387529707,-1.3671412673438634,-0.30157074675230616,0.1535244887325811,-1.5719295728450473,-0.33210603869932126
B,0.0,0.0,0.0,-0.25970650421104546,-0.11966099171881238,-0.11339391129183508,-0.4527142710530213,-0.4349927696946882,-0.17315261529219203,-0.4935883194149912,-0.7255681719914994,-0.22737905173580444,-0.40555825305771964,-0.8999839096269885,-0.2775276911756577,-0.27261244349297015,-0.9455089252793614,-0.08414058478781002,-0.3117667868973835,-1.3246737832887125,-0.17232971414877432,-0.3364558107005709,-1.5715583924894612,-0.2500861204278485,-0.3472092073211747,-1.7850353066693605,-0.31268537038356453,-0.13617908780210589,-0.9858678385445644,-0.09756977487344722,-0.18585915131299058,-1.4261814064335527,-0.18326056452304026,-0.2118224260243449,-1.7183823763397923,-0.25629270739606835,-0.22936632805579715,-1.971738588553504,-0.3082062280156984,0.0029287390637213685,-0.9373352801927175,-0.1290439542716938,-0.010693808649726874,-1.3663593538208343,-0.21813575889995343,-0.0014231237865468271,-1.6441699258091005,-0.28161647895743286,0.012807531786046425,-1.8828389648362036,-0.3223300571079287,0.14731252757247223,-0.8176973860912808,-0.1720591177973123,0.1384977780304322,-1.160739802647631,-0.2584202599881696,0.14168854888791219,-1.383003419262757,-0.3034330277459476,0.15624722944676622,-1.5884294551038287,-0.3308195960792706
B,0.0,0.0,0.0,-0.2445900368024605,-0.1203936997470229,-0.09568920287082101,-0.42796283551058817,-0.43339336338251266,-0.1481163428259001,-0.460498318396906,-0.7088985614514683,-0.19821936766299847,-0.37456450546865405,-0.8656915006134974,-0.24466018275002746,-0.2565122584512452,-0.959174577975294,-0.06364096482112498,-0.2917948894488073,-1.3324753536835854,-0.14491896083001662,-0.31504592756130567,-1.5704014086285074,-0.21939566369905808,-0.32585418992293685,-1.7754826001139,-0.279157843328387,-0.11972592969022575,-0.9892236628603892,-0.08427482777725652,-0.16028960192189148,-1.4188497737462245,-0.1608511497118709,-0.18500239228396703,-1.701387277394894,-0.23055791609575677,-0.20108696528989736,-1.9412713234598806,-0.2806337163885305,0.0184110770717623,-0.9356103748177406,-0.12153915606304097,0.010449872878045519,-1.3531681834416296,-0.20036159160299782,0.017611796618401242,-1.622210260496144,-0.25894722624206024,0.030322891422977206,-1.8523005664889634,-0.29770814165809445,0.15802970456050627,-0.8109949075056281,-0.16938334792146015,0.15664969690275007,-1.145964187087385,-0.245319863498259,0.15910316999893365,-1.3650536957135317,-0.2838372008452617,0.17015988293709491,-1.5655936155984416,-0.3077013470493667
B,0.0,0.0,0.0,-0.24398639298201383,-0.12147094890126318,-0.0983608671207701,-0.4250983760851611,-0.43677681974206406,-0.15210704702477362,-0.4594715565164375,-0.7158221919283378,-0.20382159536028058,-0.36886590367440647,-0.8591745675556831,-0.25193305153546625,-0.25527587049346734,-0.9599362853715279,-0.06215956590687996,-0.28888190222834426,-1.327774436815801,-0.14224296679061604,-0.3113004276348402,-1.5614383758527353,-0.21675942569495033,-0.32190051184181045,-1.7646143500449796,-0.2776056921197691,-0.12038407608725205,-0.9893393638538249,-0.08194691790377366,-0.16070620615065728,-1.4154832756407498,-0.15851139069039707,-0.18414444338787914,-1.693088470403758,-0.22839806937478666,-0.20045604896212454,-1.9304343448116732,-0.279094632200617,0.015937395926531935,-0.9342266825981846,-0.11884482513338021,0.00853266103699394,-1.348867147656485,-0.19783171063587468,0.01788563199941038,-1.6152469989174307,-0.25720849947605817,0.03178341507862221,-1.8454595255640407,-0.297053833854605,0.1546272858269313,-0.8083386220413022,-0.1667141588693524,0.1530765292635807,-1.139816290099594,-0.24254562509676578,0.15803944214956053,-1.3573838224875985,-0.2826119522178482,0.17386067795288918,-1.5591819560002182,-0.308386753171092
B,0.0,0.0,0.0,-0.24915437511745614,-0.1174377956652722,-0.09624242918434421,-0.4375288208916109,-0.43382302625330554,-0.14713438878277998,-0.4693090991845425,-0.718482266171547,-0.19631484683050493,-0.367738474825177,-0.8513645109863203,-0.2413782008224745,-0.26416452328184015,-0.9539888087584416,-0.053792289892555537,-0.2963481624110366,-1.3173582688220618,-0.13007252199762678,-0.3175087566067871,-1.5527793938201004,-0.20206171848163446,-0.32731431617373763,-1.7552064565875625,-0.26223883691869204,-0.1272892909133409,-0.989198413427081,-0.07269068229233062,-0.1695951041388478,-1.421589081623702,-0.14522668184411133,-0.19079214317251023,-1.703088914747021,-0.2116204212167909,-0.20506238520053638,-1.9426374176385857,-0.2607410157709925,0.010211767656177267,-0.9373124481607715,-0.10889988629455838,0.002098805066626121,-1.3560501587714997,-0.18520744016450957,0.011731061836630868,-1.6193555709263119,-0.24213644801332837,0.025132322260694426,-1.8446964713550116,-0.28104062439818167,0.15154105274136112,-0.8131520984356612,-0.15615296763106976,0.14677076512904486,-1.141706393274293,-0.2314736043066669,0.14931924634678223,-1.3554971273378726,-0.2712920573446846,0.16257586632038282,-1.5547485539685295,-0.2971951072550491
B,0.0,0.0,0.0,-0.24148385743072343,-0.16230144019282955,-0.09624421200631691,-0.3718010492040206,-0.5038683021766829,-0.1357498334614399,-0.2674153098346072,-0.7626338120417072,-0.17377392204154657,-0.09293433389043765,-0.7898431267919638,-0.20794158538259483,-0.27161825652384247,-0.9482381130759243,-0.047151280230617966,-0.3056320087934846,-1.3025069626777315,-0.10823301064970645,-0.3238550078579435,-1.5309176780898974,-0.16732090788460385,-0.3315656148979522,-1.728876233835313,-0.22233205182384658,-0.13680952218308431,-0.9884134232406956,-0.06574237140266305,-0.17390288681247487,-1.4042743405624216,-0.13017896160298245,-0.1932619629348746,-1.6787189701523701,-0.18897475197901495,-0.20665205788934435,-1.9106012714305312,-0.23556023785005487,-0.005205135360884786,-0.9404756377468564,-0.10131400074614015,7.555899548074253e-05,-1.336849333761448,-0.17443274129356118,0.005006097531934327,-1.5983408901403844,-0.23400961829849964,0.0136052855377985,-1.824271798805383,-0.27678731666866474,0.1295005803019495,-0.8236583796578014,-0.14865781356647936,0.12414019902398432,-1.1372453507700289,-0.22282040343121734,0.12846177872037576,-1.3500630047430968,-0.26618866444895817,0.1407658701554774,-1.537306541134139,-0.29795906834802666
B,0.0,0.0,0.0,-0.24136708693224004,-0.147955799177596,-0.10446810095165247,-0.3738368064080899,-0.5078138306766562,-0.1410916401120739,-0.2660727995821696,-0.7824288046356175,-0.1738688659035156,-0.08279602890612996,-0.8022638765595608,-0.20162960418965073,-0.2786217244141697,-0.9437455422692056,-0.04523482103119135,-0.31292857951885217,-1.294491656913061,-0.10123727112356218,-0.3302971690662818,-1.521841962087411,-0.15721276967678266,-0.3365702805279385,-1.717547692849759,-0.21060728121493544,-0.14434406777239073,-0.9879179666254512,-0.05641703038580906,-0.18202650746305626,-1.399488548989255,-0.11449478276661608,-0.20151519469335785,-1.6717899686033726,-0.16778250136392497,-0.21552423097967915,-1.9014811174003023,-0.21055306291395462,-0.013859350545075201,-0.9437592319398852,-0.08584625920475474,-0.007663693799105423,-1.3362929762694353,-0.15461232891917034,-0.0008986548292139557,-1.5933043846888422,-0.21175746122698036,0.009057158172486694,-1.8154818856824042,-0.2529014061998677,0.1191190482728673,-0.8318344658636114,-0.1281113555582337,0.10686877441437624,-1.1445973283163429,-0.19911354178873514,0.11297760982787837,-1.3529120563471597,-0.2414821719057046,0.1293376669261661,-1.5357209465022765,-0.27275019031039627
B,0.0,0.0,0.0,-0.24209638298755276,-0.13922954800262036,-0.10410412126350012,-0.37723307307268206,-0.5094744289845077,-0.13797122025818404,-0.27588655676677865,-0.7999260387802463,-0.1675575242139823,-0.09351178313246754,-0.8295873470943199,-0.1921669213075013,-0.2808023144477393,-0.9427248804088596,-0.04361519197887954,-0.322987156952163,-1.2980261744705908,-0.09861125397632166,-0.3424499638882531,-1.5287037093701572,-0.15271545857403768,-0.348701092389801,-1.7248580077398799,-0.20499724707817701,-0.14574764155450493,-0.9878252431360336,-0.054395900622527235,-0.18895851731097188,-1.399303312597541,-0.1131475509776356,-0.20825383459354693,-1.6726603391411194,-0.16776860254971976,-0.2206206086521599,-1.902445323313811,-0.21083060619151928,-0.014801648076976388,-0.944763307690347,-0.08328173388670965,-0.014763821966301984,-1.3392025328560486,-0.15454138676743362,-0.010314707554526535,-1.5995318286138693,-0.21531120447546062,-0.001092956370928692,-1.8228351814230908,-0.25832497073333516,0.11818604609546336,-0.8348097144993049,-0.12444305502925218,0.10463593308416605,-1.1467865635443952,-0.1991639334289101,0.11178070345039674,-1.3568512322583286,-0.2456213760726413,0.12967172637418456,-1.5396068129876022,-0.2792483792855085
C,0.0,0.0,0.0,-0.31726694110616477,-0.08128080233603342,-0.047225384254927456,-0.6075347218753248,-0.2949482413855884,-0.1022959098583023,-0.846084563765889,-0.3757408563335558,-0.17881273700655986,-1.03543585898016,-0.4412337360861818,-0.25406255483395324,-0.44987609152112307,-0.8885857357621707,0.019562858531057253,-0.5645383609822681,-1.2476584935476271,-0.09622596147414124,-0.7255212693070724,-1.3600619612059546,-0.20347758954442963,-0.8786827251152963,-1.3841955862594135,-0.2715106262477892,-0.3627813514464286,-0.9312159081586387,-0.03502318424964728,-0.5086498247789845,-1.3555405211571907,-0.15756195918626265,-0.7121098314194408,-1.428875378397133,-0.25667428542679765,-0.8844624225990381,-1.3964461164564457,-0.30954217415530766,-0.2629728306669694,-0.9158134521985392,-0.1107295507981836,-0.4201956410818053,-1.3302853119551965,-0.21635971816921457,-0.643630472513652,-1.399032358680257,-0.288975170389307,-0.8278486068223644,-1.3738139793322937,-0.32097609345472866,-0.16206133248814697,-0.8417800745760262,-0.19460832048733895,-0.34113268651819584,-1.149986583857352,-0.27346685257663816,-0.5236491664773864,-1.2354674282190825,-0.3178910656687096,-0.6755354845008681,-1.2551030155268599,-0.3401040953588731
C,0.0,0.0,0.0,-0.365555200918185,0.054395554972634354,-0.07422683457555608,-0.7280934698399004,-0.0485678350410268,-0.11077768963357074,-1.0010313590926987,-0.1304412796648661,-0.15864710922521633,-1.2120615179920877,-0.22018034952795118,-0.20080086425804236,-0.6973544693958271,-0.6905886994236652,0.07028067119271264,-0.8801420513461665,-1.003149641671957,0.011469857742851924,-1.0064688552507155,-1.130583340421627,-0.06966337557870225,-1.1395114166028628,-1.2018855452683268,-0.1337833983986669,-0.6014951693734347,-0.7975845068327607,0.045414927950675775,-0.8058665178594971,-1.1085469395249377,-0.010715400350520736,-0.9496079770084161,-1.2303836483932977,-0.09202428000924617,-1.0937026758791477,-1.2918480954670142,-0.15286900781193893,-0.4734719322302218,-0.8623490450493732,-0.004925046985076269,-0.6817848140072071,-1.1720185068859201,-0.06160926432415329,-0.8367334915281891,-1.2850897853462053,-0.12334994260135831,-0.9894007153551077,-1.3274786570320611,-0.16548225056154453,-0.3070800528704333,-0.8869583591845367,-0.06887405632449776,-0.4953095438486039,-1.1325873086590257,-0.12092862982796763,-0.6388606191855285,-1.231074367587586,-0.15699783853269414,-0.7754597434714536,-1.2732377626395899,-0.18126507645599227
C,0.0,0.0,0.0,-0.35929420733431416,0.050055449078899604,-0.09310594642203998,-0.7272032834714511,-0.05968108426904096,-0.14064032473532784,-1.0088508966462217,-0.15045627980991386,-0.19428389980876007,-1.2237490040736068,-0.24916169931090867,-0.24224088824866705,-0.7033261367815126,-0.6927494890870664,0.040059734006467215,-0.8745454181317599,-1.0060433057485576,-0.013819718665408097,-0.9864741194625216,-1.142300674307806,-0.0907798647799602,-1.1114855547573697,-1.2382243822337093,-0.15567472519314202,-0.6002161828192089,-0.7994386796017994,0.02526522191609243,-0.7935555521373928,-1.112362611311395,-0.02382723495176262,-0.9231979133658135,-1.2413549386610436,-0.10165317787951024,-1.0618197683240391,-1.3206876864067594,-0.16431117324817113,-0.464360259361335,-0.8596279874779528,-0.014271107703333504,-0.6565518912434609,-1.1659394366686788,-0.06784902287202906,-0.7917791365237102,-1.2782209804706173,-0.1303780555798808,-0.937101000815361,-1.32573499591246,-0.17623265151217257,-0.29156549534908893,-0.8746285265253884,-0.06822301721838801,-0.47179435777164486,-1.1163610718494055,-0.11980954777398785,-0.5989428359882237,-1.2088151621420704,-0.15704418582935334,-0.7228587132941526,-1.2471954599236534,-0.18442951928520637
C,0.0,0.0,0.0,-0.36367966133098495,0.051949017565612564,-0.10110366722236616,-0.7278266292052527,-0.05310969847238532,-0.15483274852008824,-1.007682351345473,-0.1447782764942157,-0.21379687971283381,-1.2285399279535059,-0.2467263164201374,-0.26773068139393646,-0.7009448576959815,-0.6933151756013323,0.025475560470442592,-0.8763907938265302,-1.0056414375603036,-0.035616321566925326,-0.9934695657794019,-1.1485098896906136,-0.11717576312056484,-1.1226448891855543,-1.2517129478981865,-0.18538350139259238,-0.5965145589162345,-0.8025344583323024,0.010431883350967527,-0.793021340697751,-1.1259305648673372,-0.04906864559471824,-0.9302942937659002,-1.2601260682374387,-0.1319782106982986,-1.076496712057546,-1.337894146250129,-0.19666557835279647,-0.45977493787004864,-0.8648956297834324,-0.029580115121506274,-0.6574426142330262,-1.1821714522218743,-0.0933233377951408,-0.7994121369497147,-1.297042644132713,-0.15888530265813172,-0.9501186039957535,-1.3404361271793306,-0.20511408856229602,-0.28680399565392356,-0.8833277425817544,-0.08440505710610917,-0.4610601911200925,-1.1341804377447382,-0.14396044619334578,-0.583638094850708,-1.2287358676426647,-0.1832887549406428,-0.7042063881379881,-1.2643315066149512,-0.21103342496922334
C,0.0,0.0,0.0,-0.28069183985067314,-0.16125438036379758,-0.013945075687556464,-0.4894076529533332,-0.3932335126579849,-0.06729773255608093,-0.6974059359731449,-0.5040935669673647,-0.14531579525575225,-0.8615891991562874,-0.5901134795969554,-0.2249321551251596,-0.2139226577694731,-0.9753747360817034,0.034031677206853836,-0.36764079264585703,-1.2922580783967073,-0.06516455180142328,-0.547037088540589,-1.3709620612763518,-0.1595274353986495,-0.7007419713425387,-1.3773435454092908,-0.21566795247164466,-0.15806516402958204,-0.9871854730517283,-0.021914509256123538,-0.36291206887507566,-1.367164034180468,-0.0994381706792572,-0.5727042642867085,-1.4257668869457312,-0.1732878729217094,-0.7305842480130136,-1.376965512549117,-0.22104829469190462,-0.1271058769798297,-0.9408856020739581,-0.09360573219598262,-0.32454382600023757,-1.3147655062372874,-0.16425090629124234,-0.5403242153620963,-1.3812138486216607,-0.21289813813785952,-0.7032940418875129,-1.3385419945743364,-0.23785375595309616,-0.13161332598144107,-0.8486630211315891,-0.16998904362313652,-0.3135379781826861,-1.1484223292907807,-0.21213407322126626,-0.4685460978835931,-1.228746465454699,-0.22923463289654297,-0.5966831954976792,-1.2325451028434844,-0.2374225622219604
C,0.0,0.0,0.0,-0.27108897860176034,-0.14293223040864705,4.9038958814061534e-05,-0.4661675733787624,-0.38013131619126267,-0.03906356063780658,-0.6562013339625712,-0.49735172508635217,-0.10684220591837885,-0.8125495018233378,-0.5957588428236772,-0.1762705966862216,-0.20493128545327227,-0.9709228149727502,0.05937137803565369,-0.33432683592618895,-1.2742639051820064,-0.0294676617255744,-0.5025525797178079,-1.3617694415078316,-0.11441099574304606,-0.647392593374319,-1.3814065205796215,-0.16552644423082966,-0.14544051898777882,-0.989360963654515,-0.003455290606442986,-0.3155984892292562,-1.3617890307406357,-0.06917556752227645,-0.5174110994777057,-1.428469739069388,-0.12890834985787178,-0.6729768248405864,-1.3989893305476233,-0.1669073876307417,-0.10822045659194456,-0.949169665368016,-0.08321025061176192,-0.2876985677470898,-1.316215374046169,-0.15352734571417517,-0.4992192897323531,-1.3824908626255452,-0.19484800444388817,-0.6610339803597276,-1.3491107232494124,-0.21396620721092913,-0.10793823295473212,-0.8658905493586765,-0.1671964154926228,-0.28389842993914544,-1.1609901199507855,-0.21495845385926732,-0.4400584198157633,-1.2448565662321616,-0.23310607948328427,-0.5708309373343669,-1.254625265905834,-0.24124484230623144
C,0.0,0.0,0.0,-0.2814712168423483,-0.1519264299182509,-0.021748780693550764,-0.4917649712821068,-0.3917458856285499,-0.07365883805959772,-0.6991523544319678,-0.5092257222640968,-0.150879829891714,-0.8609705909249814,-0.5954815352972017,-0.22885374622479543,-0.2145757895163377,-0.9700008942069718,0.045778534621431465,-0.3582192533170384,-1.2833323726056483,-0.05390711646845976,-0.5383446083775149,-1.3587605296038285,-0.15085404383441034,-0.701252777753935,-1.3727213607437159,-0.20887855456404553,-0.160539387729776,-0.986997998128988,-0.007877606027132302,-0.3524753026565164,-1.3674276130371168,-0.08864960557715501,-0.5629206088372115,-1.4297911544325386,-0.16943781416859433,-0.729147551821608,-1.3890696555996946,-0.2198846069023133,-0.12825327974931836,-0.9487949993965363,-0.07894379035266036,-0.31314256251884526,-1.3137950582284195,-0.1516479990486475,-0.5341662849761848,-1.389910785221771,-0.20588123913467749,-0.7080448448900821,-1.3608347631088138,-0.23202022604702058,-0.13046265270993135,-0.8624876797233666,-0.15602442659059987,-0.3184568255820804,-1.1655108461578743,-0.20089070403418904,-0.4842968576702608,-1.2600552997688754,-0.2225840131635095,-0.622060707558472,-1.2806544638192248,-0.2319716439365187
C,0.0,0.0,0.0,-0.28269263062387906,-0.13476121248892967,-0.028238226280381026,-0.5043724253826231,-0.35517387834744474,-0.08512146593079345,-0.7204925121515847,-0.455354655116662,-0.16812349439596874,-0.8859149787728605,-0.5389642719333848,-0.2508968070162968,-0.26436385158727665,-0.9630217385257529,0.03757252665349203,-0.40792843245522786,-1.2804356847449934,-0.07393922454873937,-0.599149559220565,-1.3208186158289708,-0.17841881796275197,-0.7621069352326674,-1.292480958000785,-0.23916980817116115,-0.20919880330811053,-0.9777245065573362,-0.01704845951010961,-0.40265399524168166,-1.358623489076385,-0.11145221641827618,-0.6255638775875555,-1.3909020090709312,-0.19931149004468185,-0.7870002775963906,-1.3141427530113061,-0.25070539032544237,-0.16398786183149047,-0.9327409039454705,-0.0904101282813162,-0.3538077385439561,-1.29188013385822,-0.1743861863820672,-0.5763338658640749,-1.3217737901634325,-0.23719217948685756,-0.7367297736324477,-1.2489367878379947,-0.2662236597306612,-0.14243508414530326,-0.8356205120637138,-0.17002711725774494,-0.33644659798034643,-1.1235514163442746,-0.22359077609060407,-0.5066375631215608,-1.170146667178439,-0.24993112155092598,-0.6389280673614158,-1.1345574262183324,-0.26101865303526967
C,0.0,0.0,0.0,-0.31017458024950506,-0.2344693668231583,-0.004028160752306911,-0.464856236504752,-0.5156890380677953,-0.06171776908788418,-0.6300626636360271,-0.6865492486173335,-0.14043921155047534,-0.7677825247649458,-0.8188460367082541,-0.2246377122123549,-0.022092854485950143,-1.0132333675863459,-0.026128223894972664,-0.21795804861749388,-1.4114732051863266,-0.13097961884449616,-0.4221802435885153,-1.5360543192487797,-0.2196977029352722,-0.6093001530011073,-1.5694494910870924,-0.2664059002655591,0.003221047892923921,-0.9969953784544083,-0.07739405785344629,-0.24843690956728207,-1.4612378701835846,-0.14994897464429563,-0.4922537392249468,-1.5575385004947018,-0.20290865142764206,-0.661326277981086,-1.5482857952980598,-0.23743137242580933,-0.03436419102514873,-0.931765466188923,-0.13720224837823408,-0.2703571538959958,-1.378754060139087,-0.20011165508594944,-0.5037193244322212,-1.490692280952744,-0.2315948135356376,-0.673269922144459,-1.493733155872264,-0.24733576994032672,-0.13802353044162374,-0.8422489489030438,-0.19932756899798765,-0.3201542945156207,-1.209097671974811,-0.2427020324744538,-0.4856778260800868,-1.3387153546819452,-0.2546098867224926,-0.6191774578388831,-1.3845970029358472,-0.2571044371482131
C,0.0,0.0,0.0,-0.31388715223717784,-0.1940362396316112,-0.007019728318782212,-0.47953603367786085,-0.46386650253587075,-0.0653759322586659,-0.6634922471604808,-0.6190298188711838,-0.14480760263352876,-0.8028873902343845,-0.7542534143715162,-0.2249434924663157,-0.06431595250590663,-1.003591376194254,-0.012742221557009796,-0.24774825648884471,-1.3744777247766395,-0.12090539559536291,-0.4591143492911757,-1.4821430168336487,-0.21769235175280985,-0.6555002995206916,-1.505555493405567,-0.27137392322692355,-0.030547344039519874,-0.9971779790318628,-0.0685779695387745,-0.28087006765631045,-1.4567296724487626,-0.14688429581399404,-0.5225841921035964,-1.5560054983436127,-0.20867842105194392,-0.6943260221019032,-1.5353366555249994,-0.24739999322716125,-0.04938042935907176,-0.930520705117647,-0.1345948705678048,-0.28710775278168016,-1.3689704522794555,-0.19695957593436744,-0.522468034093813,-1.4843202420059145,-0.23041273704363005,-0.6933607121650442,-1.4889994738333567,-0.24625551416965627,-0.12749871909414834,-0.8282888422516022,-0.20463148981942408,-0.32099399428019676,-1.1880132357938709,-0.24834465285116974,-0.49558833311875633,-1.3226128046527557,-0.2594571715954561,-0.6358725459119864,-1.3710974345030453,-0.25966399738509827
C,0.0,0.0,0.0,-0.26432015262932346,-0.20641297512153695,-0.007653063778956787,-0.43591024758415875,-0.4419602093767792,-0.06826602557554894,-0.6167408924447083,-0.5723120930923234,-0.15767008540214658,-0.7459393056936968,-0.7173635220869239,-0.251879244973019,-0.06007469660635571,-0.9991310211765846,0.011564510170882877,-0.22956470639013285,-1.3212278622851343,-0.0884777689694573,-0.42402628772001166,-1.4144544788803857,-0.18140470415519913,-0.5943607103986738,-1.4302789446774669,-0.23547344617487503,-0.010582397486654769,-0.9988654891399437,-0.046430027661582225,-0.23648885709757825,-1.3937058475740014,-0.10862235758604157,-0.4641338859668773,-1.4652987844584182,-0.16559892500004342,-0.6229628545407465,-1.439565647414088,-0.20670608891040024,-0.0064361742865473226,-0.9441037102561657,-0.11722170498589478,-0.23280731496159235,-1.3229245699625354,-0.17526915819938366,-0.46203695355087165,-1.4002586737974898,-0.20805327865962409,-0.6317770819021443,-1.3728444176979622,-0.22636478652218883,-0.05551266004543992,-0.8529660566127596,-0.1933935369131053,-0.2460968781199631,-1.15487817168667,-0.233240989079878,-0.4161263593238286,-1.2620289309711297,-0.24499721857613568,-0.5581096321932059,-1.283817533562181,-0.2484266716727183
C,0.0,0.0,0.0,-0.33193882618158577,0.010263560552062739,-0.08220755706322831,-0.6516805426544076,-0.11821673148659441,-0.17193892345571174,-0.8887934542314929,-0.14927540769544265,-0.27444268104887964,-1.0998577836627845,-0.19525265082434973,-0.37548229964784285,-0.5892650793637825,-0.8120027387175457,-0.05322329820887468,-0.7325660602816256,-1.1868663765267655,-0.20231826552302926,-0.8840342616744596,-1.2642127178008025,-0.33305868056629984,-1.021506920665736,-1.2451591597590062,-0.41272453809480414,-0.46758619197820717,-0.8783892830219601,-0.09897181691515096,-0.6460119593184542,-1.2955831386221601,-0.2577559503727835,-0.8294295067432139,-1.3328227825888281,-0.3802692938417456,-0.9885012650492558,-1.2615108972442772,-0.4420004502369443,-0.31899633754617507,-0.8836371535730807,-0.16580090452118051,-0.5046821729576481,-1.290739193042209,-0.29174010660109717,-0.6997238060514674,-1.3424689585753855,-0.37734104128941764,-0.8757480003389478,-1.2977013537291568,-0.4150560601796488,-0.1460305776751565,-0.8223016045504639,-0.24227687396502373,-0.32541335213853195,-1.1129547201838967,-0.3412700326423599,-0.4994732704830911,-1.2101437484862263,-0.4015175278509501,-0.6661496031455931,-1.2398443414418832,-0.430807709634704
C,0.0,0.0,0.0,-0.33136787305371784,0.0177817436756345,-0.1052349652246001,-0.6574099611117655,-0.09122340440716356,-0.19592756384271307,-0.8895044233234315,-0.12498473321313155,-0.2929284332960713,-1.0910870782910695,-0.19217915427597965,-0.38833543452199093,-0.6140715859155479,-0.7891619628684455,-0.05466818866772446,-0.7451490706871658,-1.1086775364916797,-0.18568642892169032,-0.8659652605489717,-1.2081069559961917,-0.3131810237183837,-0.9903030494581259,-1.2215101173675327,-0.3973333785818508,-0.47868465328264986,-0.8738504391182587,-0.08512586425109375,-0.6328605434119784,-1.2363186745129793,-0.22589807982269164,-0.7820330056259639,-1.306604175591682,-0.35192355503407774,-0.9316204772383329,-1.2729817238926475,-0.42521011943450593,-0.3195756861228046,-0.8906391607942437,-0.1380602103776344,-0.4827802101252222,-1.2323745646760702,-0.2556977870981572,-0.6497548927853536,-1.3202338992506113,-0.3497764338647662,-0.8180031900232306,-1.3161345917124503,-0.40013365297689135,-0.1383481574852623,-0.8349113257371481,-0.20275428597985018,-0.2808486390976829,-1.1113050508067996,-0.298742568994407,-0.4299393969699251,-1.2203262153734629,-0.3626780410712678,-0.5866197380510033,-1.263950454395631,-0.39964018308159804
C,0.0,0.0,0.0,-0.3313869057457334,0.01819360893176725,-0.10938401232472991,-0.6423752463886325,-0.08580829528003803,-0.2033846930079801,-0.8668101771277109,-0.11218379251247104,-0.3029003049823504,-1.0651293433428393,-0.1808599951475857,-0.40193379453292083,-0.6143967979663755,-0.7945305681417045,-0.05515662861852872,-0.7366547290889036,-1.1136039876211985,-0.18357527457740166,-0.8558903159672651,-1.219637863966998,-0.3142511119835215,-0.9821173324555531,-1.236621405928453,-0.4022681362318743,-0.470434657240425,-0.8783910734304187,-0.08438219826978108,-0.6099957144831069,-1.2364805548312043,-0.22294472184089748,-0.7561067583924438,-1.3103975064921503,-0.3580415846585953,-0.9080060432384183,-1.2779966210675082,-0.4398961680800257,-0.3030986259739894,-0.8941239972674702,-0.1352292390542016,-0.44624625313902894,-1.2375383753166629,-0.24753193884319458,-0.6052558492061647,-1.3269841604492592,-0.348655968713605,-0.7695531104444978,-1.3144948156337581,-0.40622151444174576,-0.11391199030480469,-0.8332378253250055,-0.19800940654560076,-0.24700272593291955,-1.1048336456110366,-0.28957819858659745,-0.39026369100711533,-1.2150240665817622,-0.3556523260587124,-0.5409076353158048,-1.2517446251980415,-0.3954343941477302
C,0.0,0.0,0.0,-0.2913775718741995,-0.029576050118370625,-0.12094287371132034,-0.5555745113565731,-0.10727783554296101,-0.2378763118273602,-0.740419432368986,-0.14242669981787817,-0.3587162336698276,-0.9052304311682481,-0.19751115745329403,-0.4789945973201997,-0.5338226889306354,-0.8564959028151778,-0.10897017287148396,-0.6082451542543029,-1.2182495491314862,-0.24754584432123142,-0.6802377338880228,-1.336440512829495,-0.37412433844792853,-0.7637453622769503,-1.3673324778942189,-0.45421170871379846,-0.3646951592298941,-0.9217848864868518,-0.13156771594393535,-0.4508151632008956,-1.3013096226459229,-0.24949267630628172,-0.5388161029661781,-1.405998977575304,-0.35513624402618477,-0.6373433050027943,-1.4237193170425044,-0.42337855593325513,-0.17507061013899516,-0.9035967977248847,-0.1753060548502994,-0.2613745842214103,-1.2382025879335843,-0.26375794606468717,-0.34719727557557545,-1.3597738438338955,-0.33311422871535196,-0.45038315062892076,-1.42588963570744,-0.37825134841566704,0.031960260470311974,-0.808753332844454,-0.23294585997649966,-0.03958909921682976,-1.0901660684769787,-0.3010250041396395,-0.12863169044053027,-1.2190580660521644,-0.33803854822916535,-0.23493300417371166,-1.3198359415150236,-0.36110826803800145
C,0.0,0.0,0.0,-0.2597844332810957,-0.044949947855393496,-0.11969005047900262,-0.48580527827485925,-0.13345204678454203,-0.2281360026142649,-0.6349317785255296,-0.18428620729229206,-0.3376624732663358,-0.7713736505389844,-0.24434070857544182,-0.4477253358481554,-0.48317559966570534,-0.8782622097602208,-0.09712640329358713,-0.5437754598372495,-1.196358932429465,-0.20846907635907524,-0.5921766904425049,-1.3253108244943697,-0.3230849777411999,-0.6509596665020213,-1.4239485232410367,-0.40789748781776464,-0.3150865513587258,-0.9420263051282547,-0.11535556163130382,-0.38821351495010703,-1.3033703022772996,-0.20372402141361842,-0.45267829161301826,-1.4314665052709716,-0.3006186299228436,-0.5340429012135963,-1.5361242320085473,-0.3779513855300157,-0.13652661239457453,-0.920750596371479,-0.15306631596927675,-0.20505787858414018,-1.269705088343297,-0.22830959978734466,-0.2765328242505237,-1.4059861843613848,-0.2965430685608342,-0.36635678922377274,-1.5048303853486764,-0.348417946874211,0.06570945344896206,-0.8222268986078283,-0.20433734040964346,0.005578601921437083,-1.1174806349764186,-0.2678700908665355,-0.06433724658439441,-1.2719795495380293,-0.30844426777952944,-0.1539543946868908,-1.406940247785947,-0.34030612669700483
C,0.0,0.0,0.0,-0.2757165415051144,-0.053456257004395394,-0.1269340615388775,-0.5133428426659633,-0.1731334623413243,-0.2376793220492802,-0.6817689763350445,-0.2350345533032665,-0.346589676399285,-0.8425943430304028,-0.32332928988395476,-0.4549494040479837,-0.48823403605984106,-0.8832488480448148,-0.11223636000200889,-0.5554939321598341,-1.2230125635004665,-0.2312798774703008,-0.626083041646937,-1.362214595553862,-0.3462346852282392,-0.7150207182488506,-1.4508624494519073,-0.4264557930619837,-0.32493705634894926,-0.9366621105173505,-0.13069047452841628,-0.4081982055095771,-1.3069867139896845,-0.23008027277477192,-0.48931837272776274,-1.4515285003352947,-0.32691733575631626,-0.592070515135476,-1.5532225400267297,-0.39648160343011696,-0.14562549839563566,-0.9101699834769594,-0.1695498407218262,-0.2294650437282079,-1.2773821159721888,-0.25297735946169964,-0.3134143136045579,-1.429669997055387,-0.3174401905964577,-0.41926122948231503,-1.546817708118395,-0.361872722982194,0.05253931793267359,-0.8099690928665538,-0.22229693519511887,-0.023046942930540725,-1.1159472263130554,-0.29428393953407006,-0.10349543770427258,-1.2820748702268523,-0.33400326142904013,-0.19982484249062488,-1.4308126313936271,-0.36037142784276754
C,0.0,0.0,0.0,-0.276056277704534,-0.05184146902588124,-0.12622775994998142,-0.513595153247563,-0.17298343643531677,-0.23405891391149777,-0.6811357154027904,-0.23644984554529475,-0.3392816791428074,-0.8396077857417786,-0.3205021076044647,-0.44354342298411414,-0.4826258626869953,-0.884883214861108,-0.10698372167338725,-0.5451935737897246,-1.212015289095016,-0.2202395959669874,-0.6123435275633914,-1.3540213665484293,-0.33168032113311874,-0.6961574608692577,-1.4464037564303136,-0.4110483215400378,-0.32029770759729115,-0.9391667260779571,-0.12399693196177033,-0.4012707290625635,-1.2947859134573843,-0.21673682790377252,-0.4792104378707729,-1.4403985752478987,-0.3089803607716744,-0.5769616380625361,-1.550445015142425,-0.3769147616376492,-0.1416909952561205,-0.911345671457838,-0.16156964352838002,-0.22379504388659296,-1.2690505457525685,-0.24207882127798086,-0.3042974074406105,-1.4211400810497445,-0.3039165988530684,-0.40569387901536713,-1.5422315691051818,-0.3473498935960061,0.05564335053582849,-0.8071696287328992,-0.21304902921665497,-0.01814422452342074,-1.1059250651288088,-0.28404438742689775,-0.09625543900566541,-1.266015164269522,-0.32235407945965555,-0.19205221929078053,-1.4105782071972888,-0.34801336608892663
C,0.0,0.0,0.0,-0.3356512897872927,-0.0440176296771675,-0.09224273693359816,-0.6600499227432751,-0.20677549434029033,-0.17396230414760203,-0.9166368149095937,-0.27279601454518326,-0.2628956292652703,-1.1382943859964896,-0.3422688489512918,-0.35250161051164136,-0.5741166504555761,-0.8179309362819568,-0.060297020926367094,-0.7219837078087233,-1.1630790003103824,-0.17256679115081824,-0.8411157787935521,-1.3251285460524644,-0.27866019447538654,-0.968421112186714,-1.4304448123099036,-0.35439302470461226,-0.4603349597227395,-0.8828729201048046,-0.0928823546357381,-0.6426867030351023,-1.2323979065694532,-0.20433414122872123,-0.7870715128269078,-1.380727683781217,-0.30136480403398586,-0.9398574111568953,-1.4729084017071887,-0.3670616697825148,-0.3159817462555116,-0.894747005964567,-0.14565193236652452,-0.5053632560452773,-1.2474745501568787,-0.24812008617883596,-0.6618453007391746,-1.3917469019776547,-0.3194746947808608,-0.8233817180127055,-1.4707066367734656,-0.3616781081929522,-0.1456615507494082,-0.8605380602984579,-0.2097918606392908,-0.3039801318093784,-1.165578228010359,-0.2983736506622137,-0.44924589701934087,-1.307460588108563,-0.34774974155925475,-0.6010857764470082,-1.3949222286624252,-0.3769189695199586
C,0.0,0.0,0.0,-0.3276039805185591,-0.013805555943514198,-0.07675604670699164,-0.6522170641759006,-0.16461186709971867,-0.15530280789049541,-0.9099999621698188,-0.18457334642489326,-0.2460372640503223,-1.1269110892574212,-0.19928003870122554,-0.33714720647076274,-0.551877252305252,-0.8402813931108324,-0.033799052030253,-0.6878170647646131,-1.2045035518729865,-0.14603968806470075,-0.8128161736409927,-1.3527487656382469,-0.25534562996412663,-0.9470981735280349,-1.412674127152954,-0.32929497681273917,-0.45207149262094654,-0.8888297038060151,-0.07492077943788886,-0.6211822890007904,-1.251077199493723,-0.18252399518074214,-0.7755728883363715,-1.3911294184056222,-0.2810919584794162,-0.937345684905243,-1.4576208594734552,-0.34455556919191854,-0.31993368156941765,-0.8862790419175628,-0.13650858300028487,-0.5122579463156436,-1.2379991617680415,-0.22996206304648573,-0.6830500863028367,-1.3788834585403869,-0.3034080759403547,-0.8557058842644412,-1.4532660833601034,-0.34685380957524536,-0.16477044581405428,-0.8314201168626065,-0.2089458945963134,-0.3339585876829548,-1.1269946755862033,-0.2866488891334918,-0.4872941781783882,-1.2552084307742855,-0.33167951470931895,-0.6431375631549794,-1.3301885392660795,-0.3577763021832902
C,0.0,0.0,0.0,-0.33193247253831504,-0.007223550951350225,-0.06505037061109727,-0.6619544388208228,-0.15634133261594602,-0.1337191300120843,-0.9144556385680376,-0.18504434063627645,-0.2182875323420871,-1.1209192987703978,-0.20345678505754264,-0.3036296736344626,-0.5461698381581774,-0.8363638768112786,-0.014359688539470367,-0.6719702362428607,-1.209840684259942,-0.1276707099336025,-0.8064306421153185,-1.3499733008797237,-0.23835917565253115,-0.9486458826716108,-1.3936026444896286,-0.3106142816971496,-0.4473525155109888,-0.8923343691836635,-0.060125705314647414,-0.6078068385836461,-1.2902885919060403,-0.17152229013018064,-0.7760636916010558,-1.4199667183886902,-0.27372282686003196,-0.9420575081732658,-1.4502207555569975,-0.33605571151082636,-0.32352981178879703,-0.8971311645224462,-0.12623036489655992,-0.5020000865050038,-1.2829433143539999,-0.2197211637527287,-0.6839527373803088,-1.4073548471778268,-0.2980667990885252,-0.8584823466912074,-1.438021863094472,-0.34183308512420657,-0.18425902779672992,-0.8466147289213612,-0.20229925139964283,-0.37342942324379513,-1.142892505475227,-0.2776200740251026,-0.5385464764979162,-1.2688295608509748,-0.3270468802849156,-0.6943204428796401,-1.3341137971417576,-0.3556456586073381
C,0.0,0.0,0.0,-0.3141814944814759,-0.025842395399056032,-0.05103788622303134,-0.6236916448647792,-0.2110323624312264,-0.10280124316945125,-0.8719953654743401,-0.2647493781990713,-0.1731596312895867,-1.067334210158176,-0.3086708631311355,-0.24265952632589752,-0.4801318235443916,-0.8658292560433148,0.015798425339492172,-0.5828351981104941,-1.2242567355690657,-0.08381672139883246,-0.7314702173804954,-1.3488216604271621,-0.17650223042579047,-0.8772908105369202,-1.3954369213998912,-0.2369442858124774,-0.3922710395755379,-0.9192263264416346,-0.03385841530467827,-0.5231976241506205,-1.3601115517297788,-0.13906440905436673,-0.7246899262024666,-1.4634058282469373,-0.22346113408207197,-0.9019471509406913,-1.4542951282780363,-0.26748120388914964,-0.29315336088441074,-0.9132885614439055,-0.10433651408204658,-0.45079381495902754,-1.3084240280860555,-0.19580288929496684,-0.6667367973041676,-1.4077045641323127,-0.2674190569556196,-0.8486028143410184,-1.4192786713785,-0.3018332250473865,-0.1938650311673363,-0.8464238254403107,-0.18350194633268968,-0.3788859666376253,-1.140349265818153,-0.25214528405081715,-0.557915289929993,-1.2444494281411196,-0.2969921155676777,-0.7102028079676892,-1.292932639697394,-0.3215513640398712
C,0.0,0.0,0.0,-0.31668780240965283,-0.0457735503553598,0.02449252470048377,-0.5670180441183216,-0.20641710562883453,-0.0018807257090608163,-0.7894648247064591,-0.2343707811234184,-0.06510916290207085,-0.963519858697672,-0.27851375817958124,-0.12785141659073004,-0.43831047477461116,-0.877254123221057,0.10647250310392994,-0.5842107890761686,-1.163368898468153,0.01989358457760806,-0.7610736869978423,-1.1860662725938003,-0.06620428493990227,-0.9167082021537905,-1.1487453774479428,-0.11787509835442102,-0.3787880611902435,-0.9251214839864507,0.02588135557585162,-0.5953585208228752,-1.24941528068507,-0.04207037416006093,-0.8096451468407591,-1.2655604982852184,-0.10833219833971529,-0.9613686324830332,-1.1969177707851693,-0.1485875765965833,-0.32237907738189625,-0.9005324990722494,-0.07291923438043112,-0.56350572559452,-1.1976371570428657,-0.13828492816897023,-0.7951820523334155,-1.2188519413285532,-0.1858409348468926,-0.9622401795108281,-1.1614865310908666,-0.20890967857403522,-0.2869652579626751,-0.8159397321561264,-0.17588602532874797,-0.5156678726420192,-1.0390823460790186,-0.2209382896387589,-0.6992551745030062,-1.0882790693668198,-0.24353080881783876,-0.8466015493942255,-1.078113627825211,-0.25446905286879656
C,0.0,0.0,0.0,-0.3314699716872522,-0.01550218303424557,0.009824641341895504,-0.5992048904128601,-0.1630376540478965,-0.01997650233148872,-0.8262927844513159,-0.18194976563889706,-0.08483998597863954,-1.001294019785339,-0.2179424870057852,-0.14845102637021837,-0.4939254818776776,-0.8468088616538904,0.10303408559957176,-0.6591212149276205,-1.1237319894903472,0.010523977856702496,-0.8511957632175506,-1.159231374638064,-0.08206242809432829,-1.0261660315594612,-1.1286205029348644,-0.13901894107328217,-0.43914914413993383,-0.898072314484666,0.024781992601861227,-0.6646253308187877,-1.2242987201454216,-0.053634784951065384,-0.8896044438828704,-1.2440097445386806,-0.12903198600819235,-1.055675973301696,-1.1803241675759288,-0.17383105698908266,-0.3814288064968748,-0.8787166096302149,-0.07367291488331447,-0.6223242416219028,-1.175033350190778,-0.14960895161407992,-0.8631225044613365,-1.183480042217508,-0.20694815276836936,-1.04019051956204,-1.116919963110475,-0.23362461473231103,-0.3409955252437865,-0.7945208285151169,-0.17781053793956184,-0.5766692848022597,-1.0090320304178626,-0.23086283510888753,-0.7729573017028982,-1.0455936367864034,-0.2607607318622213,-0.9307602882852501,-1.024556993768145,-0.27565870260783515
C,0.0,0.0,0.0,-0.30592439331022603,-0.03670595584534563,-0.002111295457887764,-0.5565849057553692,-0.190284551666545,-0.047394543648004286,-0.7841537310470674,-0.22770539899067094,-0.12346643476098565,-0.9646875437569119,-0.286493885253072,-0.1981250141978296,-0.4398010646484294,-0.8796913609087985,0.06444997937993356,-0.6134423195390117,-1.1660708289058237,-0.03339765439118208,-0.8060408347136282,-1.185518906329829,-0.12423634951550863,-0.9730727188210948,-1.1412534491137103,-0.1762410370996309,-0.38862712466969546,-0.9213937677311401,-0.0015756767367178684,-0.6314020205997503,-1.2418087343607063,-0.07937473468833976,-0.8580497956351312,-1.2473653279104222,-0.14865105110345012,-1.0158157860721113,-1.1726622841276673,-0.18848618258762584,-0.3379994794868527,-0.8887551635861917,-0.08477763414312078,-0.5929569570819335,-1.180444648156777,-0.15673317622659796,-0.829082150578859,-1.1847678375340838,-0.20039669871227098,-0.9961308251157304,-1.112065537857257,-0.2169489463555851,-0.3047983959568445,-0.7948644671324158,-0.17347770241489335,-0.546753157304221,-1.018568897202862,-0.2187126338319271,-0.7313391757085563,-1.0481397860372332,-0.23307083105964557,-0.8712046643307405,-1.0162225645164535,-0.2346266287863471
C,0.0,0.0,0.0,-0.30743191829785343,-0.03921524146761656,0.005222108739749977,-0.5592497183440951,-0.19547964772195334,-0.03563509360289421,-0.7883067284016677,-0.23627842065386928,-0.11011713828299279,-0.9716796024991669,-0.29743576738513755,-0.1846004068003679,-0.4544400117660279,-0.8688435791110569,0.07476016017395941,-0.6238629427467927,-1.1588831361171805,-0.022446385412991793,-0.8124772052619881,-1.1751505440134289,-0.112090767200787,-0.9748294720065147,-1.1281083882809175,-0.16412920740827616,-0.3986529172763768,-0.9170978710417563,0.002710438656822047,-0.636463115459871,-1.2445055055920167,-0.07543200511871036,-0.8589829783527483,-1.2454230090714962,-0.14542162537188125,-1.015618432531353,-1.1670022517078797,-0.18572392741074503,-0.33993686269181356,-0.8926377110839967,-0.08702991751529057,-0.5944865063368081,-1.189974746550133,-0.16100131812695928,-0.8305464489711458,-1.188895208100683,-0.2078603270180779,-0.9988195047791616,-1.114270897086001,-0.22702443563552793,-0.2974793587864908,-0.8068054603002544,-0.18178591755173854,-0.5443763669365427,-1.0220933186706096,-0.2319451841139873,-0.732228908789047,-1.0504590771516087,-0.25227976961727616,-0.8751724080051417,-1.024197689229166,-0.2587284314473521
C,0.0,0.0,0.0,-0.3156241980189896,-0.0051762504289886374,-0.07535556104272821,-0.6368199786471096,-0.15466443281878775,-0.15363901448564948,-0.875809897279909,-0.1888847913934622,-0.2445835965323974,-1.082022886410631,-0.22962644318380562,-0.33278930939201845,-0.5478259593225536,-0.8353883235781585,-0.04116069255777032,-0.6952749345350266,-1.2156835845827643,-0.18233899401018602,-0.846542806694093,-1.3191206312560564,-0.3071000395683583,-0.9846743722866997,-1.3078576353141815,-0.3843054508478963,-0.43884135575273636,-0.893858369996307,-0.09184486304984874,-0.6052926840399204,-1.3140109975756553,-0.24209728275706313,-0.7938820187362199,-1.3877215860093102,-0.3517483268322162,-0.9640422419469944,-1.3425130379906596,-0.40658676765430823,-0.3031058089535856,-0.8963494988421428,-0.16430661703203647,-0.49791780321465834,-1.3001593800202653,-0.2845904288522939,-0.6983845765607427,-1.3848482299174811,-0.3563339865262429,-0.8794079959420634,-1.3715187248521377,-0.3873380517455887,-0.14502615087189535,-0.8404261779601563,-0.2478165688948239,-0.32135026000338385,-1.117639416871125,-0.3400306542072663,-0.4919262670339559,-1.232812726312695,-0.39092401345168526,-0.6549792476249436,-1.2817856666654583,-0.4156154467837431
C,0.0,0.0,0.0,-0.3015845962270488,-0.022393654687828068,-0.1084774359169723,-0.603442845726084,-0.15220038336084213,-0.21554896390349648,-0.8354764414598104,-0.18533172924210983,-0.32794640774877715,-1.0298322276346292,-0.2492325108783553,-0.43754182594653607,-0.5471484873685605,-0.8422582480859768,-0.10158808274228488,-0.6554534231681636,-1.246073977683101,-0.2627338121675618,-0.7927452900394425,-1.3252973109746913,-0.4000333990272115,-0.9209141622323129,-1.2893473567077238,-0.4790637326095318,-0.4075487502895873,-0.9035957904255253,-0.13197978505311267,-0.5496658130502101,-1.3381312837471886,-0.2918741272187103,-0.7115466555128686,-1.3942475744782117,-0.41124360937728155,-0.859992889792022,-1.3161678152534444,-0.4694919628176729,-0.24320482522146358,-0.8989799484313423,-0.18348433503377481,-0.39951142976522097,-1.2997585736561137,-0.3019532576936625,-0.5699539424886946,-1.3921004019231833,-0.38203584600668283,-0.7348776793149837,-1.3825386884319655,-0.41896291209122805,-0.056611893668670116,-0.8243844434316684,-0.2463865844241835,-0.2028315207756115,-1.1109175002267053,-0.33537301116679624,-0.3500169590592588,-1.2307558954947075,-0.3859944732014035,-0.49881140544545344,-1.2870804227541537,-0.4095378982625103
C,0.0,0.0,0.0,-0.31598761883132936,-0.015433049587006665,-0.10322837899376895,-0.6181561319081966,-0.1420400939669349,-0.2059664862281953,-0.8414913007588323,-0.18483818599365656,-0.31681048947619533,-1.0342060621460134,-0.24363732672926464,-0.42726558530990516,-0.5679547970895169,-0.8311818760191207,-0.09547687446973936,-0.6718045715671827,-1.2177892147692029,-0.24318239991456286,-0.7867076651147334,-1.3163828914405333,-0.37030985945038714,-0.903362891546727,-1.3181614988603176,-0.44773431214006004,-0.4218572800167814,-0.8971935225534285,-0.13069130952367547,-0.5562157474413454,-1.3314917282519332,-0.2865708790935244,-0.7073335985606106,-1.3918359188587985,-0.40651398709503234,-0.8557939679126064,-1.3311684180173038,-0.46750402098309224,-0.25422653917202065,-0.8949795895354662,-0.18560726770331806,-0.40965853616403775,-1.2884133471105126,-0.30740578685474285,-0.5774888388471707,-1.37074383706014,-0.39311699474166,-0.7455965224574083,-1.3611429069878156,-0.43362413692033386,-0.07032358619578122,-0.8184240581719422,-0.2512207808488983,-0.2123400135326378,-1.1048790319824424,-0.34488826351177543,-0.3541857603424041,-1.2288882625819513,-0.4018419085129285,-0.5026104291846208,-1.296886100960883,-0.43123621405836343
C,0.0,0.0,0.0,-0.31358201460982743,-0.01849563515505383,-0.10626438972504851,-0.6058975494215444,-0.14678011287309128,-0.21526614534762847,-0.8254058272397704,-0.18943231583813513,-0.3324510023763664,-1.0207161753349627,-0.24212961247529835,-0.4505373977853809,-0.546968727494874,-0.8517287504660932,-0.1009285453131932,-0.6411719976922019,-1.2445746166955045,-0.2533528758364222,-0.7534675739510521,-1.346076650421577,-0.3888544777463007,-0.8684944488287807,-1.3453881258934746,-0.4715068284299385,-0.3978705316024805,-0.9071465512716576,-0.1370553705562004,-0.5270016170626184,-1.3494594496122483,-0.29620401951493386,-0.6768515909452565,-1.41255170117625,-0.4245113219471813,-0.8239484755426323,-1.3506133461034475,-0.49051928573260684,-0.22624865552088316,-0.8921173470777946,-0.19197313357581525,-0.36879774733776705,-1.306561899884956,-0.3147898438169655,-0.5329034576403544,-1.3935988655579934,-0.40352751551577315,-0.6997015258339303,-1.380612132806762,-0.4452333881751958,-0.03579964368359545,-0.8007408105474894,-0.25727232062815425,-0.16890550810450047,-1.1009230785719388,-0.350325124346584,-0.30660476429296,-1.2248501291921992,-0.4042979568082447,-0.4516377903121791,-1.2848122927659544,-0.43030289771770613
C,0.0,0.0,0.0,-0.3007972091234517,-0.02625428335647142,-0.12876052376648653,-0.5634063697283995,-0.14636826747233042,-0.2402855898488941,-0.7559543797761817,-0.21952046218758314,-0.35033518541090486,-0.9268005904259271,-0.31259811612181626,-0.4576962143970461,-0.504977349362604,-0.8798255356172741,-0.10343268885487819,-0.55063586344342,-1.2310580302175662,-0.22488888991626468,-0.6204372160860705,-1.3627301643645346,-0.3397452571048056,-0.7122995545600231,-1.4167204771562965,-0.4153148428429727,-0.34233038538493765,-0.9324840014411448,-0.11525404243891472,-0.40891661128346407,-1.298221301366125,-0.22030020670010267,-0.4826439124583424,-1.4137412705922032,-0.32288706635102854,-0.5790275101610195,-1.4694051676714597,-0.39145282276532717,-0.16461371378299355,-0.9146032518101663,-0.1478244074880323,-0.2354358905956396,-1.271029867951953,-0.23136840398708647,-0.31460221315287495,-1.4074848959909674,-0.305305017994702,-0.4185415831957646,-1.4802530061224675,-0.35282176063886295,0.030542071403573637,-0.8243657217387365,-0.19427851441645044,-0.04542585923199651,-1.1341078975496937,-0.26505498934733557,-0.12891099048284335,-1.2948310712357842,-0.3142035812644441,-0.23369199964549736,-1.414628420265728,-0.3454099689967575
C,0.0,0.0,0.0,-0.29493667860325923,-0.03550048374646578,-0.10948016730620351,-0.5475239437150147,-0.16405713503579475,-0.20630570152730868,-0.7300790858518549,-0.2239890438476094,-0.3040289112505009,-0.8962779831146396,-0.29618587218932635,-0.39910686751842167,-0.5024088755981307,-0.8827324741231383,-0.07176828060162506,-0.5598796295261022,-1.2110085537070845,-0.18104071345089284,-0.6331358674114081,-1.3414307438954063,-0.2900148540364182,-0.7255480169946428,-1.398044048286816,-0.36389875786284664,-0.34450694221148653,-0.9342308671258099,-0.09234529591402396,-0.41765812466712815,-1.2729189058164394,-0.18821494773639794,-0.5019343148641294,-1.3890410797224326,-0.28498469641744545,-0.6081505869007787,-1.4481179540650342,-0.3501844960403614,-0.1679234566053027,-0.9114382665121035,-0.13311602893579863,-0.24498724942130057,-1.247602358567826,-0.21240940689664048,-0.3304665456691331,-1.3790974424257667,-0.2789791786300055,-0.43872878226127754,-1.455198025880895,-0.32125719669301606,0.024794087678864735,-0.8128559217365957,-0.1867317316085556,-0.045889298457724964,-1.1035382579496709,-0.25346424366148457,-0.12893440807377365,-1.2587027124966685,-0.2957048281805917,-0.2333915048025749,-1.378204370645813,-0.32182546707153364
C,0.0,0.0,0.0,-0.29730288156416457,-0.02953674865679049,-0.11136472109586218,-0.5526575549001492,-0.15380197275912266,-0.20757171206239045,-0.7400079058494945,-0.210700547970693,-0.304060806627091,-0.911765421782009,-0.27771539766777054,-0.39807856679356907,-0.5176766088405853,-0.8728042104555708,-0.07025433333526462,-0.5812741518896428,-1.2027892570902448,-0.17404331111201357,-0.6555974750119025,-1.3352005003982936,-0.27957889896847954,-0.7489409284189359,-1.390882561589455,-0.35150937327356085,-0.35908489305603714,-0.9290957772344269,-0.08853855829010669,-0.44048315566968166,-1.2694878670805636,-0.17718978881659928,-0.5233619315282974,-1.386525026148093,-0.27059348608754263,-0.6278303102606516,-1.4418642779035005,-0.3338386555972703,-0.17952926154972035,-0.9086057216418003,-0.1270857350778535,-0.2660071369389527,-1.245748113882223,-0.2012948882743945,-0.34956134327675437,-1.3753780259727424,-0.2671516324060621,-0.4554337224254705,-1.4489082526731243,-0.3095423364968262,0.01589768769687749,-0.8122619864685277,-0.17855053850869496,-0.06036003155964956,-1.0990584380529969,-0.24298389181557542,-0.14368190259804475,-1.2496585586958362,-0.28451819660570055,-0.2465782723269342,-1.365385610374279,-0.31024945587271757
C,0.0,0.0,0.0,-0.35761842164839863,0.03130679198700869,-0.08877827752162276,-0.6974808646477912,-0.11776323470922037,-0.17007253488186033,-0.9691000494668524,-0.1528102510352378,-0.26140808781546543,-1.1905597548643396,-0.20513952467818397,-0.35063713828996057,-0.6247924446475311,-0.7784247046314573,-0.04841986197627462,-0.776362365293001,-1.1400647402538937,-0.17628345063322784,-0.9424313781653977,-1.2634280677181975,-0.2928201918594176,-1.1013527598181472,-1.2924451717574674,-0.3675760208108007,-0.5192115414405776,-0.8503942849139999,-0.08514068017408583,-0.7177438451565811,-1.2462648679028652,-0.20675008498084174,-0.9178913170154039,-1.3407379884367123,-0.3098031591048393,-1.0972523316595582,-1.331391399656847,-0.3706719339646982,-0.3893420716831399,-0.8640215082903407,-0.1432033394938162,-0.5941126121816609,-1.262136623089377,-0.24486063688295193,-0.8042117859693771,-1.3574666649560503,-0.3208720311941273,-0.9939409424777725,-1.3511315306283354,-0.3609072066679216,-0.24581935105340214,-0.8090056535183017,-0.21254423414656085,-0.44379995547754697,-1.1043216713351354,-0.29724361183533204,-0.6272427922791628,-1.2140373924443348,-0.34775668367440027,-0.7966199103407873,-1.2439580373473462,-0.37388256670419917
C,0.0,0.0,0.0,-0.35437146344458104,0.023648689866951293,-0.06491436825298744,-0.6852820778562486,-0.14135586079002735,-0.13347444189438656,-0.9517806978296983,-0.1846258265239115,-0.2185336928946108,-1.164084062120076,-0.24436228438970564,-0.30031266834852277,-0.5812438611474664,-0.8103807958408508,-0.0146284907159592,-0.7242343673634714,-1.190098583734813,-0.1404948010264377,-0.9046748460999674,-1.2927812533124665,-0.25177916482726903,-1.069588651403098,-1.2950364699562387,-0.3184372347999689,-0.48971846597325136,-0.8697043930730537,-0.06156372920995546,-0.6838879178601077,-1.2986521499579844,-0.1793178347361928,-0.9048055357969315,-1.3745742604971654,-0.2732204688407948,-1.0853220112067405,-1.348679981597347,-0.32268109080791013,-0.3766294756427401,-0.8732818698953579,-0.13008931244739483,-0.5774325562858447,-1.2957414364015396,-0.22843435923217714,-0.8094917781530384,-1.3779849952923084,-0.3005280861425195,-1.006908807556618,-1.363505683019723,-0.3339166919713434,-0.2545464531420029,-0.8089860213163543,-0.20861460350904965,-0.46443082898183297,-1.1074270058443474,-0.28832434676548635,-0.6573298459148155,-1.2129309751027015,-0.3354779268641713,-0.8294174503987937,-1.245584246543317,-0.35700966896736747
C,0.0,0.0,0.0,-0.2996529988705901,-0.07398184051821495,-0.004546501041806869,-0.5135752330213494,-0.2639842858404806,-0.05116446380701081,-0.7051419114333206,-0.3445483622937374,-0.12737150548627352,-0.8642748690723527,-0.4173160831178797,-0.20281620365639133,-0.2935685207809747,-0.9544785145913958,0.04726887423502915,-0.4811958162587341,-1.2542057694249842,-0.057560067658649114,-0.6845173177105031,-1.2818773928325464,-0.15278254012542156,-0.8482154556167736,-1.2267499740967913,-0.2048501534232532,-0.24876615080681608,-0.9684361199541136,-0.01571253579095733,-0.4884380280892107,-1.3064351236609124,-0.08508483276672693,-0.7207977749591465,-1.3190078900127573,-0.14236326176124667,-0.87736560546516,-1.2468327421830572,-0.17673260387340883,-0.22885687796120086,-0.9184857991993713,-0.09675319553769186,-0.46641280728862117,-1.2582849895231605,-0.16400028696088054,-0.69765593878973,-1.2741968452765662,-0.19403465530324254,-0.8561240626665891,-1.198068434893402,-0.2043395135562084,-0.2448267678726043,-0.8194520266597973,-0.18389459584198964,-0.4576152106257122,-1.1021991287956743,-0.23106244330098827,-0.631849541001451,-1.1483350699370933,-0.24064692762786788,-0.7631830092405614,-1.1159855811034902,-0.23903244597908896
C,0.0,0.0,0.0,0.4425618837419909,0.006941659605806431,-0.028249261269509697,0.781478266163047,-0.11512045149162338,-0.02215205317817815,1.0198547298863927,-0.1871121944172173,-0.04049010752501191,1.1987329235122692,-0.34481184771209733,-0.05857715230326995,0.6931754835218514,-0.7153563735483991,0.1419203065506338,0.8934533102813712,-1.0142154143963038,0.05539274018963266,1.0520785618168456,-1.0377570768690783,-0.03748437307579486,1.196717099367038,-0.9987302240754512,-0.10107631897939513,0.600849746725773,-0.7954255293395692,0.07923262670415895,0.8042035212592827,-1.1571091417694988,-0.014034280943302758,0.9923900490752385,-1.191349265271827,-0.12619298721504119,1.147150710602842,-1.1256695582624725,-0.2060015059094759,0.48175411208229113,-0.8499439294564083,-0.013613640784884508,0.6802328136887721,-1.2355666104919036,-0.1247318933253302,0.8785140742807963,-1.3058853399730297,-0.22439294476118765,1.0282551345630238,-1.2664074204678717,-0.283449683650665,0.3437162464010535,-0.8789462569559067,-0.11504030434410897,0.5031161173710864,-1.2142676610573937,-0.2023545263757536,0.6683518567350412,-1.337988295373325,-0.26689735830139255,0.8176393262018596,-1.3724236162422183,-0.31393793708034073
C,0.0,0.0,0.0,0.40767509455737,-0.028551875442834055,0.00609465151683943,0.6957385200394317,-0.1713878317588629,0.028313815415908043,0.915275688389453,-0.2309508037311665,0.01894921553803692,1.0992109064169062,-0.37914059876885847,0.009059173889406925,0.5981599077314885,-0.7788521908852006,0.21701146323465823,0.7793352909639467,-1.0688646721843058,0.16226986308768757,0.9325967768976597,-1.1073069287221433,0.08460232077509323,1.0704034957441115,-1.0914956976832049,0.02871447245669358,0.5190589456154956,-0.8428706906963724,0.14193945801485205,0.707448605253422,-1.1797449658622432,0.07748100175900424,0.8911308225838368,-1.223701551367128,-0.02242512927138147,1.045729546191021,-1.1800042123725538,-0.0925058386400071,0.4131318534194742,-0.8869397008401563,0.037408774652640225,0.5939996529780371,-1.2624535640356513,-0.049622774921031516,0.7838429577657825,-1.3176323371670353,-0.1292371779641207,0.9410732506983005,-1.2760232722621505,-0.17430750965017347,0.28275167811071095,-0.9098940603246803,-0.07426854476768313,0.43399866296657236,-1.242016267299805,-0.14843077713214972,0.5973662368507604,-1.3494316734352572,-0.19738786031365663,0.7627140050993199,-1.371719903356451,-0.23074708844659864
C,0.0,0.0,0.0,0.35316232846527396,0.038140876486007974,-0.11042945459133167,0.7154539549867844,-0.060584312442725066,-0.13991618252715532,0.9742404118302496,-0.13111816469839946,-0.1689906097903281,1.1629350923960016,-0.3054173467930445,-0.19893742268524736,0.6641886625916638,-0.7377245595047819,-0.011407852869141746,0.8176028132871753,-1.107441775122028,-0.10522348953921631,0.9386172319919611,-1.2138712472651927,-0.19239087272949737,1.0345450715012903,-1.2398682728985324,-0.250412568784487,0.5417966138927728,-0.8400378496177106,-0.028157421472471796,0.7040655226887734,-1.2206917437248404,-0.12120475982821122,0.8549206177076483,-1.313528155598117,-0.21761421975126255,0.9633472835761129,-1.3001026313504427,-0.2872793497991094,0.3910762780939456,-0.8916869684092271,-0.07188240025800781,0.5578433693108864,-1.270788301176987,-0.1787131770957988,0.7217285670448976,-1.378969917081625,-0.2653460541825117,0.8517957741674376,-1.373313407950153,-0.31945535044245926,0.21406287548901146,-0.9119791870605494,-0.1285932810084053,0.3459094338578311,-1.2295960778798591,-0.22617661151543883,0.49960981094551704,-1.3583808812051164,-0.2915713533523853,0.6519332427912323,-1.3966301311289269,-0.3378302631174937
C,0.0,0.0,0.0,0.30393617746642904,-0.09376396218715236,0.07555961717769584,0.5095306437441404,-0.2924626483747765,0.09888984460683067,0.7124765552423747,-0.37683275333586685,0.07720308816488404,0.8829153423084792,-0.5147666397773809,0.05918196958955154,0.2641695156850285,-0.9081744190636256,0.2542263737425801,0.3872090393149096,-1.2232913242956804,0.24090185432730976,0.5786586071034016,-1.2963178693613124,0.1990594123435127,0.7287613331272341,-1.2774942445355886,0.1722338793803393,0.20436610088351664,-0.9660396208680281,0.15812004212883515,0.371597828024775,-1.332954357304462,0.14755017164440284,0.591993792558537,-1.3791887985878493,0.10067318382238513,0.7636541912329757,-1.3025938660538325,0.07151267353360674,0.16840836841935047,-0.9683281659158419,0.0440278537028253,0.34243119196985783,-1.3510544210474447,0.024448870435167875,0.5743349487040282,-1.3939486210433458,-0.00214123990856313,0.7485457251732397,-1.3195242893943104,-0.015700001832446187,0.1620701051157259,-0.9060295155102114,-0.07307223518068459,0.33708211120507453,-1.2265868423426511,-0.09138246417925265,0.517168022467011,-1.318105335457661,-0.09500215365212356,0.6688629123258427,-1.3152255870573242,-0.09337879473914044
C,0.0,0.0,0.0,0.2931917036809096,-0.11092951124652192,0.09307817018186279,0.4770604013522718,-0.3082626737333024,0.11950877772091416,0.6655410057897785,-0.39991834628195416,0.09938853558158615,0.8257603537134496,-0.5191792811428897,0.08384835288675858,0.17539294907461342,-0.9380421391982526,0.25923634445689747,0.33902047865430757,-1.2265882211713448,0.25995012732007533,0.5350907779894243,-1.2891385902904988,0.22894188530912646,0.6794504139653715,-1.2740782588275898,0.20688894978338487,0.122673927349703,-0.9789210757395506,0.16329309544962678,0.33348504845106314,-1.3178767059329606,0.1616239809401663,0.5525354833203872,-1.3438580188505134,0.12483506381527186,0.7129740957023161,-1.276949582839295,0.10344037145760895,0.11799869750865322,-0.9535115087818287,0.05430883757866542,0.3282344351912781,-1.2962446987161327,0.050812462211384135,0.5525429146880413,-1.3264603266980781,0.040668447356680126,0.7085091735658777,-1.2594674077703707,0.03682821234102179,0.16435243993812249,-0.8589977322334039,-0.056849432676103935,0.3518387273835084,-1.163040171388395,-0.05987426820950089,0.5244066616006403,-1.2541273051990456,-0.051888334744196365,0.6600730836948024,-1.2574578095068525,-0.04302492787595909
C,0.0,0.0,0.0,0.2967492732433995,-0.11790549269266075,0.1197269483331066,0.47933771060298674,-0.31246864662698676,0.16412898790094782,0.663950028262051,-0.4045940094554886,0.15750711875653706,0.8173653922446505,-0.5277160861570591,0.154657494275642,0.16823593192134284,-0.9316285432981698,0.3079101830185896,0.3339121029417164,-1.2237984090722833,0.33101106668014424,0.5307490841188343,-1.2890174695479888,0.3136742119872536,0.6724299565688272,-1.2772099069516527,0.29960609175921593,0.12002792484525776,-0.9715088795843912,0.2043619195105141,0.3299138926778238,-1.3171954592974504,0.22041301357075307,0.5506169652225045,-1.3455692983142897,0.19094718552427417,0.7070461185718001,-1.2769245221104777,0.17563724922498006,0.11865400068131443,-0.9474396475235634,0.08932675934028013,0.32080870500061565,-1.2987927627849565,0.10307218497129253,0.548701045067615,-1.3349275798356115,0.10312360716434356,0.70576768856625,-1.270195712053055,0.1064243494207927,0.16859654389304207,-0.8493596986229699,-0.026494637537437013,0.3490541208389262,-1.1714711383820928,-0.01786897014068784,0.5284642021335683,-1.2584298595488908,-0.0024271929601100283,0.6677331022610576,-1.2532273879771818,0.012829035378445352
C,0.0,0.0,0.0,0.3032447436315765,-0.12743816385571427,0.1159973876835781,0.48764697074497604,-0.31753601028102135,0.15597500613652843,0.6765938093986008,-0.407101965327004,0.14563684124707002,0.8240614760162396,-0.5463532072360182,0.13973036124645957,0.17132976947976036,-0.9350758017634132,0.30018085445664516,0.3345897742838898,-1.2407689061658034,0.3199324626242578,0.5321289154661427,-1.30166048339532,0.30075236424714186,0.6747178831595705,-1.2877128663482718,0.28624657729454056,0.12291979922775267,-0.9724061515298605,0.1982851467576296,0.3290268455089434,-1.3332825429266981,0.21244968450011023,0.545757555795336,-1.3556755270145295,0.18238681747941143,0.6956929043740755,-1.2831223718999514,0.16744913699525119,0.12161256920466597,-0.9459735039950081,0.08486564762526344,0.31905789833469017,-1.3068793297102463,0.10106814792307686,0.5436371043496994,-1.3406753576298076,0.10393817104525678,0.6959763867668003,-1.2745480132873537,0.10921301339639172,0.17353742206119352,-0.8412438380839921,-0.029942143957870256,0.35303446723396015,-1.1656707843289764,-0.013896184406133109,0.5268428581674889,-1.2601968155323953,0.006677493556274284,0.65967875658873,-1.265666876671746,0.02480924212676316
C,0.0,0.0,0.0,0.29055759832256567,-0.11498346747483701,0.07201756095649271,0.4703343459196569,-0.33087696536055733,0.08965928985698615,0.6627845564106067,-0.43061769601178024,0.06724426078722406,0.8212184137008618,-0.5500254210212718,0.05133487313450188,0.13459859773086275,-0.9561839430213903,0.20554352465989312,0.3195721759180985,-1.2615519320379478,0.1871686952874541,0.5255645036784423,-1.3185302547464397,0.15181494954347327,0.6721781001968409,-1.2985576227375197,0.13050022988346285,0.08540983527071075,-0.9888139517320295,0.12227889801236268,0.32477990232804205,-1.3416774135696563,0.0985385212328377,0.5509264062657379,-1.362957226985147,0.06004733903568513,0.709379440198839,-1.2988737996175037,0.043403137295721705,0.09206619063879694,-0.9502796765675721,0.026964750162792418,0.31715108513760876,-1.3194140444062048,0.0076731310354529415,0.5500798604991037,-1.3539970594787707,-0.002516469083800969,0.7105995342893441,-1.2917297869763795,-0.000385209741056175,0.15505904549747251,-0.8410706766168756,-0.07079130938837429,0.3464083027347735,-1.172221978909389,-0.08321888829788818,0.5224547178443331,-1.2758068340280075,-0.07713671291733451,0.6605987360954485,-1.287762599177,-0.06595588818831555
C,0.0,0.0,0.0,0.2666267018103947,-0.10059446721980532,0.060740411194750266,0.4539575275967825,-0.32088922302287953,0.0647384574143189,0.6581621091587663,-0.42248429435917867,0.031956814594444216,0.8309529220039791,-0.5356265672237515,0.006056321376937023,0.0850203050049744,-0.9657390719926056,0.15792276295487806,0.2970660358003586,-1.2918089174114016,0.1254406851599993,0.5098059221584846,-1.3428022234501695,0.08121483329942689,0.663502164810959,-1.3242426255899127,0.054898105364935085,0.03651492451056544,-0.9963845941038594,0.07670984891443361,0.3008161760160735,-1.3726384946892631,0.03809545594654717,0.5413705399049785,-1.3914981237688584,-0.007366341575953615,0.7030502799360284,-1.3073443672647374,-0.02818582888279325,0.0486394361100495,-0.9588496051185458,-0.013674537680219576,0.2978639521597882,-1.342822058847448,-0.03859380249526305,0.5448234825295376,-1.3886141570149726,-0.051578223883984996,0.7152978043354412,-1.3242374583855796,-0.05226538913602616,0.12339813169061299,-0.8531985284068172,-0.10653815099742105,0.3313089322314808,-1.1981507552726751,-0.11631450159555465,0.5102107976205809,-1.2994407948693134,-0.10583356726625719,0.6456840607724951,-1.3043773918735013,-0.09271507723970636
C,0.0,0.0,0.0,0.41924957151527714,0.1450873020591783,-0.1264624964872276,0.8220748943274107,0.08756701976708728,-0.123485387630973,1.1401073421116064,-0.03133926930972609,-0.12059761316678252,1.3510805691503596,-0.1997468717693595,-0.11332761203016757,0.8209444319809864,-0.5083714422919898,0.08822407476602662,1.0510670090880108,-0.8290975030801464,0.025193500607182475,1.168158542423332,-0.9417639659545068,-0.06053482805122586,1.2758924993935203,-0.9954161093109377,-0.13038004347840856,0.7069716548262738,-0.7017119918917046,0.08826867908593815,0.9312263305590671,-1.0391523363518347,-0.004499911189023487,1.0953612742739303,-1.125311534629569,-0.13475720233551747,1.2022368967473942,-1.1412061148932782,-0.22954431217473456,0.5672150405674273,-0.8245534206982262,0.054656821563003256,0.7982894112367477,-1.1415343785433967,-0.07277772042423612,0.9459156007424605,-1.1922963329926084,-0.1901463991236764,1.0420471529415258,-1.1671461865817314,-0.2598618445256753,0.41884032342190225,-0.9058489246981081,0.0073488394715475105,0.5703450641488368,-1.2068732309733716,-0.11368183094284531,0.7025048346212739,-1.3131228084898365,-0.20125491196795273,0.8334809243988612,-1.3252255059768772,-0.26145960219995756
C,0.0,0.0,0.0,0.46070517792227317,0.10385994771449264,-0.07015759277806978,0.8745034167270385,0.05420563420137465,-0.07263348939436351,1.156703390780933,-0.06262936703040177,-0.0852252652089185,1.3113262576404843,-0.3038315932748163,-0.10466486327437612,0.8142094437161825,-0.593068686721032,0.06681334407924706,1.0017800357011368,-0.9619282003083339,-0.011508285458321884,1.1349966227425505,-1.0876442502497525,-0.10039174441828029,1.2646486722856678,-1.1498473457828207,-0.1701030846223651,0.6765671051644057,-0.7360283928809348,0.02278501881861185,0.8683790022031922,-1.1390368351274371,-0.06341904809443785,1.0452709686369104,-1.2623541176875768,-0.17652456177933573,1.2078188242506325,-1.3009016072593695,-0.26664902916054517,0.5004723370834359,-0.8381663407696842,-0.04842359734361751,0.7007566745181221,-1.2395097335763252,-0.1645445610334208,0.8881058879354004,-1.362500300764827,-0.2633713042964103,1.056611588899224,-1.392197143712674,-0.3292650952784548,0.29799412519712837,-0.915204583626583,-0.12854964235214705,0.4711276873114373,-1.2521216748588135,-0.23059906022374563,0.6451662467231994,-1.397343553113557,-0.2956277566458133,0.8189643727389265,-1.4646493818117188,-0.3461636235945272
C,0.0,0.0,0.0,0.4757052333199097,0.08106214919546281,-0.07353797072139023,0.8714655003978329,-0.02296524658718008,-0.062386643557143705,1.142798917968659,-0.1568284445081461,-0.06854134180313612,1.3372651046699544,-0.33577368259669227,-0.0717562206531183,0.8508020015588392,-0.4888279465774985,0.13551954936069005,1.0953348898425472,-0.7570662849291605,0.04768452211858744,1.206227458603217,-0.8386615082176989,-0.05677874371970748,1.2745919184627204,-0.8570039219161993,-0.13076268467060922,0.7231037437243787,-0.6841312230756618,0.09531760291146364,0.9566451186727208,-1.0327794225029125,-0.02641596026204464,1.1108028101423728,-1.1367201987292945,-0.17372166107394083,1.1889578714686229,-1.1488422517736476,-0.27058279619486286,0.5581038056460589,-0.8236568879149967,0.0215710558623796,0.7933672551211438,-1.1887291121111794,-0.11796696272983688,0.9663747176441493,-1.268523166951349,-0.2473494177246661,1.0803593753055851,-1.243257069711502,-0.32284683357473315,0.3690490984722639,-0.9205662294604258,-0.06227837534164772,0.5195042275402071,-1.239531232664929,-0.18523780085290795,0.6867677868071392,-1.3550461359278787,-0.27928088483491653,0.8501225015415438,-1.3670398046356793,-0.34446606309303346
C,0.0,0.0,0.0,0.37824659926546345,-0.04510204094742652,-0.023774529771468385,0.6551936225944605,-0.18951351669482402,-0.027258411244507466,0.8762203913766738,-0.2600973345804476,-0.054215316154861304,1.0560945571629012,-0.42755998193891104,-0.07980544628310657,0.5507235415584504,-0.8251936020917914,0.13570180394662168,0.7011327365751132,-1.1508327543256633,0.05927012106192001,0.8605078936396221,-1.173841071436876,-0.025724469224482887,1.0027155016684537,-1.125408480665401,-0.08262680321625065,0.47190993096322364,-0.8782948767198867,0.07680577182663101,0.6298979124337577,-1.2555223850604968,-0.0015440076515393281,0.818873336746136,-1.2772777312216488,-0.0968314890323789,0.9720916396788672,-1.1956918621210557,-0.16201606074766914,0.36903520194510364,-0.8978048654556086,-0.008934814307535165,0.5279224000229611,-1.30296659274937,-0.09998459302131343,0.7170383980132019,-1.3501462125707846,-0.1696969337171142,0.8643355920564477,-1.2822422112120755,-0.2066685161379838,0.2448980445003429,-0.8782542058888159,-0.10350969408593771,0.38735982247681766,-1.215980328777678,-0.17757802181803906,0.5538654769914253,-1.322761550261186,-0.221411010004685,0.7117539195599648,-1.3357687553355293,-0.24932414290615712
C,0.0,0.0,0.0,0.37809477435977445,-0.056983414890204295,-0.0031452748351513014,0.644097660837433,-0.20798373561110825,-0.003170747149152448,0.865494595250959,-0.2698629626426763,-0.031727020435132834,1.0509758655299548,-0.4247215975350067,-0.06010725637222459,0.5343768741771533,-0.8386372046306482,0.1530464225690577,0.6957630176349135,-1.1634285554843542,0.08260644237391465,0.8507522207702817,-1.1880381844342105,0.0019230446675398995,0.9897356548407833,-1.1450543959570225,-0.05304734901891004,0.45707920927777423,-0.885662283536807,0.08173687029959713,0.6191831618169821,-1.264750325309448,0.006928384900104524,0.807742047568549,-1.2918759907488446,-0.08616596692318551,0.9624592711803576,-1.213293245190308,-0.15093791869597462,0.3559574483149392,-0.902897020541851,-0.015151154673024253,0.5148066372566794,-1.3084009605919085,-0.09966362282225673,0.7048150564025795,-1.3634664228684663,-0.16677060577500127,0.8550788638023757,-1.3040234456422848,-0.2046777857556089,0.2375721711184045,-0.8796971671822194,-0.11954958414564018,0.37954846425180977,-1.2216854851270664,-0.18753722504904666,0.5445440289914135,-1.3308314100833971,-0.22810927350349464,0.7016234986777795,-1.345004525096159,-0.25554355889728253
C,0.0,0.0,0.0,0.37667582336767125,-0.050217196282981914,0.01289412230117669,0.6428241892861869,-0.2036445983591255,0.02234178555011716,0.853277924792749,-0.27490950404281617,0.0013925445733021945,1.0332958920992785,-0.4254875270395322,-0.01911404607138248,0.5140673910926388,-0.8384966925090694,0.17182683516505493,0.6643630536711251,-1.160408242906215,0.11366020865103336,0.8259707637244028,-1.1917313656377044,0.04291805009979248,0.9670853721461535,-1.1482786479130318,-0.005568039235076647,0.4376518017988214,-0.8941743186486099,0.09440968303907922,0.5969199029603849,-1.276793000980436,0.02647505012373568,0.7934032862369501,-1.2975600503901565,-0.061804148747499094,0.9418363545129979,-1.2036506446299877,-0.12127889603903345,0.3407218107848754,-0.9125460925485057,-0.007169603273007423,0.4955547502202252,-1.3252831001632612,-0.08917417528217812,0.6936273169980592,-1.3591160535029378,-0.15631154554554608,0.8401906312780205,-1.2744665480257995,-0.1925484107755098,0.2304223000822272,-0.8842697774487781,-0.11416271990432555,0.37274067674657607,-1.2266619000135672,-0.18175953553997876,0.5403577861668466,-1.3240249629970262,-0.22235513276646737,0.6965642233323294,-1.3230379992276962,-0.2487777360586878
C,0.0,0.0,0.0,0.38885972152084447,-0.049442524164448436,0.003060956456674637,0.6618042992790154,-0.19960243812727005,0.011556603298455892,0.8789735980256539,-0.26870200667642574,-0.009741391951218611,1.057193994307767,-0.4289360069228985,-0.03125971495491293,0.5499331537235249,-0.8283131391650106,0.17860705109479838,0.6958382184000365,-1.1540902894803593,0.11680037493351703,0.8483168171263858,-1.186019489608579,0.0367700670597911,0.988675744576209,-1.1498935811039006,-0.01973759190125963,0.4715659783126156,-0.8754812162147312,0.1056322306554253,0.6301787138710289,-1.239855353984356,0.04147366045995135,0.8159728664704381,-1.2743962907291737,-0.0524982693906108,0.9692991127163437,-1.2067367930698298,-0.12032069024784377,0.36996157851534583,-0.8935149194503128,0.006145805628564707,0.5283581815610509,-1.281362546763256,-0.07286438573149703,0.7167810435892511,-1.3375865219269019,-0.14271370907456735,0.8661778129698159,-1.2848251810123836,-0.18345683189182244,0.25127007088589703,-0.8742927582375837,-0.10069112511691915,0.39802197055372157,-1.2073925936430598,-0.16607614180619185,0.5611945243324167,-1.3201852365073274,-0.2077469348898502,0.7169507717111774,-1.3420543438938632,-0.23663095972414788
C,0.0,0.0,0.0,0.3947398243865796,-0.05983849557981604,0.01464326656409128,0.659645561522241,-0.20717765193278162,0.019999444969787752,0.8744834708306072,-0.2741052449533242,-0.010176106829618009,1.065305913596204,-0.4347860080071872,-0.040575644567252635,0.5233753105672231,-0.8358108357442124,0.20681648198631244,0.6726197695726003,-1.163969371530913,0.14711664730691631,0.8394837450974292,-1.1913320884227085,0.06412246579741365,0.987860558034861,-1.1470903971240776,0.005816362580518442,0.4480209766438678,-0.8855320898628031,0.1229232374707533,0.6114233441649465,-1.2702640037327837,0.05753821050129325,0.8161680684104123,-1.294587446031721,-0.042754860843735795,0.9722418516596784,-1.2025201088974369,-0.11354330382940922,0.3527157649865239,-0.9096424355586676,0.012103028994998214,0.5142327122888812,-1.3146742693450502,-0.062480714758504426,0.7148517642216106,-1.3504258472885644,-0.13139266891214801,0.8646694477034931,-1.2736256161106607,-0.17186613411140025,0.24201293243561856,-0.8886278251815807,-0.10611745047313786,0.38882320707615553,-1.2299844371433515,-0.1639232364961671,0.55935407785462,-1.3274171589682322,-0.20031615757021234,0.7169119074975693,-1.331453786702094,-0.22633176103714836
C,0.0,0.0,0.0,0.29271818693679297,-0.14422853536503308,0.09366162865346957,0.46919406981011363,-0.350262215064196,0.10636512725694104,0.662332937824028,-0.444809220756436,0.07275474038805459,0.8359810982763388,-0.5538453208924198,0.04254384696350531,0.12446666470494358,-0.9524628886967575,0.21598152534072984,0.34257831228641533,-1.2473075361423314,0.20468509400855917,0.5587670627625106,-1.3116323826788028,0.17492167436649111,0.7162489599542916,-1.3084221614805989,0.15545146539333005,0.07867084363572759,-0.9900405061319061,0.11675056565054442,0.3448021384364158,-1.346049969141618,0.1029571918123662,0.5891462468381354,-1.3794803113138292,0.07269193360477116,0.762339553060728,-1.312840769690502,0.05955596892436513,0.09126744385203367,-0.9490304207623378,0.008076430539368937,0.3378152513588615,-1.3193577709478488,0.0030871360806110667,0.5806346299546884,-1.3693654097024415,0.0059548538378616685,0.7483388579215229,-1.3153706628016497,0.012361327523722135,0.16487947789422647,-0.8320138199401919,-0.10221592933129027,0.36500807794773693,-1.161913749967131,-0.10394156865808594,0.5452433870796775,-1.2662300156137474,-0.0887376297314698,0.6848519588616443,-1.2814957422327664,-0.07263002788975582
C,0.0,0.0,0.0,0.29865993780237116,-0.135938201025524,0.1015753644110847,0.4799657703337392,-0.3429251158488656,0.12909118080348264,0.6729727172608014,-0.4362556734563154,0.10917948205360294,0.8420758555220612,-0.5472063818007016,0.09240200812956557,0.15250831029967726,-0.9398290471675084,0.2459410457989669,0.354657945577414,-1.2277373195479553,0.2446038486011991,0.5631218648187807,-1.2923955404119158,0.21707986247312536,0.7156993455471797,-1.2882454822729277,0.19807259535863786,0.10487070726229024,-0.983609697044307,0.14667685106625922,0.35187621342392245,-1.330982333202921,0.14084153356765358,0.5895711955368427,-1.3603690819091991,0.10701027059539493,0.7567849881568914,-1.2846361349474367,0.09024128062763628,0.1104976441310623,-0.9480200660521525,0.037187134981674426,0.34331005703547746,-1.3061642682708752,0.03523911911688888,0.581112293114193,-1.3443748342599893,0.029663502328088,0.7446346220911888,-1.277983456342507,0.029867661927822385,0.17137993885390618,-0.838934738790995,-0.07331045416078238,0.36797184958767304,-1.1600183386351142,-0.07571435698730808,0.5478180645743774,-1.2503119331673442,-0.06618843995230755,0.6872586103360795,-1.2504086293208814,-0.054541067753732145
C,0.0,0.0,0.0,0.31848072787659437,-0.14216122285305688,0.16617198290656296,0.4958113994097396,-0.3486737150086553,0.2278928150600705,0.6777189650224011,-0.4323584579290926,0.22851324005621568,0.8438596609230377,-0.5342965277985021,0.22854779273129944,0.1660816058186092,-0.9241048686521334,0.3439825005419059,0.3642646081133997,-1.207046626184549,0.3725076742817734,0.5711011776539023,-1.282984475737952,0.35751377461875444,0.7238894346094192,-1.2848096748959408,0.34222413243361127,0.11730720824541575,-0.9700309656965299,0.2127884970658055,0.3588002778160914,-1.3212250229326736,0.22666419204096805,0.6014160589452866,-1.3546984694137822,0.19175050827101076,0.772051774108393,-1.2735284768627881,0.17280713977974782,0.11994289297765237,-0.9404537923642413,0.07399735977908038,0.3430857378800991,-1.3066441278895873,0.08508716708133035,0.5843989499270899,-1.3437884205257928,0.08048389946237813,0.7511643481779731,-1.2831220187537447,0.0792421522689836,0.1755548393010311,-0.8350718056236787,-0.06091293934758879,0.3733316807424515,-1.1566000544044928,-0.05763082643604085,0.5569801503395881,-1.2421236005554759,-0.045805595907739756,0.6974111521608528,-1.2459352446885108,-0.033828986166384765
C,0.0,0.0,0.0,0.4328738411339188,0.06983534403947601,-0.07827969955746149,0.809148491313095,-0.029554123883249957,-0.09522134951169711,1.0789303059857447,-0.13916714107750353,-0.12401056189928833,1.2699730538827132,-0.3420948893548143,-0.1556124224220984,0.7286130380719689,-0.6745711631624136,0.04254791087970379,0.9378135342103251,-1.0484771422165542,-0.064427196158928,1.0853945033057266,-1.1255420580851496,-0.16516470798126,1.201160255267364,-1.120743333476768,-0.23190149967693938,0.6083148339390337,-0.7936951651135348,-0.0010235649098589924,0.8157529155723202,-1.2204262725712083,-0.10974324472524728,1.0075248435533535,-1.284850550062332,-0.2272713384326934,1.1528376286775395,-1.2403903554533533,-0.3116241922866291,0.45815908657582205,-0.8673142023845759,-0.07345580024479881,0.6541039566054292,-1.3081372176671495,-0.19924591307945566,0.8557695565978987,-1.3772040122479203,-0.30242496111940365,1.0078177855668065,-1.3259098445259665,-0.3650935179574629,0.2848798110997502,-0.9129118755920347,-0.15650443773212025,0.4432457663819136,-1.2745604326815334,-0.2607809996928641,0.6164557221257558,-1.3930914598850472,-0.33025971752214023,0.7788429626988058,-1.411093212271005,-0.3805593587499028
C,0.0,0.0,0.0,0.4321633910650169,0.02644927759535102,-0.056815171221859376,0.7908541139486961,-0.07611757623216894,-0.0652606895462881,1.0416717101355144,-0.17354203506249888,-0.09167574790465509,1.2186115257342527,-0.3448642788152725,-0.12158721038490308,0.7226991496849072,-0.6879299413211645,0.08562611658300835,0.9213029695947801,-1.0553660073448987,-0.01223365439329127,1.049189989376577,-1.1281939052812069,-0.11052481348183786,1.1427103510698788,-1.1255571763424552,-0.17521740193266164,0.6094690987499226,-0.7920097337963898,0.03560897696830049,0.8039388209493455,-1.1923108517656025,-0.0705760900090795,0.9704943175994809,-1.2362865869384723,-0.18895249615892531,1.078862428392442,-1.1809583427425057,-0.26918779955944483,0.46652926080535984,-0.8533267632745161,-0.04232989905953624,0.6576487989882361,-1.25657630333318,-0.160109879798893,0.841287405923763,-1.32156260074248,-0.2588877845913743,0.9733732665080143,-1.275156880933789,-0.31685078685571166,0.2980999098690627,-0.8904869330405436,-0.12952076433310844,0.44333793049274106,-1.235743020887489,-0.22772487485014348,0.6082696270362594,-1.3426653011692058,-0.29174657902339424,0.7638326926818426,-1.3560242547833226,-0.33613513763337066
C,0.0,0.0,0.0,0.47757711539628295,0.07456915317219454,-0.062496939665006156,0.8736730182471754,-0.019838670334860305,-0.05520279524554918,1.1424926341350143,-0.15059160259255994,-0.06568017045482649,1.3386422316526818,-0.33196022561654404,-0.07922769645990431,0.8162470967171453,-0.5636117743395284,0.10021568386449065,1.050581173347987,-0.8869788314538487,0.014093289826040458,1.1848201216312642,-0.9946285389587808,-0.08183192670487133,1.302109812402649,-1.0507895159323537,-0.1553435473393344,0.6868004443512319,-0.7254225365988854,0.045467494250167974,0.9040637563257757,-1.1063393130107582,-0.07826102747494369,1.0845523635961032,-1.2094500466911622,-0.2254886873346591,1.2147393037055683,-1.233778025976616,-0.3291730398970833,0.5240310563176299,-0.8378078991586646,-0.038557780638669985,0.7344202083196321,-1.2243772045873698,-0.1896726084046875,0.930572825295044,-1.2834652855461002,-0.3295319909513582,1.0795458944173493,-1.2572226576929708,-0.4144944300376281,0.3423415898784905,-0.9193504379320372,-0.1300365218951486,0.4978537112233203,-1.2759934811786235,-0.2656970621202798,0.6723738917252068,-1.3868515187158768,-0.3672774513204135,0.8426088369723312,-1.3986679063006784,-0.43993573024711313
C,0.0,0.0,0.0,0.4574941188700989,0.07986296221509635,-0.05997721819638294,0.8612722115152609,-0.012607883049206863,-0.06337153277766318,1.1332922087727946,-0.12222470959569201,-0.08199535570725629,1.3094256187561415,-0.3326688925828959,-0.10697518097527603,0.7839875547947598,-0.6362215628511201,0.05455048804710048,0.9937949459546024,-0.9833238013034142,-0.049810348345046995,1.120105878140756,-1.0871475438543559,-0.15111078202533507,1.220125979788311,-1.124271062067621,-0.22163967471555393,0.6482144401752034,-0.7614549863026914,0.002084078481201446,0.8542260546831988,-1.1671756553517818,-0.11590956851355005,1.0216782874299517,-1.2805986733697203,-0.24006419466229692,1.1464035101941996,-1.2913103153348802,-0.3300657180800287,0.48061124568099267,-0.8445919214526213,-0.07821204628525696,0.6852470944010864,-1.2534035601777476,-0.21577206630930648,0.8743399407321902,-1.3683049512114445,-0.32911058347582134,1.0197440003722407,-1.371620477151034,-0.39995128311221484,0.2931106977393008,-0.9047986120393902,-0.16650290237211945,0.4636787150639068,-1.2462429466036848,-0.28421338545783725,0.6391563102330602,-1.3770074894555984,-0.3653036225761923,0.8065839937621695,-1.4180187110447875,-0.42585099997880965
C,0.0,0.0,0.0,0.32080641702232304,0.011179436827296838,-0.10424471034603311,0.6610858435982682,-0.12337440556275993,-0.14929915339753497,0.8816695796525882,-0.19172519444918545,-0.19400939566083686,1.0125556912077398,-0.2894987453440011,-0.24419045603302253,0.5804589865440392,-0.8091942461780579,-0.09206077779948889,0.6859455377083066,-1.2210840869669535,-0.2178835803266493,0.836272004412135,-1.3204580516201228,-0.3172081409029303,0.974227968595959,-1.3133060908073262,-0.3785498879132719,0.43245699656849274,-0.8937519579937984,-0.11911500199895167,0.5842567385712378,-1.296579083108837,-0.22914333605560763,0.7580211156592829,-1.3918656307850037,-0.31847972430646193,0.9082312790030321,-1.368798698298065,-0.3818876203895252,0.2666358407601073,-0.9015725140201779,-0.1674154519493453,0.4177509834116859,-1.2965464784061822,-0.2837133696276335,0.5898133552593253,-1.4302802330008095,-0.3591514069444526,0.7328446191487554,-1.4410030051817786,-0.40362561302954264,0.08254790028945026,-0.8531972745479557,-0.227157157968513,0.21788614423026284,-1.1878972710844131,-0.32548797094589577,0.3622873026540949,-1.3632187215333806,-0.3803608902770337,0.495282481209929,-1.456570458439821,-0.4176945173738819
C,0.0,0.0,0.0,0.32637838352118453,0.015528545940354284,-0.119915091801325,0.6918833497152266,-0.11974442942095606,-0.1566164184243963,0.9216352092448532,-0.24634606275248216,-0.18531375377165799,1.0606958430010174,-0.41393352222483165,-0.2187983842610554,0.6112094810323195,-0.7892056572053516,-0.08991360277925531,0.7160062261328207,-1.1899278277428669,-0.18447704707126988,0.8238492941932452,-1.3464900315065678,-0.2656169175214654,0.9376635363432142,-1.4369215417735761,-0.3273935802903526,0.44854718822191536,-0.8877224873142909,-0.10370248528720276,0.5720529769894981,-1.296621478533229,-0.19010841760938188,0.7007068292579623,-1.4434171089606005,-0.26883482936585923,0.8390863672858898,-1.5074064644814569,-0.33349642329399287,0.2635169098233515,-0.9114245789602512,-0.13810196290377255,0.39227536283457576,-1.3124371306868703,-0.2435747920270935,0.5292612497898487,-1.4943998484035463,-0.31095600526698564,0.6646380319603875,-1.5815523139442442,-0.3549293536655641,0.061346946245025194,-0.886895903266428,-0.18481523794521693,0.1904994383920448,-1.2257764077271738,-0.2912840690888715,0.3157528733455882,-1.4244959857989477,-0.3500599112133529,0.4444339178375024,-1.5637452780105072,-0.39031623649094793
C,0.0,0.0,0.0,0.3498806210809603,0.019905470640947852,-0.1080873952785512,0.7228093093828685,-0.10347716842617376,-0.1432654998329525,0.9681616161066992,-0.211256893018382,-0.17460502452711307,1.0931993470049433,-0.4090919629802538,-0.21247829977212382,0.6493070907196445,-0.7727652669412373,-0.060162941732102564,0.7617568685177794,-1.161478560415192,-0.14808636384611962,0.8649470459477632,-1.3281033846368095,-0.23702451219161536,0.972734399541619,-1.4491706217038902,-0.3085868564227405,0.485893172757253,-0.8700795069969737,-0.0828823031279503,0.6111837649074743,-1.2750332384914178,-0.16388301481024128,0.7379018838001988,-1.433819464283347,-0.2522605319162405,0.8695768461318386,-1.5249962728952051,-0.32775617859549705,0.29550917805585264,-0.9040880906178808,-0.12594175612620653,0.4324523173607493,-1.3057490044669882,-0.2215723959762425,0.5726579088767935,-1.488843036376922,-0.2890801516902797,0.7073547589136804,-1.5915931408697612,-0.33788295051605644,0.08668980125467311,-0.8889672085891738,-0.18122591885500675,0.21776663981898245,-1.228401066302179,-0.2765892425025755,0.34699997028779406,-1.4167001853493764,-0.3283292571534713,0.4788788076503053,-1.5513346984122744,-0.3670793154891504
C,0.0,0.0,0.0,0.3463746538615641,0.010653987893146016,-0.10764089467656672,0.7167714058721271,-0.13569829876826467,-0.13984845414987845,0.9529683205171203,-0.2493289401640442,-0.16832175207055203,1.0952009034592638,-0.42148413570250004,-0.20184971944203536,0.6215687069702481,-0.7896963269733523,-0.06797388456875592,0.7343607713709756,-1.1904604431449077,-0.1609073505140149,0.842099920666071,-1.3472759451924012,-0.24278379282357163,0.9522862311119398,-1.4429485078570787,-0.30545276189045,0.4610121390170336,-0.8829146108582488,-0.08904828809116158,0.587200984686236,-1.2946429833987048,-0.17741651556266175,0.7196792079424779,-1.4470505678762706,-0.2613622831958129,0.8533971016255953,-1.5139729217649747,-0.32988259492087463,0.28023879797820156,-0.9094627655668801,-0.13116289167052173,0.41272143215946216,-1.317128275171834,-0.23479104631705477,0.5541943335154126,-1.49809359169728,-0.30387893883132594,0.690920879054538,-1.5881248820077944,-0.35089516404127663,0.08203117555425046,-0.8892819816194844,-0.1848656907468329,0.20160784412367377,-1.2323514992899698,-0.284820534804624,0.3291679862322449,-1.4264694924834183,-0.341181429977281,0.46287334887837717,-1.563852163119091,-0.38257465308499344
C,0.0,0.0,0.0,0.35176731092601693,-0.026502665971615342,-0.06413978122974608,0.6668907282572081,-0.17750124352809832,-0.08634477947962355,0.906473105177402,-0.27280581288336064,-0.12303873935843611,1.0908110289630704,-0.4558887939874559,-0.1581033440705897,0.5827499102499667,-0.8043794073138933,0.04111210024436007,0.7831884052364911,-1.1268938763616152,-0.07177492118518229,0.9398208293527412,-1.1191575335786006,-0.1681526789739671,1.0578645255496926,-1.0222300363683923,-0.2257495627198847,0.48998045216165453,-0.8717254814389594,-0.003720417916682011,0.6803113694075974,-1.2710843139166565,-0.11787218195193434,0.8689028040751791,-1.2719688777259555,-0.22236913049581228,0.9997520528702791,-1.1444145554682204,-0.2881296092622552,0.3686790238256479,-0.8967708451065164,-0.07512383829175151,0.5437139288975316,-1.3266088298226109,-0.19160039823122071,0.7418626667544687,-1.384200212664323,-0.27450617117900433,0.8888331093871112,-1.3038845255010403,-0.319552891586452,0.2205031236329453,-0.8866790105394766,-0.1565735518175984,0.34261928421607846,-1.2397909357905157,-0.2524584090256929,0.5040520873478008,-1.3681642713337967,-0.31182909270633274,0.6557709841428304,-1.3902008475480125,-0.35000962591398715
C,0.0,0.0,0.0,0.33643358113873995,-0.06863454883716893,-0.007472012544212649,0.6114678539596933,-0.23123657090945085,-0.005302402037833729,0.837122329506634,-0.2935167838803463,-0.027510834190820333,1.0057317749548014,-0.4384072423259482,-0.04880317421121206,0.4743828341856066,-0.8566035994091612,0.13131959691823145,0.6327602084116816,-1.162707136894442,0.05697667624878338,0.7993710278269657,-1.2022688304069373,-0.02201174071267934,0.9381496935904686,-1.1647512975007441,-0.07175704991870731,0.39417539180926214,-0.9166525259203132,0.0661355215895691,0.5572250935516483,-1.2885724562505576,-0.009742678501448599,0.7519505102810159,-1.3414495489049076,-0.09885680581846674,0.90875033782556,-1.284930152188136,-0.1573533197166308,0.2983956794969645,-0.9309259983483222,-0.023061385365231352,0.45456929120422657,-1.3277982283765934,-0.10986239907009564,0.6547861959603559,-1.3918324922274041,-0.17991671683008775,0.8126129990055992,-1.3327603885326378,-0.21764563221719543,0.19108389774579784,-0.8978432373340317,-0.1188637783746592,0.33010990952880537,-1.223760687249564,-0.19006638940854656,0.49368487520432175,-1.3376965949054558,-0.23213615585724182,0.6530965215463089,-1.3552173381899786,-0.25830378070879617
C,0.0,0.0,0.0,0.3297512499357457,-0.06811832015196022,-0.018231999989672357,0.6005224719645196,-0.23042439823519836,-0.02742915005266147,0.826250412104377,-0.29681892751507555,-0.05807483347456573,1.0026918858000247,-0.45282391899385555,-0.08774796824895609,0.468117015770144,-0.8619703120090471,0.10551842070208214,0.6244651583294032,-1.1827902743563896,0.02887625350670033,0.7908192868915684,-1.227447488451728,-0.05017659454372431,0.933001992139249,-1.1939137385186638,-0.10012815019376113,0.38923417953929557,-0.9199978171656147,0.0458341563561047,0.5527564442220291,-1.2869306006795889,-0.03425102982917155,0.7487326012865367,-1.3214150927760246,-0.12523128850120896,0.90234557953907,-1.2410626787140868,-0.18395293725009115,0.2950876033901614,-0.9314860733892285,-0.036136948286901796,0.45246729937043567,-1.3260105596273501,-0.12199459218023795,0.6546552397512938,-1.379251298966758,-0.19190170604499865,0.8088759003988748,-1.3018806833436312,-0.22929298364447795,0.190945176887385,-0.8918560500165584,-0.12503656532954263,0.33328165180497693,-1.2133274332814472,-0.19263663192877659,0.4999286184499247,-1.3267908219963482,-0.23302445488018472,0.6559682172356504,-1.3378865272633416,-0.2578492166674819
C,0.0,0.0,0.0,0.5577823466865854,0.15721317975957907,-0.011666637131280954,0.9640047298923256,0.11667572272364664,0.04731928293728271,1.2481641106154262,9.56299190511027e-05,0.07561610007688804,1.4294893787746523,-0.20324859122626643,0.1005874353350114,0.8926403010103316,-0.390478186264023,0.3053260383542161,1.1534732029662647,-0.7004719786771408,0.27171305184701205,1.2719860267664194,-0.7896116461168542,0.17495163062155325,1.3610961517826272,-0.8269337933115558,0.10058386562550449,0.7786671629555205,-0.5764247647905745,0.24781432539490467,1.0238366719688432,-0.9413316857665459,0.18832536264905703,1.207207807664016,-1.036713667292969,0.027307865850713525,1.3291479902563408,-1.0480500799394756,-0.09049271371163145,0.6284602424712267,-0.7410763985396857,0.15653384435258932,0.8756869983243648,-1.1142275157522057,0.06614349294295187,1.0833095094751939,-1.194049612234671,-0.08025968322895918,1.24852540351326,-1.1871816552679448,-0.17660185506602652,0.4560045945957987,-0.8949334495726577,0.058730690256792166,0.6741225440706781,-1.1919536319951483,-0.016988890220757273,0.8646724886776849,-1.2906140566159974,-0.09396305262688776,1.0446419784307757,-1.301991062740728,-0.1541899331391204
C,0.0,0.0,0.0,0.53228327111932,0.14968246350507186,-0.012621772371307434,0.9267879673724553,0.11416475251309018,0.028540690803022867,1.2209279286810668,0.0007617257131378453,0.03442230410161972,1.4059182112082036,-0.23680476063375763,0.03631827718434271,0.8591303316564286,-0.43075643285582016,0.31690554665553283,1.1286259834352628,-0.6911626565014684,0.26569675757935224,1.2366162692796043,-0.6906309879991587,0.14748251841810062,1.3137476652741449,-0.645928009772025,0.05896983605971792,0.7556695275327225,-0.6057358658384476,0.24909360890118795,1.0057039871876565,-0.9649942687373526,0.17928246639567738,1.1970974926110853,-1.0222304862673026,-0.0013866311728019324,1.3285091636976731,-0.9960588223613956,-0.13765134544708602,0.6213069011108231,-0.7584848553606137,0.1458984221980893,0.8635731895733642,-1.1286526535925971,0.05577553925457055,1.0745976654393343,-1.1885556700254456,-0.09373812505730074,1.2455804777716468,-1.1634057116590506,-0.19778523220531546,0.4636371591451756,-0.8968870348812202,0.03404745829274211,0.6679121337306008,-1.1880635730980427,-0.030320414193674542,0.8492671437147222,-1.2839568827010066,-0.09896695982891375,1.0239257759024203,-1.2956677921526771,-0.15901270496961104
C,0.0,0.0,0.0,0.49072563797005625,0.18675968042784896,-0.10935209158871094,0.893046924644485,0.16137428255432468,-0.09186916348433109,1.1978194414677577,0.027061271336605488,-0.08315558935839805,1.379239917399549,-0.18004326322768438,-0.07198216412207019,0.9393876405600321,-0.24632930469561015,0.2004417756097051,1.2002994100142228,-0.49324344564091666,0.13520145749780244,1.274003453142155,-0.6239326625084574,0.013870047581876715,1.3064362373444172,-0.7239637555838631,-0.07408745141109302,0.8261017924367329,-0.5277077144116468,0.19768762400123335,1.0732346446162422,-0.8446735194416037,0.1025172566821114,1.1946758918656912,-0.951942563466435,-0.06716241249723173,1.232163566911537,-1.0040102938331286,-0.18229465656315846,0.6756816899750355,-0.7450548782981,0.1552949497807631,0.9289152384940741,-1.073886397522973,0.04142002151176085,1.0684629722261636,-1.127068821400792,-0.09710659661615072,1.1439230573817418,-1.1130723976107744,-0.17856889918892244,0.509599585130552,-0.9101596275822295,0.09796366578682811,0.7025120933688769,-1.1856396242083977,0.005611365631348844,0.8554598055322115,-1.282032575827125,-0.07613334469100284,0.9970020061076006,-1.2784162288299388,-0.13341168265975759
C,0.0,0.0,0.0,0.28691165452382483,-0.19235481259520876,-0.005123318800415647,0.49434260308502825,-0.4304719399541535,-0.06079766554860732,0.6958128106107818,-0.532904273842245,-0.14089826384108733,0.8897119520418513,-0.6065058090689706,-0.21889831398648718,0.159326112046192,-1.0019681722597789,-0.032143742358782305,0.30215480309681786,-1.375043618364751,-0.16317360256621996,0.509014329338044,-1.4037311527341787,-0.26268887326559165,0.6767676944680683,-1.3530466554957705,-0.3251643228866891,0.07371055375999029,-0.990905329449691,-0.11257611794956711,0.2818637608596501,-1.4136580774962044,-0.252082260540747,0.5339200305787803,-1.393044152823302,-0.34713605317091834,0.7108534101488062,-1.281106986055529,-0.4001771619670913,0.028325673720931303,-0.8994046203265186,-0.2024842056940257,0.22895827989540968,-1.2985860040735768,-0.3270461402324928,0.4817586634864211,-1.3030750379322624,-0.38638481172825523,0.6634030720341723,-1.2228768058852728,-0.411054277465378,0.020247460637247756,-0.740636808795787,-0.29492202677125207,0.1697008130095672,-1.0452683202284314,-0.3980429972626198,0.3585431121360046,-1.1480024986427209,-0.4450335129291348,0.51374884849697,-1.1674804192229415,-0.46847753119131164
C,0.0,0.0,0.0,0.27891781979782393,-0.17588070967188696,-0.02737124099016935,0.5032796665868612,-0.4236130244113155,-0.09641739491724514,0.720501901284069,-0.5286906822498534,-0.1855577505805045,0.9101702704047827,-0.6123635991768047,-0.27155896232261295,0.1569204062712596,-1.0127837217628632,-0.07077368939662507,0.29628091457311767,-1.4085390767480417,-0.21805320473715822,0.5114267869224004,-1.4523565100653613,-0.32766402912177733,0.6949290992115063,-1.3957050262897635,-0.3941971608436862,0.07448726081710001,-0.9868135013483251,-0.14370372831845554,0.282502829333734,-1.445101032309253,-0.30359264925507373,0.5380612624420962,-1.4372301456461642,-0.4100522733066506,0.7207924076205966,-1.3157717246512104,-0.46594198688091126,0.03297348867189117,-0.8911885136829958,-0.2260540524284281,0.21633706357415972,-1.3208104183208953,-0.3593975246956581,0.48217500622124554,-1.351575899265019,-0.42542025353915447,0.6767420905235828,-1.2721869091633229,-0.45190597421213263,0.02835499641665275,-0.7294708965802269,-0.3127955034818877,0.16589095294394768,-1.0619318621378817,-0.4126787537721594,0.3561426839650337,-1.1815939664111206,-0.4586666071801735,0.5171253918429586,-1.202598097577584,-0.4813230873263556
C,0.0,0.0,0.0,0.28221894000474884,-0.18669764123369278,-0.03356317140538076,0.5156795509416067,-0.42400424759487804,-0.10751013121697704,0.7312913944024517,-0.5231421764791286,-0.20148026509243488,0.9160310455190008,-0.6039305283479174,-0.2928338803991683,0.17496603031982116,-1.0147503419960004,-0.07353976305408835,0.2984641310049999,-1.4100051817841601,-0.22629192694881217,0.5204902803688914,-1.4632697843482083,-0.3406690922174461,0.7137922868826163,-1.405259595450423,-0.40878621007134425,0.09484838822095056,-0.9847602223508223,-0.14577752819775353,0.28199393223838704,-1.4523233677896044,-0.314782393255118,0.5406599025993496,-1.4499437081885511,-0.42889148148912226,0.7285637474381635,-1.3267464981705963,-0.4868167642872771,0.049896880690050875,-0.8906613758461032,-0.2274550392778636,0.20153825030272873,-1.3312561608682423,-0.36501625740746657,0.4727677705040114,-1.366861263052396,-0.4361255339963789,0.6766079048359701,-1.2812657030046222,-0.46325103011840385,0.03722967410290331,-0.7269000896632853,-0.314214702005773,0.15862818647367974,-1.0734143386718646,-0.40812703238960824,0.3499690777623947,-1.1826158191347338,-0.4494235722164485,0.5144725550556181,-1.1853889782332978,-0.46783283439059326
C,0.0,0.0,0.0,0.30382197066048783,-0.2006400478081308,-0.03301187678016147,0.5262148827814206,-0.43501840362129857,-0.10910964648705532,0.7421193622855659,-0.5219724790106633,-0.20749668315370232,0.9474304649368803,-0.5667185122977816,-0.304471173223164,0.20406480286990616,-1.010430781855758,-0.06626505647169854,0.3273467354802687,-1.3878095334783211,-0.21684508771595845,0.5395070913214242,-1.3914388934176243,-0.3341442760725986,0.7167125580418949,-1.3180826920382909,-0.4104916782896533,0.11587753131833017,-0.9831456209047036,-0.14141105272033738,0.294744417050589,-1.4233596523599175,-0.300294287548392,0.5456349602988682,-1.387472522095704,-0.41358520297728096,0.7269097431142972,-1.2548060000922963,-0.4821926698885174,0.06366226379975365,-0.8792607274224813,-0.2278209318068887,0.21898455799429623,-1.2947414635318386,-0.36539056261566594,0.47063429753259,-1.2991487330996832,-0.44124360296402665,0.6592089952647547,-1.2111402874100903,-0.47940301213494935,0.03720297343639292,-0.7176004352982075,-0.3194063871924238,0.15096953739544933,-1.0251520556893694,-0.4240362385549124,0.32899530780656944,-1.1238116026719158,-0.47844011023539096,0.4828756471997321,-1.1384279619073807,-0.5118145144628576
C,0.0,0.0,0.0,0.3279815189282999,-0.28419088970057915,-0.05172811024727426,0.5544801720414075,-0.5556556726554018,-0.15211813688876302,0.7919102588236394,-0.6676750780986177,-0.26844615499898733,1.0043937391123545,-0.6905848157796849,-0.3801892906099501,0.11344476790759517,-1.0532794820198121,-0.1675522986055395,0.2645761550297256,-1.4079106437069173,-0.3744735782137024,0.501939118739057,-1.4326550787139292,-0.5268228078616835,0.7259174029767512,-1.3542088871745055,-0.6236741370763137,0.01704805711499955,-0.9678822639483454,-0.2508252118165738,0.20239268956645332,-1.4173078739129752,-0.4829794518110933,0.4728054765786011,-1.3870190552562158,-0.6228241343384094,0.6849028877720551,-1.256070051846413,-0.697928345630676,-0.024608584325603783,-0.8021111830871609,-0.34252448862262913,0.10322253897684501,-1.169819488254527,-0.5358101237905399,0.3628581505903256,-1.2066544556251173,-0.6274356588143153,0.5610470014363977,-1.1621735195228402,-0.6653841293258558,-0.0272258493235175,-0.5814742551105544,-0.4398707947868581,0.07603778359304475,-0.8659364896104813,-0.5663160004586041,0.24300442176331344,-0.9787008452797645,-0.6254623920105171,0.3921855849957822,-1.0214430887699266,-0.6605481481466787
C,0.0,0.0,0.0,-0.3375726795344446,-0.16017260951081067,-0.09225950711877619,-0.613090133621342,-0.37654837894281906,-0.2187483517124356,-0.8538102176261767,-0.432123183354575,-0.3474642774896061,-1.0202192320870491,-0.48537861393222714,-0.47591526547854673,-0.2872163253625367,-0.9950233971781094,-0.16692316957491243,-0.4986377605027613,-1.324849740048025,-0.3465649260558569,-0.7297536794459433,-1.35925600813587,-0.49264614668218937,-0.9464786605048731,-1.3014831804607425,-0.5768562575392082,-0.22473242808463195,-0.9527949952813227,-0.20414953522859128,-0.5194899588063732,-1.3885475187316136,-0.3809132426714561,-0.7848335012665545,-1.363952237653372,-0.4965480089768058,-0.9635781957256395,-1.2418845526738007,-0.5585056467749793,-0.17358992509149426,-0.8167849562610111,-0.25262847772628744,-0.4194159376769377,-1.1707367694082373,-0.3852858550129069,-0.6862669698122371,-1.1996498578294605,-0.457612744104577,-0.883399281324149,-1.133449740209766,-0.4871747105582334,-0.1637548933867611,-0.6194443200077028,-0.30758011596221846,-0.377912539693063,-0.9100021065965324,-0.3960509984547289,-0.5697011055615999,-1.0012575479380028,-0.4313924267263942,-0.7293593840156538,-1.0277312268986547,-0.44433744250450263
C,0.0,0.0,0.0,-0.34272182924814976,-0.1550994075614183,-0.09710276999433368,-0.6314737696136041,-0.3763989015743335,-0.2287335100688491,-0.8809856636184834,-0.43062497634103314,-0.3608450979376146,-1.041727927093018,-0.4860030417776245,-0.4939659228600567,-0.3080512143079919,-0.9872886146994636,-0.1862842444725125,-0.5198045418772571,-1.3133181386119284,-0.37789414634581636,-0.7482849468941228,-1.362834283830336,-0.5319675181643557,-0.9701157963685789,-1.3142270064344541,-0.622233994133981,-0.24028845035127724,-0.9438458417311582,-0.22675204006708172,-0.545133675940662,-1.389311273501675,-0.4208231143712302,-0.8039287840401655,-1.3614012969046947,-0.5497543931959316,-0.9790697091654955,-1.2416974558275315,-0.6194010537890183,-0.1799594000500068,-0.8074733779458848,-0.2775988059330117,-0.4339305824613441,-1.149027146169717,-0.4252575454166027,-0.7014078170127384,-1.189883531862277,-0.507698510610309,-0.9019720428396876,-1.1389964256475908,-0.5426358370467267,-0.16350655239313422,-0.6116640034766752,-0.33388959231804405,-0.3945084054172765,-0.8926656160108927,-0.42970175024478385,-0.5879099521043605,-0.9916756335003459,-0.4685363725761607,-0.7466134420764777,-1.0341677181331461,-0.4846110030319418
C,0.0,0.0,0.0,-0.35174698954441097,-0.17906995723047434,-0.07941709372149032,-0.6349540681844814,-0.397692245926677,-0.20338817423460143,-0.8840107630574486,-0.43942584913281446,-0.33344171047513593,-1.0450718595859474,-0.4844156538955459,-0.4653490519041886,-0.29337170024335024,-1.0021890967606986,-0.1461548576306119,-0.5117118408976982,-1.332527612815193,-0.31264747925559594,-0.7376140726088871,-1.3748413116474765,-0.4556769740247365,-0.9582351436559361,-1.3377419292613322,-0.5434431985386248,-0.2363841530010343,-0.9527385856795254,-0.1908185514234958,-0.5495166868768961,-1.388976526544207,-0.35296237236492883,-0.8058615517455266,-1.364930511095766,-0.4767185522229833,-0.9787399581092164,-1.2491193041054922,-0.5539524184461712,-0.1901479606657358,-0.8246710472488421,-0.24532633009666274,-0.4556713313174063,-1.1815914988012575,-0.36625757046474877,-0.7170241836963331,-1.2137676876711287,-0.4464329796057392,-0.9119335094288887,-1.148938051563703,-0.4903436943177389,-0.18429708158971295,-0.6385212122152997,-0.305436600808509,-0.4099291317763955,-0.9309613003853953,-0.3854629894131454,-0.6026693392627238,-1.0194833320047756,-0.4228784327643329,-0.7652793518805034,-1.0474880677177354,-0.44466899341364635
C,0.0,0.0,0.0,-0.36107237575416257,0.1280863403107651,-0.09603222591094468,-0.7524678438587521,0.07343240091546277,-0.14406780334943853,-1.0369677993704598,2.701466707465506e-05,-0.20038594972014334,-1.2487678000207774,-0.12377684733170259,-0.2501339493236119,-0.7575184973006208,-0.6299772432561523,0.04449405541363521,-0.9503620446323909,-0.932431930802462,-0.020913597117697153,-1.0811093296500096,-1.0484204931885852,-0.10607975536141039,-1.2239452424630997,-1.1149374661232638,-0.17211847745990114,-0.6588297791327573,-0.7517737412031081,0.027920676305641236,-0.8833070658885118,-1.0544079455693331,-0.027795256764638013,-1.0442173159960746,-1.1691552493614414,-0.10846430353250362,-1.2100207066076434,-1.2252029495035994,-0.17214349053621977,-0.5322007058224952,-0.8309121190972184,-0.016857659392127928,-0.7624092413422251,-1.1226480839010036,-0.08001865565431517,-0.934666958782453,-1.2200090529681695,-0.14848938541083903,-1.1099585976233393,-1.2555915088496388,-0.19598238197554715,-0.3666038466979165,-0.8740324296032805,-0.07663567452694689,-0.5989323800023518,-1.112787512558536,-0.13815544466270102,-0.7640804470771418,-1.1976292531086739,-0.18365206550035035,-0.9215058051320741,-1.2386211782116243,-0.21563126314931005
C,0.0,0.0,0.0,-0.3722188140212747,0.1340657965776428,-0.10025317274678294,-0.7625204640125498,0.09610319453397322,-0.15090555504833375,-1.0469691907172,0.011801387527917965,-0.20818381737716973,-1.253310121345385,-0.12393107510417034,-0.2581652575737342,-0.7718392507393464,-0.6068001652180104,0.032441024528751125,-0.9712514276671513,-0.9136982502001858,-0.038262248761303554,-1.103795766916452,-1.0309042207083265,-0.12481470040591579,-1.2443337238575571,-1.1013240958043922,-0.19040938265897978,-0.6727941854087883,-0.7395843999894678,0.019049917909111085,-0.8992047018125073,-1.0520111231977523,-0.041960240744719116,-1.059831204193845,-1.1669869910275812,-0.1262563598513648,-1.2223853468378323,-1.2223494350023443,-0.19169367688743047,-0.5450383882977153,-0.8280952525586102,-0.022179362914859772,-0.7748727970911209,-1.1256877110518386,-0.09023083607990437,-0.9452528201580499,-1.2201956170925845,-0.16490870334402516,-1.1159912924152218,-1.2464654593343152,-0.21539491673132974,-0.37573572029542385,-0.8822750595659389,-0.07781430501902663,-0.6021743416138725,-1.1258228823083956,-0.14081640647478752,-0.7623839544267199,-1.2024772527945546,-0.18877795927538576,-0.9133735938240822,-1.2275254234650597,-0.222233361087653
C,0.0,0.0,0.0,-0.37115985375403054,0.12609612839532913,-0.09519848283876059,-0.759475496498865,0.08864330928183786,-0.14076764562369304,-1.0422889621579154,0.0011205030248853459,-0.19354085732808735,-1.245666318543032,-0.13883796808090856,-0.2391620239976338,-0.771921075801415,-0.6061283688935394,0.047717711785720714,-0.9700536322011679,-0.9036036397613485,-0.01504079815526585,-1.1005870583036554,-1.012626469510442,-0.09963225625883472,-1.2397162206049097,-1.0791764635962804,-0.16553713372390388,-0.6707368111978066,-0.7409096622724008,0.03413213230366338,-0.8934373931306117,-1.0465861694534704,-0.01833007139059552,-1.0476408123634668,-1.1585642240567755,-0.10212716241289035,-1.2046925163643172,-1.208157441238105,-0.1697209856294094,-0.5424767705326773,-0.827677940691385,-0.0072078584465380385,-0.7690018647558469,-1.1259796568804779,-0.06794059337217911,-0.9334763781601986,-1.2217777094794624,-0.14341159057452732,-1.1011410321797293,-1.244018053527263,-0.1968902103656516,-0.373512535650787,-0.8794941019511778,-0.06272236320741241,-0.5982457501594998,-1.1225336750497683,-0.12212245987084488,-0.7587594054169107,-1.2034145217603494,-0.1711465597550351,-0.911839678409567,-1.2338032378151447,-0.20708955225479003
C,0.0,0.0,0.0,-0.36472575482890185,0.13588974447576338,-0.10089418652140052,-0.7548469914580728,0.09377851418753617,-0.15087210679292526,-1.039517091906352,0.008731150632355663,-0.20751595012070753,-1.2402478609171244,-0.13543611461320434,-0.25591463108952217,-0.7572271014288009,-0.6240757187705707,0.03854137758846408,-0.9535342002293189,-0.9392887089615178,-0.03107060665290218,-1.0844188803824608,-1.054602176815749,-0.11916151802628712,-1.2204519701141063,-1.1155627517879891,-0.1850076287459798,-0.6593919610169573,-0.7513246824492085,0.026710733587968962,-0.8816518964635971,-1.0666927036505935,-0.029011552354880298,-1.039846073720318,-1.1833602722255696,-0.11251162810351216,-1.1984985551414198,-1.2349311764730198,-0.17797742315886975,-0.5328209936883463,-0.8354247208350802,-0.013471549889286066,-0.7593100593551146,-1.1397413570138666,-0.0752779552529308,-0.9259299995251374,-1.235553526372782,-0.1467885337750771,-1.0938206820334084,-1.2641501258709866,-0.19638020507950726,-0.36364710403696804,-0.8840399082302628,-0.06866555712602178,-0.5858816647022871,-1.1353480697654568,-0.1277253676059215,-0.7439333870463298,-1.2113872746588632,-0.17252354239163714,-0.8940047406649901,-1.2345001390692683,-0.2040154127855093
C,0.0,0.0,0.0,-0.35302721188918185,0.10236692761343905,-0.08457574789143453,-0.7272320498903121,0.028733242010672982,-0.1191355163889424,-0.9996709504883866,-0.05810245594679507,-0.162303373755625,-1.1917051394800156,-0.1824978692758923,-0.1989199272264552,-0.6984249334503078,-0.6755900214274052,0.06266760733463575,-0.8792104369098473,-0.9732759428049157,0.015437204641512246,-1.0049466711313075,-1.098329599027128,-0.05920877622334356,-1.1373146563293846,-1.188439346509239,-0.12060166579386024,-0.6092072197023722,-0.7915565796475352,0.04800775644831569,-0.8192704631723031,-1.1042386842626981,0.009529577543230637,-0.9762640548324999,-1.2268904437818435,-0.06529739397600454,-1.131180254084354,-1.290668411400882,-0.12678285065084782,-0.49325913008957495,-0.8644385929318554,0.007218789807201758,-0.7074576033801916,-1.1698789393340852,-0.04387057067371724,-0.8725360994974984,-1.2679269288033101,-0.11392246679222806,-1.038992570999567,-1.3040621713552452,-0.16405852970558485,-0.33753161578147656,-0.8998569276026771,-0.04728356591385838,-0.5430591865681994,-1.1499772767111014,-0.09855862925999828,-0.6930612153253893,-1.227613218161757,-0.14075101145297866,-0.8359749925882417,-1.2577429041645247,-0.1721318777032535
C,0.0,0.0,0.0,-0.2961852705447501,-0.09874855684790125,-0.00642483063318591,-0.539399197862998,-0.3074258373169926,-0.04927077026726386,-0.7554599700960742,-0.3843063296788575,-0.12142958793614923,-0.9210158230839456,-0.4684674705632456,-0.19490380603269788,-0.35433178725517445,-0.9327693363938487,0.043750156593522875,-0.4791089346431639,-1.2583543517746416,-0.063010432341559,-0.6538611862705215,-1.329546179970789,-0.15765269616750197,-0.8067870911288377,-1.3282852166292698,-0.21375499939982548,-0.2803368912397178,-0.9596416224148168,-0.02234242464704172,-0.4674357732838208,-1.3400046302400639,-0.11865110862992749,-0.6865477430616377,-1.3845941585967523,-0.1974404699527183,-0.8474199661006152,-1.3383195065455322,-0.24122348601106594,-0.21082574289433523,-0.9119513793971284,-0.1058402892572594,-0.41841818134017766,-1.258973950562707,-0.1989763394456314,-0.6459252068284198,-1.315053535777406,-0.25962081782449437,-0.8134037024256271,-1.2856837188687726,-0.2851430142292109,-0.16023756959651844,-0.8071050526848911,-0.19291872288390302,-0.3675621077467015,-1.0763771357078802,-0.2611962511305359,-0.5432613515498462,-1.1585064423932323,-0.2953471451335221,-0.6838894175821633,-1.1762066348793982,-0.31027036604617286
C,0.0,0.0,0.0,-0.30061427748344693,-0.10913987675526844,-0.021343846818391743,-0.5439080854253963,-0.31184505177298794,-0.07770751536290782,-0.7642868174307846,-0.38493821492623337,-0.15842747633023022,-0.9313486936761436,-0.4583794715522686,-0.24010399272743158,-0.33759391033091396,-0.9472715452565459,0.008292335465517808,-0.511396011374989,-1.263826096955514,-0.11105579170459176,-0.7032132967469011,-1.3187508643607522,-0.21610965639116675,-0.8715552876365188,-1.2967740961134864,-0.27625295205153183,-0.27580246931125085,-0.9600231180157007,-0.047839427225130404,-0.5152749724886987,-1.320548359422127,-0.15216936009325419,-0.7473345934600013,-1.342794819284147,-0.23734975700842045,-0.9134725311996684,-1.272858924998136,-0.28697368767870396,-0.2267182361963674,-0.8983436668207457,-0.11975818465396128,-0.4530000084407847,-1.2381846480450227,-0.21353265557116252,-0.6864545179103773,-1.2759189324538553,-0.27304247230126666,-0.8559596942126817,-1.2204837896085077,-0.2986108179901763,-0.20539796002497718,-0.7809221110957177,-0.1959674961123011,-0.4131847968240023,-1.0575749666540912,-0.2620227229440497,-0.5887954392393471,-1.1327202288406824,-0.2930584531866159,-0.7280471975388874,-1.1398920679918823,-0.3052976522910663
C,0.0,0.0,0.0,-0.30619713717420094,-0.10769635487447796,-0.0329407547656386,-0.5578037811147424,-0.29588832704542634,-0.0991782420249458,-0.7844235929764924,-0.36612426462082753,-0.18757563678468564,-0.9522459194567826,-0.4312999488586076,-0.2763858162971643,-0.34349908657642453,-0.9484294693862325,0.002431187872331297,-0.5398676091817362,-1.2402756144697062,-0.11880551608917476,-0.7382301117157721,-1.2767479746058217,-0.22746553041278753,-0.9122401897265137,-1.2453866954472987,-0.28980373261755327,-0.2852602585945811,-0.9572406060321206,-0.048135299207663705,-0.5513275000990396,-1.3001744249358917,-0.1533889125430361,-0.7864322226995144,-1.3057861894320086,-0.24163333307878435,-0.9530931063416506,-1.2232646127777984,-0.2929293868237629,-0.23947036130115654,-0.8929958983563495,-0.11472772574763754,-0.4877725833474514,-1.209547581602498,-0.20564848057912669,-0.7287654513193891,-1.2367413515954127,-0.2633374276387299,-0.903073170272811,-1.176231805497443,-0.28726335555913507,-0.22106450267048733,-0.7696299805763472,-0.18672642885350074,-0.44761696120967415,-1.0303065444193629,-0.24604140258612067,-0.6264019788812898,-1.092285179035736,-0.27115717965313496,-0.7648428923055678,-1.093361492276539,-0.2788582817329316
C,0.0,0.0,0.0,-0.3025649758464391,-0.10849465238937588,-0.0355228697084496,-0.5520834487670244,-0.29818800203655965,-0.10325883540572679,-0.7783848049336588,-0.36553042299964184,-0.19324521405540718,-0.9443319194480156,-0.4274972244748501,-0.28263982267740273,-0.34130565889401715,-0.9588781740302686,0.00019825365859650642,-0.5269626580633505,-1.2650149239759634,-0.1241827307814779,-0.7280690497351928,-1.3019653541621792,-0.23268440447632371,-0.9036900829193449,-1.2690644168973857,-0.2934067020611685,-0.28431264219363356,-0.9574508686516604,-0.04953943486815243,-0.541816139768282,-1.3025609048928093,-0.156247918905598,-0.7793357417411524,-1.3064503480562115,-0.24255440210304086,-0.943249378171329,-1.2231421085716323,-0.29112900857006574,-0.23820624964113626,-0.8871348348053197,-0.11615599462200277,-0.4820322441603322,-1.2011141129107326,-0.20894861128496492,-0.723509882050042,-1.2256907524404856,-0.26441967000800115,-0.895358133761677,-1.1654135651149038,-0.28537873942365455,-0.21736017373434371,-0.7587820401954672,-0.18844076201458435,-0.43621390516557623,-1.0229718909624494,-0.24686924186034812,-0.6131320795269322,-1.0804853844349769,-0.26881217170497756,-0.7497108735952458,-1.0760195641058816,-0.2735411334599064
C,0.0,0.0,0.0,-0.3063446363153726,-0.10557591620319876,-0.02540100434363046,-0.5592680465202816,-0.3010946025143665,-0.08668527074514955,-0.7866455386042899,-0.3686254968876821,-0.17200759209335165,-0.9497467326338734,-0.44172544315540235,-0.25747358291603956,-0.34305024997421285,-0.9529742493007302,0.009453740963794172,-0.5288425730272003,-1.2608337267488285,-0.10972661906401542,-0.7280523688521743,-1.2978672650975835,-0.216268293721278,-0.904635091176164,-1.2615112578434096,-0.27743027435194206,-0.2862752854301022,-0.9570985432814609,-0.04482007809474522,-0.5463333292725975,-1.3087641710554843,-0.14902590785001193,-0.784216646758386,-1.3148623107692001,-0.23685388983340805,-0.9486523908154582,-1.2287933703520515,-0.28810384065477745,-0.24079316554356733,-0.8872782037753739,-0.11480950798620795,-0.48193521776683,-1.210931505918479,-0.20445936127668002,-0.7229939618246987,-1.24027406322706,-0.26183669063871234,-0.8949630671532947,-1.1794018843542526,-0.2861802857041415,-0.2221004685965894,-0.7579853705338445,-0.18970621390693765,-0.439660552213585,-1.0201108243555557,-0.25001995367645996,-0.6179088980517263,-1.088849237298977,-0.27685157049244224,-0.7558231367896985,-1.0966913605830628,-0.2860109704047123
C,0.0,0.0,0.0,-0.2980586134325836,-0.11031162671302856,-0.03766490452062025,-0.5488279591649728,-0.30262502419432497,-0.1037458271038503,-0.7748482930494069,-0.3755386976118771,-0.19224545430529227,-0.9375413799627538,-0.45085602260728413,-0.28019454012087724,-0.3450978984597918,-0.9498859788687632,0.0017918581325522924,-0.5278281419950697,-1.2621947863978324,-0.11860208146529345,-0.7193930459020502,-1.3117388978083624,-0.22426375775240817,-0.8892354554572222,-1.292629495062976,-0.2844809930145716,-0.2863397893341513,-0.9569913045601426,-0.046660133308321604,-0.5391173595071264,-1.30936742581823,-0.15348924288184285,-0.7731164130909585,-1.3201628593740464,-0.23956097018615022,-0.9368768805665614,-1.239717162568025,-0.28805385900537805,-0.23826948486075783,-0.8916060184194526,-0.11207757915174875,-0.4763164396911629,-1.2194459312613888,-0.20604392971169186,-0.7146075594159828,-1.247477261057048,-0.2615349471069831,-0.8831864201876971,-1.1861340583843596,-0.281840744199584,-0.21403752808332835,-0.7675953412267804,-0.18354705721606449,-0.4248174637778809,-1.0380808658289862,-0.2466467063262465,-0.5998713302938887,-1.103517966560077,-0.27253436652395624,-0.7352666729283034,-1.1020041623952628,-0.27919835916902724
